Category,Organization / Business Name,Type,Contact Person,Email,Phone,Website,Service Area,Capabilities / Keywords,Verification Tier,Notes,Source(s),Seed Source
Legal & Licensing,'68 Partners LLC,Business,"Sheri L. Tarr, JD — Founder / Chief Advisor",,,https://68partners.com/,National; current Ohio industry engagement; no Ohio client disclosed,Legal; Licensing; Regulatory Compliance,Source-verified,"Retained. Current first-party materials confirm cannabis licensing, compliance and regulatory work across multiple states; Sheri Tarr appears on the Ohio Cannabis Health & Business Summit speaker roster. This establishes Ohio industry engagement, not an Ohio client engagement. FORM-ONLY TERMINAL: the current site routes inquiries through its contact form or free-consultation booking page and does not publish a readable first-party email or phone.",https://68partners.com/meet-68-partners/ | https://68partners.com/cannabis-license-applications-build-out-support/ | https://68partners.com/contact/ | https://68partners.com/book-a-call-online/ | https://ochbs.com/speakers/,"Original expo CRM | Research cleanup — 2026-08-14; QA'd 2026-08-14 | Legal & Accounting issue-resolution pass, 2026-08-22; source pages retrieved and reviewed | Legal & Licensing outreach-enrichment pass, 2026-08-23; form-only intake verified"
Technology,"365 Cannabis (acquired by Innovia Consulting, Feb 2026 — see Innovia entry)",Business,Partnership & Integration Team — event/partner inquiries,info@ampleorganics.com,888-609-6766,https://www.365cannabis.com/contact/,Statewide / Multi-Market,Technology,Source-verified,"Innovia Consulting acquired 365 Cannabis and 365Vertical in February 2026, and those teams joined Innovia. Retained as a former-brand/acquired-entity record for provenance and name recognition — do NOT count as an independent current organization alongside the Innovia entry.",https://www.365cannabis.com/contact-partnership-integration/ | https://www.365cannabis.com/privacy-policy/ | https://www.cannabismarketspotlight.com/ohiovalley,"IgniteIt Network | Organizations | Batch 4 audit, 2026-08-15; source pages retrieved and reviewed | Technology audit, 2026-08-22; source pages retrieved and reviewed"
Real Estate / Build-Out,420 Property,Business,Ryan George — CEO,support@420property.com,866-742-0776,https://www.420property.com/ohio/,Ohio and nationwide,Real Estate / Build-Out; Real Estate,Source-verified,"Flag cleared: platform is current and both contact routes are first-party. Individual property listings should still be independently verified, but that is a property-level caveat, not a reason to flag the company. Platform is operated by NNVOY LLC; George identified as CEO via LinkedIn and a 2026 business profile.",https://www.420property.com/ohio/,"Research pass — 2026-08-14; QA'd 2026-08-14 | Batch 4 audit, 2026-08-15; source pages retrieved and reviewed | Pass 1 research, 2026-08-16; source pages retrieved and reviewed | Reconciliation pass against a duplicate/older-snapshot research round, 2026-08-16; source pages retrieved and reviewed"
Marketing & Media,5W Public Relations,Business,"Leigh Ann Ambrosi — Managing Partner & EVP, Consumer Lifestyle",info@5wpr.com,212-999-5585,https://www.5wpr.com/contactus/,United States nationwide,Marketing / Media; PR / Communications,Source-verified,Current first-party material confirms a national PR agency with a dedicated cannabis practice. Ohio-specific client work is not claimed; current national availability resolves the former geography flag.,https://www.5wpr.com/practice/cannabis-marketing-agency.cfm | https://www.5wpr.com/contactus/,"Research pass — 2026-08-14 | Batch 9 audit, 2026-08-15 | Pass 1 research (round 9, from v52 queue), 2026-08-16; source pages retrieved and reviewed | Marketing & Media audit, 2026-08-22; source pages retrieved and reviewed"
Cultivator / Processor / Dispensary,A Dose of Hope,Business,Hope Seavers — Co-Founder & CEO,,937-471-4440,https://adoseofhopebrand.com/where-to-buy/,Ohio,Cannabis Operator; Processing; Edibles / Infused Products,Source-verified,The current first-party where-to-buy page supplies a brand phone and the official site supplies a contact form. Retain as an Ohio edibles brand rather than a DCC license holder; the licensed manufacturing partner remains unresolvable from reliable public evidence.,https://adoseofhopebrand.com/where-to-buy/ | https://adoseofhopebrand.com/our-story/ | https://www.ideastream.org/economy/2025-02-24/women-tear-down-the-walls-of-ohios-cannabis-industry,"Organizations | Speakers | Research cleanup — 2026-08-14; source pages retrieved and reviewed | Cultivator / Processor / Dispensary issue-resolution pass, 2026-08-22; source pages retrieved and reviewed; DCC roster checked | Operator outreach-enrichment pass, 2026-08-22; source pages retrieved and reviewed"
Packaging & Labeling,A-ROO Company,Business,Mike Poretsky — Ohio Branch Sales Manager,mporetsky@a-roo.com,440-238-8850 ext. 109,https://www.a-roo.com/our-story,Northeast Ohio / Cleveland-Akron,Packaging / Labeling,Source-verified,Own site sells bulk cannabis packaging bags — category is direct from source URL.,https://www.a-roo.com/items/bulk-cannabis-bags,"Organizations | Batch 2 audit, 2026-08-15; source pages retrieved and reviewed"
Cultivator / Processor / Dispensary,ACA Dispensary,Business,,info@acadispensary.com,330-568-4328,https://acadispensary.com/ohio/,"Hubbard, Ohio",Dispensary / Retail,Source-verified,"Current first-party Ohio page confirms ACA Dispensary at 437 E Liberty St, Hubbard. The current DCC roster places CCD000022-00 at that exact address under B Cubed Operations Ohio, LLC. The same entity's provisional CCD000187-00 at 3300 Needmore Rd, Dayton remains unresolved and is not attributed to ACA.","https://acadispensary.com/ohio/ | Ohio DCC Current Roster, B Cubed Operations Ohio, LLC / CCD000022-00","DCC legal-entity → trade-name mapping, 2026-08-23; source pages retrieved and reviewed; roster-verified"
Testing Labs,"ACT LAB (ACT Laboratories, Inc.)",Business,Tahaney Abuzahrieh — Ohio Lab Manager | Everett Sanders — Director of Business Development,OhioSales@actlab.com | labs@actlab.com,844-822-8522,https://actlab.com/ohio/,Statewide / Columbus,Cannabis Testing; Compliance Testing; Potency Testing; Microbial Testing; Mold / Microbial,Source-verified,"Ohio cannabis and hemp compliance and R&D testing laboratory. The current Ohio page lists Columbus operations and Ohio laboratory license CCL000016-00; company and credential details rechecked 2026-08-14. Verified against the current Ohio DCC testing-laboratory roster: dual-use laboratory holding a Certificate of Operation under licence CCL000016-00. Capability note: microbial and potency testing are tagged for every DCC-licensed laboratory because they form part of the state-mandated compliance panel every licensed lab must run — this is inferred from licensure, not from the lab's own marketing. Confirm the full test menu and any specialist capability directly.",https://elicense.com.ohio.gov/s/licensesearch | https://com.ohio.gov/divisions-and-programs/cannabis-control/about-dcc/licenses/testing-labs,Research pass — 2026-08-14; QA'd 2026-08-14; licence verified against Ohio DCC roster — 2026-08-15
Marketing & Media,Advance Ohio,Business,Dan Rensel — Senior Director of Sales,marketing@advance-ohio.com,216-999-3900,https://www.advance-ohio.com/contact/,Ohio statewide; Cleveland-based,Marketing / Media,Source-verified,"Cleveland/Ohio cannabis marketing work and phone confirmed current. SOURCE CAVEAT: its cannabis page still describes the adult-use transition as something that will occur in late 2024 — good vendor, dated regulatory/market copy. Chosen over a publisher/editor contact since this row is an advertising/marketing resource.",https://www.advance-ohio.com/expertise/cannabis/,"Research pass — 2026-08-14 | Batch 9 audit, 2026-08-15; source pages retrieved and reviewed | Pass 1 research (round 9, from v52 queue), 2026-08-16; source pages retrieved and reviewed | Marketing & Media audit, 2026-08-22; source pages retrieved and reviewed"
Banking & Financial Services,Advanced Flower Capital,Business,Robyn Tannenbaum — Investor Relations,ir@advancedflowercapital.com,561-510-2293,https://www.afcbdc.com/,Ohio transaction history | United States,Banking / Financial Services; Lending / Financing,Source-verified,Current lender with a documented $15 million senior secured credit facility to Story Ohio; the transaction confirms Ohio relevance.,https://www.afcbdc.com/ | https://www.globenewswire.com/news-release/2025/02/18/3027781/0/en/advanced-flower-capital-provides-15-million-senior-secured-credit-facility-to-story-ohio.html,"Research pass — 2026-08-14; QA'd 2026-08-14 | Batch 8 audit, 2026-08-15; source pages retrieved and reviewed | Banking & Financial Services audit, 2026-08-22; source pages retrieved and reviewed"
Banking & Financial Services,Aeropay,Business,"Daniel ""Dan"" Muller — Founder & CEO",canna.activations@aeropay.com,,https://www.goaeropay.com/,Ohio | United States,Banking / Financial Services,Source-verified,Current provider plus an Ohio RISE dispensary page corroborate active Ohio use of Aeropay's bank-to-bank payment service.,https://www.goaeropay.com/ | https://oh.risecannabis.com/dispensaries/ohio/cleveland/,"Research pass — 2026-08-14; QA'd 2026-08-14 | Batch 8 audit, 2026-08-15; source pages retrieved and reviewed | Pass 1 research (round 7, from v50 queue), 2026-08-16; source pages retrieved and reviewed | Banking & Financial Services audit, 2026-08-22; source pages retrieved and reviewed"
Marketing & Media,Agensea,Business,,info@agensea.co,,https://agensea.co/cannabis-branding-marketing-creative-agency/,Nationwide; United States,Marketing / Media,Source-verified,"Upgraded from Legacy on strong first-party evidence: the current site explicitly markets an Ohio Cannabis Marketing Agency offering, names major Ohio markets, and states it has portfolio work in Ohio. No individual applies — current site has a Team section but does not expose defensible individual names; also note this Ahmedabad-based marketing agency should not be conflated with unrelated companies using the same name.",https://agensea.co/cannabis-branding-marketing-creative-agency/,"Research pass — 2026-08-14 | Batch 9 audit, 2026-08-15; source pages retrieved and reviewed | Pass 1 research (round 9, from v52 queue), 2026-08-16; source pages retrieved and reviewed | Marketing & Media audit, 2026-08-22; source pages retrieved and reviewed"
Legal & Licensing,Ainslie Consulting,Business,Joseph Wright — Owner,admin@ainslie.us,,https://www.ainslie.us/services,"Chicago, Illinois; U.S. cannabis licensing and regulatory consulting; no Ohio engagement identified",Legal; Licensing; Regulatory Compliance,Source-verified,"Retained as a national cannabis-specialist consultancy. The official site confirms licensing, regulatory-affairs and compliance services and now provides the organizational outreach route admin@ainslie.us plus a contact form. Current public profiles identify owner Joseph Wright and Chicago headquarters. No Ohio or DCC engagement is publicly identified.",https://www.ainslie.us/services | https://www.ainslie.us/contact-us | https://www.linkedin.com/company/ainslieconsulting | https://www.linkedin.com/in/josephmwright,"Research pass — 2026-08-14; QA'd 2026-08-14 | Batch 6 audit, 2026-08-15 | Pass 1 research (round 5), 2026-08-16; source pages retrieved and reviewed | Legal & Accounting issue-resolution pass, 2026-08-22; source pages retrieved and reviewed | Legal & Licensing outreach-enrichment pass, 2026-08-23; first-party contact route reviewed"
Consulting,AirMD,Business,Simon Hahessy — Founder & Scientific Director,info@airmd.com,888-462-4763,https://airmd.com/areas-served/ohio/,"Ohio — Columbus, Cleveland and Cincinnati metros; national network",Indoor Air Quality; Mold / Microbial Assessment; Industrial Hygiene; Environmental Monitoring,Source-verified,"National environmental-testing network with current Ohio service coverage, including Columbus, Cleveland, Cincinnati, Dayton and Toledo, for mold, asbestos, chemical, building-science and industrial-hygiene needs. No cannabis-specific practice is published; included as an Ohio-serving horizontal capability, not a cannabis specialist.",https://airmd.com/areas-served/ohio/ | https://airmd.com/about-us/ | https://airmd.com/author/simon/,"Facility & EHS gap research — 2026-08-16; source pages retrieved and reviewed | Pass 1 research (round 12, final), 2026-08-16; source pages retrieved and reviewed | Consulting issue-resolution pass — 2026-08-22; current Ohio service-area and company pages retrieved and reviewed"
Consulting,Allay Consulting,Business,"Kim Anzarut (Stuck) — Owner, founder and CEO",,970-308-4141,https://allayconsulting.com/contact/,"All 50 states, Canada and Mexico",Consulting; Regulatory Compliance; EHS / OSHA / EPA,Source-verified,"Current first-party contact page supplies a direct business phone and inquiry form. The current site confirms the former-regulator team and nationwide cannabis, hemp, product-safety, OSHA and cGMP compliance practice.",https://allayconsulting.com/contact/ | https://allayconsulting.com/about-us/,"Research pass — 2026-08-14; source pages retrieved and reviewed; Batch 10 audit — 2026-08-15; source pages retrieved and reviewed | Consulting outreach-enrichment pass, 2026-08-23; source pages retrieved and reviewed"
Out of scope — flagged for removal or separate list,Alleaves,Business,,,786-730-6004,https://alleaves.com/contact-us/,United States; no verified current Ohio deployment,Technology,Source-verified,"Moved to the retained separate-list/out-of-scope bucket after Ohio-referral review. Alleaves remains a current cannabis POS, ecommerce and traceability platform with an active demo route and phone. Current first-party product and integration materials establish general BioTrack/state-traceability capability and identify a Queens, New York customer, but no Ohio operator/client or Ohio-specific configuration was found. The published support inbox was not repurposed as a sales contact. Preserve as a national reference; do not present as Ohio-referral-safe without current Ohio evidence.",https://alleaves.com/solutions/sell-point-of-sale/ | https://alleaves.com/about-us/alleaves-biotrack-integration/ | https://alleaves.com/contact-us/,"Research pass — 2026-08-14; QA'd 2026-08-14 | Batch 5 audit, 2026-08-15 | Pass 1 research (round 3), 2026-08-16; source pages retrieved and reviewed | Technology audit, 2026-08-22; source pages retrieved and reviewed | v67-TECH2 Technology disposition pass, 2026-08-23; first-party product, integration and contact pages retrieved and reviewed"
Real Estate / Build-Out,Allspace,Business,,hello@goallspace.com,856-424-1161,https://goallspace.com/,Nationwide fabrication and installation,Real Estate / Build-Out,Source-verified,"Strong current cannabis relevance: a dedicated cannabis-retail practice, with Curaleaf and Zen Leaf named among representative client experience — both of which are entries in this Directory. No individual applies — current site explicitly says it will connect inquiries with the right team; no public cannabis lead is designated.",https://goallspace.com/cannabis-retail,"Research pass — 2026-08-14; QA'd 2026-08-14 | Batch 7 audit, 2026-08-15; source pages retrieved and reviewed | Pass 1 research (round 6), 2026-08-16; source pages retrieved and reviewed"
Insurance,AlphaRoot,Business,Brendan O'Connor — Managing Director,info@alpharoot.com,646-854-1093,https://alpharoot.com/cannabis-insurance/ohio/,Ohio,Insurance,Source-verified,"Actively markets Ohio cannabis insurance, so the entity belongs here. Source caveat: its Ohio regulatory copy contains outdated statements about recreational cannabis — use the page for service verification, not as regulatory authority. Current AlphaRoot management page; identifies AlphaRoot as The Baldwin Group's cannabis-insurance arm.",https://alpharoot.com/cannabis-insurance/ohio/,"Research pass — 2026-08-14; QA'd 2026-08-14 | Batch 4 audit, 2026-08-15; source pages retrieved and reviewed | Pass 1 research, 2026-08-16; source pages retrieved and reviewed | Reconciliation pass against a duplicate/older-snapshot research round, 2026-08-16; source pages retrieved and reviewed"
Technology,"Alpine IQ (AIQ; incl. AIQ Ecommerce, formerly Dispense)",Business,Nicholas Paschal — CEO,,303-219-6233,https://aiq.com/,"Ohio deployment documented at Elevated Growth, Columbus | National",Technology; Ecommerce / Online Ordering,Source-verified,"Ohio deployment confirmed. Elevated Growth's current first-party Columbus dispensary site routes its newsletter/rewards signup directly to a live lab.alpineiq.com enrollment page, establishing active AIQ marketing/loyalty use by a named Ohio operator already in this Directory. This evidence supports the marketing/loyalty relationship only; it does not prove AIQ ecommerce or POS use at Elevated Growth. AIQ's current site and about page confirm the Alpine IQ identity, Nicholas Paschal as CEO, its current product suite and demo route.",https://aiq.com/ | https://aiq.com/about | https://www.elevatedgrowth.com/online-ordering/ | https://lab.alpineiq.com/join/c/3103/5853,"Research pass — 2026-08-14; QA'd 2026-08-14 | Batch 5 audit, 2026-08-15 | Pass 1 research (round 4), 2026-08-16; source pages retrieved and reviewed | Technology audit, 2026-08-22; source pages retrieved and reviewed | v67-TECH2 Technology disposition pass, 2026-08-23; current AIQ identity and Elevated Growth deployment evidence retrieved and reviewed"
Banking & Financial Services,Alta Real Estate Fund,Business,,ir@alta-financial.com,,https://www.alta-fund.com/,United States — nationwide,Banking / Financial Services; Lending / Financing,Source-verified,Current first-party pages state that Alta finances regulated cannabis operators across the USA and reports more than $70 million invested as of Q1 2026. Prior Ohio-availability issue resolved.,https://www.alta-fund.com/ | https://www.alta-fund.com/fund-ii.html,"Research pass — 2026-08-14; QA'd 2026-08-14 | Batch 8 audit, 2026-08-15 | Pass 1 research (round 7, from v50 queue), 2026-08-16; source pages retrieved and reviewed | Banking & Financial Services audit, 2026-08-22; source pages retrieved and reviewed"
Out of scope — flagged for removal or separate list,Altaqua,Business,,info@altaqua.com,+86 138 0922 0755,https://altaqua.com/,International; no verified current Ohio installation or client,HVAC / Climate Control; Dehumidification; Cultivation,Source-verified,"Moved to the retained separate-list/out-of-scope bucket after Ohio-referral review. Altaqua remains a current purpose-built grow-room HVAC manufacturer with commercial cannabis/CEA systems, international contact routes and project examples in the United States and other countries. Its project material does not identify an Ohio facility or client, and it is an equipment manufacturer rather than a documented Ohio installing contractor. Preserve as a national/international reference; do not present as Ohio-referral-safe until a current Ohio installation or partner is documented.",https://altaqua.com/ | https://altaqua.com/grow-room-hvac-project,"Facility & EHS gap research — 2026-08-16; source pages retrieved and reviewed | Pass 1 research (round 6), 2026-08-16; source pages retrieved and reviewed | v67-RE2 Real Estate / Build-Out disposition pass, 2026-08-23; first-party product, project and contact pages retrieved and reviewed"
Nonprofit & Advocacy,Americans for Safe Access,Nonprofit,Steph Sherer — press contact for Ohio town hall,steph@safeaccessnow.org | info@safeaccessnow.org,(202) 857-4272,https://www.safeaccessnow.org/ohio_judiciary,Ohio / United States,Nonprofit / Advocacy; Veteran Services / Advocacy; Policy Advocacy,Source-verified,"ASA documents Ohio legislative advocacy and an Ohio town hall in Chesterland organized with Veterans Initiative 22. Its official directory does not list a standing Ohio chapter, so outreach routes through ASA's national office and Ohio partner.",https://www.safeaccessnow.org/emergency_town_hall_to_address_urgent_threat_to_federal_medical_cannabis_protections | https://www.safeaccessnow.org/asa_chapters_and_affiliates,Research pass — 2026-08-14; Ohio-presence verification pass — 2026-08-14; source pages retrieved and reviewed; Batch 10 audit — 2026-08-15; source pages retrieved and reviewed
Cultivator / Processor / Dispensary,Amplify,Business,Amplify Columbus Store Team — General inquiries,support@amplifydispensary.com,614-656-7222,https://amplifydispensary.com/contact-us/,Central Ohio,Cannabis Operator; Processing; Dispensary / Retail,Source-verified,"Ohio dispensary brand owned by Buckeye Relief (per Amplify's own self-identification). Split out of a combined ""Amplify / CannAscend"" record — CannAscend Ohio Processing is a separately licensed processor under the Cannabist/Columbia Care corporate family and is not affiliated with Amplify/Buckeye Relief. Documented current wholesale/distribution relationship: named as a current Ohio dispensary partner carrying Klutch Cannabis products, per Klutch's own statewide locator. Klutch is also an entry in this Directory.",https://amplifydispensary.com/about-us/faq/,"Organizations | Batch 2 audit, 2026-08-14; source pages retrieved and reviewed | Pass 2 B2B relationship mapping (round 5), 2026-08-16; source pages retrieved and reviewed"
Insurance,Amwins Program Underwriters,Business,John Deneen — Program Manager,john.deneen@amwins.com | cannabis.apu@amwins.com,303-865-6960,https://www.amwins.com/products/cannabis,"All legal-cannabis U.S. states, including Ohio",Insurance,Source-verified,Phone and both listed emails confirmed current.,https://www.amwins.com/products/cannabis,"Research pass — 2026-08-14; QA'd 2026-08-14 | Batch 4 audit, 2026-08-15; source pages retrieved and reviewed"
Consulting,Ananda Strategy,Business,Hirsh Jain — Founder,hirsh@anandastrategy.com,510-468-1690,https://www.anandastrategy.com/,Ohio and multi-market,Consulting,Source-verified,Current first-party site supplies Hirsh Jain's direct business email and phone and explicitly names Ohio among Ananda Strategy's operating markets.,https://www.anandastrategy.com/ | https://www.anandastrategy.com/about | https://ochbs.com/speakers/,"Organizations | Speakers | Batch 2 audit, 2026-08-14; source pages retrieved and reviewed | Consulting outreach-enrichment pass, 2026-08-23; source pages retrieved and reviewed"
Cultivator / Processor / Dispensary,Ancient Roots,Business,David Haley — Founder & CEO,contact@ancientrootsohio.com,937-302-4769,https://www.ancientrootsohio.com/contact/,Southwest Ohio / Cincinnati,Cannabis Operator,Source-verified,Current Ohio cannabis operator/brand confirmed.,https://www.ancientrootsohio.com/why-ancient-roots-ohio-marijuana,"Organizations | Batch 2 audit, 2026-08-14; source pages retrieved and reviewed"
Real Estate / Build-Out,Anderson Porter Design,Business,Brian Anderson — Founding Partner,info@andersonporter.com,617-354-2501,https://www.andersonporter.com/contact,Licensed in Ohio | Nationwide reach,Real Estate / Build-Out; HVAC / Climate Control; Architecture / Engineering,Source-verified,"The Wintersville dispensary project for Ohio Valley Natural Relief is documented. CROSS-REFERENCE: this Directory has already established that OVNR is the legal entity now operating as a Greenlight Dispensary location at that same Wintersville site — so this is a historical OVNR / current Greenlight-site relationship, not two unrelated clients. Documented historical→current relationship through acquisition: Anderson Porter's portfolio identifies a 2018 dispensary design project for Ohio Valley Natural Relief in Wintersville. Contemporaneous Ohio reporting indicates Greenlight purchased Ohio Valley Natural Relief in 2024, and Greenlight currently operates that same Wintersville location — already documented in this Directory as an alias relationship on the Ohio Valley Natural Relief / Greenlight Dispensary rows. This adds an architecture/design provenance layer to a relationship this Directory had already partly mapped.",https://www.andersonporter.com/cannabis-portfolio/ovnr-dispensary | https://www.andersonporter.com/our-team,"Research pass — 2026-08-14; QA'd 2026-08-14 | Batch 7 audit, 2026-08-15; source pages retrieved and reviewed | Pass 2 B2B relationship mapping (round 2), 2026-08-16; source pages retrieved and reviewed"
Security & Cash Logistics,Apple Water Management,Business,,info@applewatermanagement.com,951-334-5966,https://applewatermanagement.com/,United States; Ohio availability not published,Security / Cash Logistics; Cash Management,Source-verified,"Current first-party pages confirm cannabis-specific ATM and cash-management service plus Operational Security Solutions as the CIT partner. Retained as a national cannabis-specialist option; Ohio coverage is not publicly stated and must be confirmed before referral. No individual contact is published, so the organizational route remains.",https://applewatermanagement.com/ | https://applewatermanagement.com/company-2/,"Research pass — 2026-08-14; QA'd 2026-08-14 | Batch 5 audit, 2026-08-15 | Pass 1 research (round 6), 2026-08-16; source pages retrieved and reviewed | Security & Cash Logistics source-repair pass; source URLs retrieved and reviewed 2026-08-22"
Accounting & Tax,Aprio,Business,"Melissa Harrington — Partner, Tax",,602-776-6329,https://www.aprio.com/cannabis-accounting/,"Nationwide, including Ohio",Accounting; Tax,Source-verified,"Active cannabis accounting/advisory practice confirmed. Harrington leads Aprio's cannabis industry group — via the Price Kong acquisition (Phoenix, AZ), consistent with this row's existing note that Aprio's cannabis practice is Arizona-centered rather than evidence of Ohio service.",https://www.aprio.com/cannabis-accounting/,"Research pass — 2026-08-14; QA'd 2026-08-14 | Batch 4 audit, 2026-08-15; source pages retrieved and reviewed | Pass 1 research, 2026-08-16; source pages retrieved and reviewed | Reconciliation pass against a duplicate/older-snapshot research round, 2026-08-16; source pages retrieved and reviewed"
Security & Cash Logistics,ArcadianAI,Business,Marie Roohi — CEO & Co-Founder,sales@arcadian.ai,800-288-9192,https://www.arcadian.ai/pages/cannabis-security,United States and Canada; remote cloud service with Ohio-hosted infrastructure available,Security / Cash Logistics,Source-verified,"Current first-party evidence confirms a cannabis-specific AI/cloud video-security service for multi-site U.S. and Canadian operators, with Ohio-hosted infrastructure available. Local installation is not necessary to establish availability for this remote service, but installation responsibility and retention configuration should be confirmed for each site. Treat vendor compliance claims as marketing, not current Ohio DCC legal authority.",https://www.arcadian.ai/pages/cannabis-security,"Research pass — 2026-08-14; QA'd 2026-08-14 | Batch 5 audit, 2026-08-15 | Pass 1 research (round 3), 2026-08-16; source pages retrieved and reviewed | Security & Cash Logistics pass, 2026-08-22; source pages retrieved and reviewed"
Real Estate / Build-Out,ARCO National Construction,Business,"Paul DiGiacobbe — Business Development, Cleveland",,513-272-2333,https://www.arconational.com/contact/,Ohio offices | Nationwide,Real Estate / Build-Out; Construction / Build-Out,Source-verified,"OPEN ISSUE RESOLVED. ARCO's current Cleveland team page explicitly lists Paul DiGiacobbe in Business Development, and the current Ascension BioMedical project page identifies him in that same role. The firm and contact are now directly confirmed. Documented client relationship: Ascension BioMedical (Oberlin, OH) — ARCO is delivering a 28,000 SF new facility plus renovation of the existing 19,000 SF cultivation facility. Ascension BioMedical is also an entry in this Directory. These dimensions closely match the expansion Dominion AG announced in 2024 for preconstruction; this appears to be one continuous project with DAG handling early-stage preconstruction/design and ARCO handling construction delivery, not two unrelated projects. The reason for the contractor transition is not established in available sources.",https://www.arconational.com/cannabis-construction/ | https://www.arconational.com/cleveland-construction-company/ | https://www.arconational.com/ascension-biomedical-expands-cannabis-cultivation-capabilities-in-oberlin-ohio/,"Research pass — 2026-08-14; QA'd 2026-08-14 | Batch 7 audit, 2026-08-15 | Pass 2 B2B relationship mapping (round 2), 2026-08-16; source pages retrieved and reviewed | Real Estate / Build-Out pass, 2026-08-22; source pages retrieved and reviewed"
Consulting,Arcview Consulting,Business,David Abernathy — Principal,info@arcviewconsulting.com,,https://arcviewconsulting.com/,U.S. and international multi-market; Ohio-specific engagement not identified,Consulting; Regulatory Compliance,Source-verified,"Current first-party site confirms the consulting team and active licensing, compliance, transactions and growth services. The site now publishes a protected organizational email link; Arcview’s company post corroborates info@arcviewconsulting.com. This is a general company route, not David Abernathy’s direct address; the Discuss a Project form remains available.",https://arcviewconsulting.com/ | https://arcviewconsulting.com/cannabis-licensing-and-compliance/ | https://www.linkedin.com/posts/arcviewgroup_nycannabis-cannabisindustry-cannabisbusiness-activity-7107775858555174912-b394,"Research pass — 2026-08-14; source pages retrieved and reviewed; Batch 10 audit — 2026-08-15; source pages retrieved and reviewed | Pass 1 research (round 10, from v53 queue), 2026-08-16; source pages retrieved and reviewed | Consulting issue-resolution pass — 2026-08-22; current company and service pages retrieved and reviewed | Consulting outreach-enrichment pass, 2026-08-23; source pages retrieved and reviewed | Terminal residual audit, 2026-08-23; protected first-party email and company corroboration reviewed"
Accounting & Tax,Armanino,Business,"Ken Teasdale — Partner, Cannabis Industry",,818-587-9305 | General: 844-582-8883,https://www.armanino.com/contact/,United States; no Ohio client or engagement publicly identified,Accounting; Tax,Source-verified,Retained as a current national cannabis accounting and advisory provider. Armanino's first-party cannabis practice page identifies Ken Teasdale as the cannabis-industry partner and provides direct contactability. No Ohio client or engagement is publicly identified.,https://www.armanino.com/industries/cannabis/ | https://www.armanino.com/contact/,"Research pass — 2026-08-14; QA'd 2026-08-14 | Batch 8 audit, 2026-08-15 | Legal & Accounting issue-resolution pass, 2026-08-22; source pages retrieved and reviewed"
Cultivator / Processor / Dispensary,Ascend Cannabis,Business,"Samuel Brill — Chief Executive Officer & Director (Frank Perullo — President & Director, also Company Contact)",IR@awholdings.com,646-661-7600,https://letsascend.com/locations/ohio/,"Six Ohio dispensaries: Carroll, Cincinnati, Coshocton, Englewood, Piqua and Sandusky",Cannabis Operator; Dispensary / Retail,Source-verified,"Current first-party Ohio locator confirms six operating dispensaries. BCCO LLC / CCD000036-00 resolves to Ascend Carroll by the exact 3560 Dolson Court address; preserve the former Ohio Provisions identity only as historical context, not a separate current operator. Perullo is named Company Contact on current AWH investor communications; Brill's CEO role is independently confirmed. Documented build-out relationship: Cannabis Facility Construction stated in November 2023 it had constructed 14 Ascend/AWH dispensaries nationally, including a then-upcoming Cincinnati store; CFC's specific completion of that store is not independently confirmed beyond the announcement. Klutch's current locator names Ascend as an Ohio retail partner.","https://letsascend.com/locations/ohio/ | https://letsascend.com/locations/ohio/carroll/ | Ohio DCC Current Roster, BCCO LLC / CCD000036-00","Organizations | Batch 2 audit, 2026-08-14; source pages retrieved and reviewed | Pass 1 research, 2026-08-16; source pages retrieved and reviewed | Reconciliation pass against a duplicate/older-snapshot research round, 2026-08-16; source pages retrieved and reviewed | Pass 2 B2B relationship mapping (round 3), 2026-08-16; source pages retrieved and reviewed | Pass 2 B2B relationship mapping (round 5), 2026-08-16; source pages retrieved and reviewed | DCC legal-entity → trade-name mapping Batch 3, 2026-08-23; source pages retrieved and reviewed; roster-verified"
Cultivator / Processor / Dispensary,Ascension BioMedical LLC,Business,Fadi Boumitri — Founder & CEO; Melissa Merse — Managing Partner; Demetrius Harrington — Cultivation Supervisor,info@cannabisseeker.com,,https://ascensioncann.com/,"Oberlin, Ohio",Cannabis Operator; Cultivation,Source-verified,"Ohio-owned cannabis cultivation operation with an expanded Oberlin facility. Documented vendor relationships: CannaContent (SEO/digital marketing, current per an April 2026 testimonial from Managing Partner Melissa Merse) and, separately, the Dominion AG / ARCO National Construction project chain already documented on this Directory's build-out entries. CannaContent is also an entry in this Directory.",https://cannabisseeker.com/ | https://www.cannabisbusinesstimes.com/cultivation/news/15823134/ascension-biomedical-expands-cannabis-cultivation-capabilities-in-oberlin-ohio,"Original expo CRM | Research cleanup — 2026-08-14; QA'd 2026-08-14 | Batch 2 audit, 2026-08-14; source pages retrieved and reviewed | Pass 2 B2B relationship mapping (round 3), 2026-08-16; source pages retrieved and reviewed"
Real Estate / Build-Out,ATI Restoration — Cleveland,Business,Rudy Braydich — Regional Manager,,216-267-8330,https://atirestoration.com/regional-offices/cleveland-oh/,"Cleveland, Ohio; national restoration network",Mold / Microbial Remediation; Sanitation / Disinfection; Water Damage / Restoration; Construction / Build-Out,Source-verified,"Retained as a current Ohio-local commercial environmental-remediation route, not as a claimed cannabis specialist. ATI's current Cleveland page lists 4583 Manufacturing Road, Cleveland, OH 44135; Rudy Braydich as Regional Manager; 216-267-8330; and a local inquiry form. Its commercial environmental service documents mold remediation, humidity control and IICRC-certified technicians, and advises using a third-party industrial hygienist for testing. Use ATI for the remediation lane; keep assessment and post-remediation clearance independent. No cannabis-specific client or project claim is made.",https://atirestoration.com/regional-offices/cleveland-oh/ | https://atirestoration.com/commercial/mold-environmental/ | https://atirestoration.com/locations/,"Facility & EHS gap research — 2026-08-16; source pages retrieved and reviewed | Pass 1 research (round 6), 2026-08-16; source pages retrieved and reviewed | v67-RE2 Real Estate / Build-Out disposition pass, 2026-08-23; current Cleveland office and commercial remediation pages retrieved and reviewed"
Cultivator / Processor / Dispensary,Ayr Wellness Ohio,Business,"Robert Vanisko — SVP, Public Affairs",comms@ayrwellness.com,786-885-0397,https://ayrwellness.com/,"8 Ohio dispensaries: Akron, Dayton, Goshen, Lewis Center, Niles, Parma Heights, Streetsboro, Woodmere",Cannabis Operator,Source-verified,"Documented vendor relationship: DEM360 (security/IT services) names this organization among its current cannabis clients. DEM360 is also an entry in this Directory. Specific Ohio-facility attribution is not established beyond DEM360's general client list. Documented design relationship, geography unspecified: CLC Design Studio (also in this Directory) designed two AYR Wellness dispensaries per CLC's own company profile.DCC roster-verified: all 8 Ohio locations confirmed active, held under five different legal entities — PWC D1 LLC, Daily Releaf LLC (x2), Heaven Wellness LLC (x2), Good Day Dispensary LLC, Twice The Wellness LLC — typical of a multi-state operator using separate LLCs per storefront.",https://www.globenewswire.com/news-release/2025/12/30/3211626/0/en/ayr-wellness-announces-leadership-update.html | https://ayrwellness.com/ | https://ayrdispensaries.com/,"Organizations | Batch 1 audit, 2026-08-15; source pages retrieved and reviewed | Pass 2 B2B relationship mapping (round 2), 2026-08-16; source pages retrieved and reviewed | Pass 2 B2B relationship mapping (round 4), 2026-08-16; source pages retrieved and reviewed | DCC address-finding reconciliation pass, 2026-08-17; source pages retrieved and reviewed; roster-verified"
Cultivator / Processor / Dispensary,Backroad Wellness,Business,Pat and Deb Hennessey — Founders / Owners,info@backroadwellness.com,New Boston: 740-231-6963,https://www.backroadwellness.com/FAQs/,"New Boston, Cambridge and Lima, Ohio (Southern and Eastern Ohio)",Cannabis Operator,Source-verified,"Pat/Deb Hennessey ownership confirmed. Current Cambridge and Lima locations found in addition to New Boston — corrected from a Portsmouth-only characterization. Documented current wholesale/distribution relationship: named as a current Ohio dispensary partner carrying Klutch Cannabis products, per Klutch's own statewide locator. Klutch is also an entry in this Directory.",https://www.backroadwellness.com/About-Us/Ownership/ | https://www.ohiocannabisexpo.com/ | Gmail thread 30 Jul 2026 + Expo meeting,"Organizations | Warm Contacts | Batch 1 audit, 2026-08-14; source pages retrieved and reviewed | Pass 2 B2B relationship mapping (round 5), 2026-08-16; source pages retrieved and reviewed"
Accounting & Tax,Baker Tilly,Business,Christopher E. Jeffrey — Principal / Cannabis Industry Leader,,312-729-8184,https://www.bakertilly.com/industries/cannabis,Ohio offices in the Cleveland area and Columbus; U.S. cannabis practice,Accounting; Tax,Source-verified,"Baker Tilly’s current profile publishes Christopher E. Jeffrey’s direct phone and a named leave-a-message route. He remains a principal with cannabis expertise. The firm’s Ohio offices establish delivery capacity, not a named Ohio cannabis client.",https://www.bakertilly.com/industries/cannabis | https://www.bakertilly.com/ohio | https://www.bakertilly.com/contact/directory/christopher-jeffrey,"Research pass — 2026-08-14; QA'd 2026-08-14 | Batch 8 audit, 2026-08-15 | Legal & Accounting issue-resolution pass, 2026-08-22; source pages retrieved and reviewed | Accounting & Tax outreach-enrichment pass, 2026-08-23; source pages retrieved and reviewed"
Banking & Financial Services,Bankcard International Group,Business,Jon Zweiger — National Sales Manager,info@bighqs.com,800-895-1580,https://bankcardinternationalgroup.com/industries-served/cannabis-payment-processing/,United States,Banking / Financial Services; Payments / Merchant Services,Source-verified,Current first-party cannabis page explicitly distinguishes compliant alternative payment methods from prohibited credit-card processing for plant-touching cannabis.,https://bankcardinternationalgroup.com/industries-served/cannabis-payment-processing/,"Research pass — 2026-08-14; QA'd 2026-08-14 | Batch 8 audit, 2026-08-15; source pages retrieved and reviewed | Pass 1 research (round 7, from v50 queue), 2026-08-16; source pages retrieved and reviewed | Banking & Financial Services audit, 2026-08-22; source pages retrieved and reviewed"
Accounting & Tax,BeachFleischman — Cannabis Practice (formerly Indiva Advisors),Business,"Jessica Velazquez, CPA, CFE — Principal, Cannabis Practice Leader",info@indivaadvisors.com,833-880-0420,https://www.indivaadvisors.com/,"National cannabis practice (20+ states); Las Vegas, NV office; firm HQ Tucson, AZ",Accounting; Tax,Source-verified,"MATERIAL ENTITY-RESOLUTION CORRECTION. Indiva Advisors LLP is no longer an independent CPA firm — it joined BeachFleischman PLLC effective November 1, 2024 and now practices as BeachFleischman PLLC from its existing Las Vegas office. Jessica Velazquez, previously Indiva's Managing Partner and founder, is now Principal and Cannabis Practice Leader at BeachFleischman. Independently confirmed via BeachFleischman's own announcement, the PRNewswire release, Inside Public Accounting and CPA Practice Advisor. BeachFleischman also acquired the Indiva Advisors trademark for cannabis go-to-market use, which is why the Indiva name still appears in places — do not re-add Indiva as a separate current firm.",https://www.indivaadvisors.com/280e-consulting,"Research pass — 2026-08-14; QA'd 2026-08-14 | Batch 8 audit, 2026-08-15; source pages retrieved and reviewed"
Cultivator / Processor / Dispensary,Beneleaves,Business,"Bill Williams Jr. — President/Owner; Emilie Ramach — VP, Business & Government Affairs",info@beneleaves.com,614-470-2420,https://www.beneleaves.com/ourteam,Central Ohio,Cannabis Operator,Source-verified,"Ohio cannabis operator confirmed. Bill Williams Jr. — President/Owner; Emilie Ramach — VP, Business & Government Affairs.Documented brand-distribution relationship: named as the Ohio launch partner in Black Buddha Cannabis's original 2022 launch announcement. Black Buddha is also an entry in this Directory.",https://ochbs.com/speakers/ | https://www.beneleaves.com/contact-us | https://www.cannabismarketspotlight.com/ohio/home,"IgniteIt Network | Organizations | Speakers | Batch 2 audit, 2026-08-14; source pages retrieved and reviewed"
Legal & Licensing,"Benesch, Friedlander, Coplan & Aronoff LLP",Business,Kristopher Chandler; Rachel Winder,,614-223-9377; 614-223-9316,https://www.beneschlaw.com/resources/issue-2-passes-and-recreational-marijuana-is-on-the-horizon-for-ohio-what-is-next-for-the-buckeye-state.html,Ohio and national,Legal; Licensing; Regulatory Compliance,Source-verified,Cannabis contacts remain valid and the firm's practice is sound. Source caveat: the older Issue 2 article previously cited here should not be treated as a current regulatory source — it is retained only as provenance for the contacts.,https://www.beneschlaw.com/resources/issue-2-passes-and-recreational-marijuana-is-on-the-horizon-for-ohio-what-is-next-for-the-buckeye-state.html,"Research pass — 2026-08-14; QA'd 2026-08-14 | Batch 6 audit, 2026-08-15; source pages retrieved and reviewed"
Insurance,Berkley,Business,"Michael Beranek — National Practice Leader, Berkley Crime",mberanek@berkleycrime.com | info@berkleycrime.com,646-522-7362 | 844-44-CRIME,https://www.berkley.com/business-insurance/cannabis,Ohio | United States,Insurance,Source-verified,"Current first-party evidence resolves the earlier undifferentiated-Berkley problem. Berkley's cannabis vertical identifies distinct operating businesses; Berkley Crime's February 25, 2025 page states its admitted cannabis crime product is available in every state that has legalized cannabis, including Ohio, and names Michael Beranek as the national contact. Admiral separately publishes cannabis casualty coverage and a Berkley Connect workers-compensation route. Retained as a Berkley-family provider; referrals should identify the required coverage and route to the appropriate Berkley unit rather than assume one policy or paper covers everything.",https://www.berkley.com/business-insurance/cannabis | https://www.berkleycrime.com/berkley-crime-writes-crime-insurance-for-the-cannabis-industry/ | https://www.admiralins.com/casualty/cannabis/dispensaries/ | https://www.berkleycrime.com/contact-us/,"Research pass — 2026-08-14; QA'd 2026-08-14 | Batch 5 audit, 2026-08-15 | Pass 1 research (round 2), 2026-08-16; source pages retrieved and reviewed | Insurance evidence/source repair, 2026-08-22; source pages retrieved and reviewed"
Packaging & Labeling,Berlin Packaging,Business,,info@BerlinPackaging.com,800-363-9822,https://www.berlinpackaging.com/cannabis-cbd-packaging/,Ohio and nationwide,Packaging / Labeling,Source-verified,"Flag cleared: the previously uncertain Ohio-office claim now checks out — Berlin currently lists Cleveland/Twinsburg and Columbus locations, and 800-363-9822 is current. No individual applies — large supplier; routes inquiries through Customer Care. For entity background: Global CEO & President is William ""Bill"" Hayes, per current company sustainability material. No cannabis-specific individual is published, so outreach should still use the general packaging-consultant route rather than Hayes directly.",https://www.berlinpackaging.com/cannabis-cbd-packaging/,"Research pass — 2026-08-14; QA'd 2026-08-14 | Batch 4 audit, 2026-08-15; source pages retrieved and reviewed | Pass 1 research (round 2), 2026-08-16; source pages retrieved and reviewed | Reconciliation pass against a duplicate/older-snapshot research round, 2026-08-16; source pages retrieved and reviewed"
Cultivator / Processor / Dispensary,Beyond Hello,Business,Trent Woloveck — Co-Chief Strategy Director / public Ohio contact,trent@jushico.com | investors@jushico.com,614-271-4349,https://jushico.com/retail/,"7 Ohio dispensaries: Cincinnati (x2), Mansfield, Parma, Oxford, Toledo and Warren",Dispensary / Retail,Source-verified,Current Jushi materials and the DCC roster confirm seven Ohio Beyond Hello stores across five legal entities. Batch 2 resolves Jushi SPH OH LLC to Toledo and Warren and Jushi RJK OH LLC to Oxford and Mansfield. Batch 3 resolves Campbell Hill Ventures LLC / CCD000021-00 to the 693 Old State Route 74 Cincinnati store and CH1B Ohio LLC / CCD000251-00 to the 6891 Ridge Rd Parma store. CH1B is not Story Cannabis; exact-address evidence overrides the similar CH2B entity name. Retain one Beyond Hello family row.,https://jushico.com/retail/ | https://jushico.com/ | https://ir.jushico.com/news-events/press-releases/detail/304/jushi-holdings-inc-announces-ohio-retail-updates-including | https://ir.jushico.com/news-events/press-releases/detail/305/jushi-holdings-inc-announces-grand-opening-of-beyond | https://spectrumnews1.com/oh/columbus/news/2026/04/23/cannabis-gummies-in-ohio-recalled | Ohio DCC active licensee roster (CCD000021-00; 104-00; 121-00; 149-00; 160-00; 186-00; 251-00),"DCC address-finding reconciliation pass, 2026-08-17; source pages retrieved and reviewed; roster-verified | Operator outreach-enrichment pass, 2026-08-22; source pages retrieved and reviewed | DCC legal-entity → trade-name mapping Batch 2, 2026-08-23; source pages retrieved and reviewed; roster-verified | DCC legal-entity → trade-name mapping Batch 3, 2026-08-23; source pages retrieved and reviewed; roster-verified"
Consulting,BioServ,Business,"Richard ""Rick"" Ragaini — President",,800-378-8824,https://www.bioservusa.com/,Ohio — Brooklyn Heights & Columbus / statewide,Consulting; Regulatory Compliance; Waste Disposal; Hazardous Waste,Source-verified,"Provides regulated cannabis-waste disposal, compliance support, manifests, tracking, pickup, and related hazardous and laboratory-waste services. The company operates Ohio branches in Brooklyn Heights and Columbus and states that it serves Ohio statewide. Cannabis capability and Ohio coverage are documented on separate official pages from the same company. Confirmed via BBB and independently via D&B.",https://www.bioservusa.com/industries/cannabis-disposal/ | https://www.bioservusa.com/service-areas/oh-medical-waste-disposal/,"Research pass — 2026-08-14; source pages retrieved and reviewed; Batch 11 audit — 2026-08-15; source pages retrieved and reviewed | Pass 1 research (round 11, from v54 queue), 2026-08-16; source pages retrieved and reviewed"
Cultivator / Processor / Dispensary,Black Buddha Cannabis,Business,Dr. Roz McCarthy — Founder & CEO; Troy Butler — COO; Ken Chio — CFO,,,https://blackbuddhacannabis.co/contact,,Cannabis Operator,Source-verified,"The current official brand site and founder Roz McCarthy’s current professional site both provide contact forms but no readable public direct email or phone, so form outreach remains the terminal route. Old launch-publicity agency contacts were not repurposed. Ohio distribution remains through licensed partners; documented M4MM and Beneleaves relationships remain relevant.",https://blackbuddhacannabis.co/contact | https://blackbuddhacannabis.co/ | https://www.cannabismarketspotlight.com/ohio/home | https://www.rozmccarthy.com/ | https://www.rozmccarthy.com/contact-8,"IgniteIt Network | Batch 2 audit, 2026-08-14; source pages retrieved and reviewed | DCC address-finding reconciliation pass, 2026-08-17; source pages retrieved and reviewed; roster-verified | Operator outreach-enrichment pass, 2026-08-22; source pages retrieved and reviewed | Operator residual outreach-enrichment challenge pass, 2026-08-23; source pages retrieved and reviewed"
Technology,BLAZE,Business,Chris Violas — Co-Founder & CEO,sales@blaze.me,415-964-5689 ext. 1,https://www.blaze.me/dispensary-pos-software/ohio,Ohio,Technology; Metrc / Track-and-Trace; Regulatory Compliance,Source-verified,"MATERIAL SOURCE CORRECTION. BLAZE is valid for Ohio and Metrc lists Blaze Solutions / 420 Connect as a fully validated Ohio integrator — that resolves the earlier doubt about the vendor. Separately: BLAZE's own Ohio regulatory page contains stale material, saying recreational rules are still being developed and still referencing the Board of Pharmacy rather than the Division of Cannabis Control. Good vendor, good product, unreliable source for regulatory facts — do not cite that page as authoritative. Documented compliance integration: Metrc currently lists 420 Connect/Blaze Solutions as a fully validated Ohio integrator, and BLAZE's own Ohio materials document the two-way Metrc Connect integration. Metrc is also an entry in this Directory.",https://www.blaze.me/dispensary-pos-software/ohio,"Research pass — 2026-08-14; QA'd 2026-08-14 | Batch 5 audit, 2026-08-15; source pages retrieved and reviewed | Pass 1 research (round 3), 2026-08-16; source pages retrieved and reviewed | Reconciliation pass against a duplicate/older-snapshot research round, 2026-08-16; source pages retrieved and reviewed | Pass 2 B2B relationship mapping, 2026-08-16; source pages retrieved and reviewed | Technology audit, 2026-08-22; source pages retrieved and reviewed"
Cultivator / Processor / Dispensary,Bliss Ohio,Business,Dwayne Siekman & Pamela Siekman — Co-Owners,contact@blissohio.com,330-765-2508,https://blissohio.com/,"Kent, Ohio",Dispensary / Retail,Source-verified,"DCC-licensed dispensary (Slightly Toasted, LLC dba Bliss Ohio). Husband-and-wife co-owners confirmed via a 2024 Ravenna Record-Courier article covering the store's opening. NOTE: an official DCC provisional-license document (RFA II award list) shows this same address under a different legal entity name, ""Next-Level Operators LLC"" — the current CCD roster shows Slightly Toasted, LLC. This suggests an entity name change or ownership transition between provisional award and current certificate of operation; not independently confirmed which came first or why.",Ohio DCC active licensee roster (CCD000072-00); https://blissohio.com/,"Pass 2A promotion — 12 confirmed candidates, 2026-08-17; source pages retrieved and reviewed"
Cultivator / Processor / Dispensary,Bloom Cannabis (formerly Bloom Medicinals),Business,Jose Patino — Published corporate contact,info@bloommedicinals.com,561-620-7822,https://bloommarijuana.com/oh/contact,"8 Ohio dispensaries (7 active, 1 provisional): Akron, Athens, Columbus (x2), Massillon, Painesville, Seven Mile",Cannabis Operator; Dispensary / Retail,Source-verified,"Rebranded from Bloom Medicinals to Bloom Cannabis. 7 operating Ohio dispensaries as of this pass, with another announced.DCC roster-verified: all 8 locations confirmed under a single legal entity, 127 OH, LLC — including the Columbus (5020 N High St) location shown as Provisional License, consistent with it being reported as ""opening soon.""",https://bloommarijuana.com/oh/terms-of-use,"Organizations | Batch 2 audit, 2026-08-14; source pages retrieved and reviewed | DCC address-finding reconciliation pass, 2026-08-17; source pages retrieved and reviewed; roster-verified"
Technology,Brandr AI,Business,Maximillian Juhasz — Founder,hi@brandrai.com,,https://brandrai.com/,Statewide / Multi-Market,Technology,Source-verified,"BrandrAI is the current product-image operations platform at brandrai.com/join.brandrai.com: brands manage verified product images for menus, marketplaces and kiosks through a public API/MCP. Founder Maximillian Juhasz is corroborated by 2026 cannabis-event materials. The unrelated brandr.tech identity was excluded. Current first-party general route: hi@brandrai.com.",https://brandrai.com/ | https://join.brandrai.com/ | https://www.cannabismarketspotlight.com/new-jersey-2026/speaker/2122964/maximillian-juhasz | https://www.cannabismarketspotlight.com/ohiovalley,"IgniteIt Network | Organizations | Batch 4 audit, 2026-08-15; source pages retrieved and reviewed | Technology audit, 2026-08-22; source pages retrieved and reviewed | Technology outreach enrichment, 2026-08-23; identity and first-party contact routes reviewed"
Legal & Licensing,Bricker Graydon — cannabis practice,Business,J. Stephen Smith — cannabis attorney,jwhelan@bricker.com,614-227-2300,https://www.brickergraydon.com/team/j-stephen-smith,Central Ohio,Legal; Licensing,Source-verified,Ohio law-firm cannabis capability confirmed; J. Stephen Smith is a substantive cannabis-law contact.,https://www.opraonline.org/assnfe/cv.asp?ID=1927520,"Organizations | Batch 2 audit, 2026-08-14; source pages retrieved and reviewed"
Security & Cash Logistics,Brink's,Business,,us.salesinfo@brinksinc.com,1-844-818-6210,https://us.brinks.com/contact,United States; Ohio onboarding requires direct confirmation,Security / Cash Logistics,Source-verified,Brink's currently publishes a dedicated Cannabis Related Business sales route. Green Check's partnership announcement also documents a PAI-powered-by-Brink's ATM pathway for cannabis businesses. Retained as a national cannabis cash/ATM option; Ohio onboarding and the required financial-institution pathway must be confirmed before referral.,https://us.brinks.com/contact | https://greencheckverified.com/in-the-news/green-check-partners-with-pai-powered-by-brinks/,"Research pass — 2026-08-14; QA'd 2026-08-14 | Batch 4 audit, 2026-08-15 | Pass 1 research, 2026-08-16; source pages retrieved and reviewed | Security & Cash Logistics source-repair pass; source URLs retrieved and reviewed 2026-08-22"
Security & Cash Logistics,BS Done Right,Business,,hello@bsdoneright.com,,https://bsdoneright.com/,Nationwide; provider states all 50 states and beyond,Security / Cash Logistics,Source-verified,"Current first-party site confirms managed ATM placement and financing for licensed dispensaries and other cannabis businesses, with nationwide coverage stated. Retained as a national cannabis-specialist option. Processor and sponsoring-bank identities remain pre-contract diligence items and are not inferred; no named individual contact is currently published.",https://bsdoneright.com/,"Research pass — 2026-08-14; QA'd 2026-08-14 | Batch 5 audit, 2026-08-15 | Pass 1 research (round 7, from v50 queue), 2026-08-16; source pages retrieved and reviewed | Security & Cash Logistics source-repair pass; source URLs retrieved and reviewed 2026-08-22"
Cultivator / Processor / Dispensary,Buckeye Relief,Business,"Caroline Henry — VP, Government Affairs",info@buckeyerelief.com,,https://buckeyerelief.com/,Northeast Ohio / Cleveland-Akron,Cannabis Operator; Cultivation; Processing,Source-verified,"Confirmed: Ohio-owned cultivator and processor based in Eastlake, OH.",https://buckeyerelief.com/,"Organizations | Speakers | Batch 2 audit, 2026-08-15; source pages retrieved and reviewed"
Marketing & Media,Bud Authority,Business,Mark Wallace — Co-Founder,service@budauthority.com,,https://budauthority.com/contact-us,Ohio statewide,Marketing / Media,Source-verified,Upgraded from Legacy: current site explicitly covers the Ohio adult-use market and named Ohio city markets. Note its self-awarded ranking language is marketing copy and is not treated as evidence. Current July 2026 material: leads industry relationships and citation strategy.,https://budauthority.com/cannabis-seo-ohio,"Research pass — 2026-08-14 | Batch 9 audit, 2026-08-15; source pages retrieved and reviewed | Pass 1 research (round 9, from v52 queue), 2026-08-16; source pages retrieved and reviewed | Marketing & Media audit, 2026-08-22; source pages retrieved and reviewed"
Real Estate / Build-Out,Bud Bar Displays,Business,,service@budbar.com,916-858-2000,https://www.budbardisplays.com/,Nationwide / International shipping,Real Estate / Build-Out,Source-verified,"Current cannabis retail-display/fixture company; ancillary classification holds. No individual applies — current official site routes inquiries through service@budbar.com; a named president exists in secondary sources but was not used, since it was not confirmed as the current public-facing contact.",https://www.budbardisplays.com/contact-us | https://www.budbardisplays.com/shipping-returns,"Research pass — 2026-08-14; QA'd 2026-08-14 | Batch 7 audit, 2026-08-15; source pages retrieved and reviewed | Pass 1 research (round 6), 2026-08-16; source pages retrieved and reviewed"
Consulting,Budding Operations,Business,"Alexandra ""Aly"" Piscatelli — Owner & Founder",info@buddingoperations.com,,https://www.buddingoperations.com/,U.S. multi-market via virtual or on-site services; Ohio client not identified,Consulting; Regulatory Compliance; Employee Training,Source-verified,"A current Flowhub partner page publishes the organizational email and confirms active dispensary transition, inventory and compliance services; the firm's own site and current company profile corroborate the business. No public phone or Ohio engagement is asserted.",https://www.buddingoperations.com/ | https://www.flowhub.com/partners/budding-operations | https://www.linkedin.com/company/budding-operations,"Research pass — 2026-08-14; source pages retrieved and reviewed; Batch 10 audit — 2026-08-15; source pages retrieved and reviewed | Pass 1 research (round 10, from v53 queue), 2026-08-16; source pages retrieved and reviewed | Consulting issue-resolution pass — 2026-08-22; current first-party service pages retrieved and reviewed | Consulting outreach-enrichment pass, 2026-08-23; source pages retrieved and reviewed"
Accounting & Tax,BudsGroup,Business,Rick LaNeve — CPA / Lead Advisor,rick@budsgrp.com,917-768-0300,https://budsgrp.com/,Multiple U.S. states; no Ohio client operation publicly identified,Accounting; Tax,Source-verified,"Retained as a current multi-state cannabis accounting and advisory provider. BudsGroup's first-party site identifies Rick LaNeve, CPA, and reports active client operations in 5+ states. No Ohio client operation is publicly identified.",https://budsgrp.com/accounting | https://budsgrp.com/contact | https://budsgrp.com/about | https://budsgrp.com/,"Research pass — 2026-08-14; QA'd 2026-08-14 | Batch 8 audit, 2026-08-15 | Legal & Accounting issue-resolution pass, 2026-08-22; source pages retrieved and reviewed"
Security & Cash Logistics,Calvis Security,Business,,hello@calvis.com,305-588-8602,https://calvis.com/locations/cincinnati/cannabis-security,"Ohio — Cincinnati, Cleveland and Columbus; national multi-agency network",Security / Cash Logistics,Source-verified,"Current 2026 first-party pages explicitly cover cannabis security in Cincinnati, Cleveland and Columbus and describe a nationwide network of vetted agencies. Calvis is a matching/referral platform, not itself the licensed guard agency; confirm the assigned contractor's Ohio licensing, insurance and site-specific scope before engaging.",https://calvis.com/locations/cincinnati/cannabis-security | https://calvis.com/best-cannabis-security-companies,"Research pass — 2026-08-14; QA'd 2026-08-14 | Batch 5 audit, 2026-08-15 | Pass 1 research (round 2), 2026-08-16; source pages retrieved and reviewed | Security & Cash Logistics pass, 2026-08-22; source pages retrieved and reviewed"
Accounting & Tax,Calyx CPA,Business,Justin Botillier — Founder / CEO,Info@calyxcpa.com,541-816-4483,https://calyxcpa.com/,30+ states,Accounting; Tax,Source-verified,Current site still states 30+ states.,https://calyxcpa.com/services/accounting-bookkeeping,"Research pass — 2026-08-14; QA'd 2026-08-14 | Batch 8 audit, 2026-08-15; source pages retrieved and reviewed"
Technology,Canix (including acquired Trym),Business,,hi@canix.com,415-894-9884,https://www.canix.com/,Ohio-serving; United States,Technology; Cultivation Software; Metrc / Track-and-Trace; Inventory; Data / Analytics,Source-verified,"Current Canix platform includes acquired Trym's cultivation workflows. Trym's live Ohio pages explicitly offer Ohio Metrc integration and cultivation support, while Metrc lists Canix among current integrator partners. The Ohio pages retain stale regulator/fee language; use them only as service evidence, not current Ohio law.",https://www.canix.com/blog-posts/cannabis-industry-trends-shaping-2026 | https://trym.io/metrc/ohio/ | https://trym.io/seed-to-sale-ohio/ | https://www.metrc.com/validated-integrators/,"Technology audit, 2026-08-22; source pages retrieved and reviewed"
Consulting,Cann Strategy,Business,Juliana Whitney — Founder,,813-851-2323,https://www.cannstrategy.com/contact-cannabis-consultants,Ohio and nationwide,Consulting; Regulatory Compliance,Source-verified,Current first-party contact page supplies a direct business phone and inquiry form. The site continues to name Ohio among active markets; no public direct email is posted.,https://www.cannstrategy.com/contact-cannabis-consultants | https://www.cannstrategy.com/,"Research pass — 2026-08-14; source pages retrieved and reviewed; Batch 10 audit — 2026-08-15; source pages retrieved and reviewed | Consulting outreach-enrichment pass, 2026-08-23; source pages retrieved and reviewed"
Consulting,Canna Advisors,Business,Diane Czarkowski — Founding Partner,info@thinkcanna.com,720-708-3154,https://thinkcanna.com/,Ohio / nationwide,Consulting; Regulatory Compliance; Staffing / Recruiting,Source-verified,"Serves clients across U.S. markets; licensing, facility design, operations readiness, startup support, staffing, compliance and business optimization. Current testimonials include both an Ohio cultivation client and an Ohio retail client. Jay Czarkowski is co-founding partner; one named contact is sufficient for this row.",https://thinkcanna.com/partnerships/ | https://thinkcanna.com/,"Research pass — 2026-08-14; source pages retrieved and reviewed; Batch 10 audit — 2026-08-15; source pages retrieved and reviewed; Ohio cultivation and retail client evidence confirmed; Ohio opportunity-page rollout chronology is dated and should not be cited as current law | Pass 1 research (round 10, from v53 queue), 2026-08-16; source pages retrieved and reviewed"
Out of scope — flagged for removal or separate list,Canna Business Resources,Business,,info@cannabusinessresources.com,347-699-3745,https://cannabusinessresources.com/contact/,United States; no verified current Ohio client or eligibility,Banking / Financial Services; Lending / Financing,Source-verified,"Moved to separate-list/out-of-scope after current referral-safety review. Canna Business Resources describes a privately funded cannabis debt platform operating across 14 markets, but it does not name Ohio, its current state navigation omits Ohio, and no first-party Ohio borrower, transaction, or eligibility statement was found.",https://cannabusinessresources.com/ | https://cannabusinessresources.com/services/equipment-financing/ | https://cannabusinessresources.com/contact/,"Research pass — 2026-08-14; QA'd 2026-08-14 | Batch 8 audit, 2026-08-15 | Banking & Financial Services audit, 2026-08-22; source pages retrieved and reviewed | Banking & Financial Services disposition pass, 2026-08-23; source pages retrieved and reviewed"
Consulting,Canna Business Services,Business,Emily Sisneros — Founder & CEO,info@cannabusinessservices.com,888-453-0555,https://cannabusinessservices.com/contact-us/,United States nationwide / global; current Ohio-market coverage,Consulting; Regulatory Compliance,Source-verified,"Current first-party contact page supplies a direct organizational email and phone. The firm's 2026 Ohio-market material and active licensing, launch, compliance, scaling and government-support services confirm current outreach relevance.",https://cannabusinessservices.com/contact-us/ | https://cannabusinessservices.com/ | https://cannabusinessservices.com/ohio-cannabis-industry-sales-in-18mos/,"Research pass — 2026-08-14; source pages retrieved and reviewed; Batch 10 audit — 2026-08-15; source pages retrieved and reviewed | Pass 1 research (round 10, from v53 queue), 2026-08-16; source pages retrieved and reviewed | Consulting outreach-enrichment pass, 2026-08-23; source pages retrieved and reviewed"
Consulting,Canna Consultants,Business,,info@cannaconsultantsillinois.com,312-212-4233,https://cannaconsultants.com/contact-us/,Nationwide and worldwide,Consulting; Regulatory Compliance; Permitting; Staffing / Recruiting; Employee Training,Source-verified,"The live first-party contact page supplies an organizational email, phone and form. The page still describes a 2016 office move, so verify delivery before a high-value referral; the current homepage and service-area page nevertheless confirm an active published consultancy. No defensible founder name was found.",https://cannaconsultants.com/contact-us/ | https://cannaconsultants.com/ | https://cannaconsultants.com/service-areas/,"Research pass — 2026-08-14; source pages retrieved and reviewed; Batch 10 audit — 2026-08-15; source pages retrieved and reviewed | Pass 1 research (round 10, from v53 queue), 2026-08-16; source pages retrieved and reviewed | Consulting outreach-enrichment pass, 2026-08-23; source pages retrieved and reviewed"
Accounting & Tax,Canna Drust,Business,Adam Drust — CPA,drustcpa@gmail.com,570-417-0393,https://www.cannadrust.com/,Ohio | Nationwide,Accounting; Tax,Source-verified,"Ohio is explicitly in its service list and the site states nationwide cannabis service. Contact details added. NOTE: its contact page also displays an anomalous camberwell@bloom.co footer address — that is template residue, not a real contact route for this firm, and was deliberately not imported.",https://www.cannadrust.com/contact,"Research pass — 2026-08-14; QA'd 2026-08-14 | Batch 8 audit, 2026-08-15; source pages retrieved and reviewed"
Banking & Financial Services,CANNA-ATM,Business,,canna.atm@gmail.com,833-4MYATMS,https://canna-atm.com/,All 50 states,Banking / Financial Services,Source-verified,"Current first-party pages advertise dispensary ATM placement in all 50 states, including Ohio.",https://canna-atm.com/ | https://canna-atm.com/faq,"Research pass — 2026-08-14; QA'd 2026-08-14 | Batch 8 audit, 2026-08-15; source pages retrieved and reviewed | Pass 1 research (round 7, from v50 queue), 2026-08-16; source pages retrieved and reviewed | Banking & Financial Services audit, 2026-08-22; source pages retrieved and reviewed"
Accounting & Tax,Cannabis Accounting & Consulting Group d/b/a The Blunt Accountant™,Business,Angela Mays — Founder & CEO,info@cacgroupllc.com,,https://cacgroupllc.com/,Nationwide virtual; Ohio availability to confirm,Accounting; Tax,Source-verified,"RENAMED to the current trading identity. The firm now foregrounds CFO advisory for plant-touching businesses and operates publicly as The Blunt Accountant™; founder/CEO is Angela. Recorded as the DBA relationship rather than left as a generic legacy CACG record, so the name someone would actually search for appears here. First name confirmed to be Angela Mays — an earlier round in this project had only ""Angela"" on file.",https://cacgroupllc.com/cannabis-accounting-services/,"Research pass — 2026-08-14; QA'd 2026-08-14 | Batch 8 audit, 2026-08-15; source pages retrieved and reviewed | Pass 1 research (round 8, from v51 queue), 2026-08-16; source pages retrieved and reviewed"
Marketing & Media,Cannabis Business Times,Business,Tony Lange — Editor,,,https://www.cannabisbusinesstimes.com/home/document/15704343/cannabis-business-times-2026-cannabis-business-times-media-kit,National; Ohio-serving industry media,Marketing / Media; Advertising; Content / Social Media; Media / Publication,Source-verified,"Current national B2B cannabis publication offering industry news, advertising, sponsored content, webinars, newsletters, media partnerships and vendor exposure; 2026 media kit verified. Active July 2026 reporting confirmed; chosen over recycling older publisher/editor contacts. OUTREACH DISPOSITION (2026-08-23): advertising inquiries are routed through the current 2026 media-kit form and the site also maintains a general contact page. The live staff page protects addresses from automated display, so no inferred or older pre-Transpire email was inserted; form-only terminal route.",https://www.cannabisbusinesstimes.com/home/document/15704343/cannabis-business-times-2026-cannabis-business-times-media-kit | https://www.cannabisbusinesstimes.com/contact-us | https://www.cannabisbusinesstimes.com/about-us,"Research pass — 2026-08-14; Batch 10 audit — 2026-08-15; source pages retrieved and reviewed | Pass 1 research (round 9, from v52 queue), 2026-08-16; source pages retrieved and reviewed | Marketing & Media audit, 2026-08-22; source pages retrieved and reviewed | Marketing & Media outreach-enrichment pass, 2026-08-23; source pages retrieved and reviewed"
Consulting,Cannabis Cash Consultants,Business,Jennifer Makris — Founder,info@cannabiscashconsultants.com,1-833-343-2274,https://cannabiscashconsultants.com/,Statewide / Multi-Market,Consulting,Source-verified,"Current first-party site confirms Jennifer Makris as founder and supplies a direct organizational email, phone, intake form and booking route for dispensary cash-management work.",https://cannabiscashconsultants.com/ | https://ochbs.com/speakers/,"Organizations | Speakers | Batch 1 audit, 2026-08-15; source pages retrieved and reviewed | Consulting outreach-enrichment pass, 2026-08-23; source pages retrieved and reviewed"
Accounting & Tax,Cannabis CPA Tax,Business,Bruce Andersen — Founder & Principal,Bruce@CannabisCPA.tax,818-225-8022,https://cannabiscpa.tax/,"19 states plus Washington, D.C.",Accounting; Tax,Source-verified,"NUMERICAL CORRECTION, downward: this workbook recorded 25+ states; the current first-party site says clients in 19 states plus Washington, D.C. Figure corrected to match the source.",https://cannabiscpa.tax/ohio-cannabis-tax-guide-2025-edition/ | https://cannabiscpa.tax/contact/,"Research pass — 2026-08-14; QA'd 2026-08-14 | Batch 8 audit, 2026-08-15; source pages retrieved and reviewed"
Marketing & Media,Cannabis Creative Group,Business,Seth Worby — Co-Founder,info@cannabiscreative.com,855-420-1812,https://cannabiscreative.com/services/,United States; Ohio client work confirmed,Marketing / Media,Source-verified,"Direct Ohio evidence reconfirmed: Cannabis Creative Group publishes a current Pure Ohio Wellness portfolio case study, and Pure Ohio Wellness's current site footer credits Cannabis Creative. Pure Ohio Wellness is also in this Directory.",https://cannabiscreative.com/portfolio/pure-ohio-wellness/ | https://pureohiowellness.com/,"Research pass — 2026-08-14; QA'd 2026-08-14 | Batch 6 audit, 2026-08-15; source pages retrieved and reviewed | Pass 1 research (round 4), 2026-08-16; source pages retrieved and reviewed | Marketing & Media audit, 2026-08-22; source pages retrieved and reviewed"
Out of scope — flagged for removal or separate list,Cannabis Engineering + Compliance (CE+C),Business,Ben Roush — Principal,info@canngineers.com,206-385-3417,https://canngineers.com/,United States; no verified current Ohio project or Ohio PE coverage,Real Estate / Build-Out; Architecture / Engineering,Source-verified,"Moved to the retained separate-list/out-of-scope bucket after Ohio-referral review. Current first-party pages confirm an active cannabis engineering practice led by Ben Roush, 65+ cannabis projects and direct phone/email/form routes. Its published portfolio identifies projects in other states but no Ohio project/client, and no explicit Ohio professional-engineering coverage was found. Preserve as a national reference; do not present as Ohio-referral-safe until a current Ohio project or applicable Ohio licensure is documented.",https://canngineers.com/about-us/ | https://canngineers.com/projects/ | https://canngineers.com/contact/,"Research pass — 2026-08-14; QA'd 2026-08-14 | Batch 7 audit, 2026-08-15 | Pass 1 research (round 6), 2026-08-16; source pages retrieved and reviewed | v67-RE2 Real Estate / Build-Out disposition pass, 2026-08-23; first-party portfolio and contact pages retrieved and reviewed"
Real Estate / Build-Out,Cannabis Facility Construction (CFC),Business,Andy Poticha — Founder & CEO,info@cannabisfacility.net,847-504-0177,https://cannabisfacility.net/,National; 14 states documented,Real Estate / Build-Out; Construction / Build-Out,Source-verified,"Ohio issue effectively resolved: CFC is a current national cannabis design/build firm and has publicly documented a Cincinnati cannabis dispensary project. Title upgraded. Stated carefully — the documented project establishes Ohio relevance without implying completion status, which was not confirmed. Documented client relationship: Ascend Wellness Holdings — CFC stated in November 2023 that it had constructed 14 Ascend/AWH dispensaries, including an upcoming Cincinnati, Ohio location. Ascend's Cincinnati dispensary (830 Reedy Street) is now operating, but no later source was located confirming CFC specifically completed that store — recorded as a confirmed CFC/AWH relationship with the Cincinnati project as planned/documented rather than confirmed-completed.",https://cannabisfacility.net/who-we-are/ | https://cannabisfacility.net/request-a-consultation/,"Research pass — 2026-08-14; QA'd 2026-08-14 | Batch 7 audit, 2026-08-15; source pages retrieved and reviewed | Pass 2 B2B relationship mapping (round 3), 2026-08-16; source pages retrieved and reviewed"
Consulting,Cannabis Global Consultants,Business,"David Hyde — Founder/Partner, Cannabis Global Consultants; Managing Director, CannaNavigators",info@cannabisglobalconsultants.com,,https://www.cannabisglobalconsultants.com/,United States and international,Consulting; Regulatory Compliance; Staffing / Recruiting; Employee Training,Source-verified,"Global consulting team organized through four specialized firms, including Hyde Advisory and CannaNavigators, covering licensing, compliance, facility planning, operations, financial modeling, staffing, training, marketing and expansion.",https://www.cannabisglobalconsultants.com/our-company | https://www.cannabisglobalconsultants.com/,"Research pass — 2026-08-14; source pages retrieved and reviewed; Batch 10 audit — 2026-08-15; source pages retrieved and reviewed | Pass 1 research (round 10, from v53 queue), 2026-08-16; source pages retrieved and reviewed"
Security & Cash Logistics,Cannabis Safety First LLC,Business,Tim Johnson — Founder & CEO,timj.cannabissafetyfirst@gmail.com,614-736-1861,https://www.cannabissafetyfirst.com/,Central Ohio,Security / Cash Logistics,Source-verified,"Cannabis security consulting, safety training, risk management, government affairs, policy advising, and patient/veteran advocacy. The official site identifies Tim Johnson as founder and documents his work with Ohio legislators, cannabis licensees, and regulators. Merged from the separate ""Cannabis advocacy"" warm-contact row, which was the same person; that row's Expo panel-participation provenance is preserved here.",https://www.bbb.org/us/oh/hilliard/profile/security-consultant/cannabis-safety-first-llc-0302-70096402 | https://www.ohiocannabisexpo.com/,Organizations | Warm Contacts | Research cleanup — 2026-08-14; source pages retrieved and reviewed
Marketing & Media,Cannabis Websites & SEO,Business,,info@cannabiswebsites.com,844-674-0995,https://cannabis-websites.com/cannabis-seo-strategy-ohio/,Ohio statewide / North America,Marketing / Media; SEO / Search,Source-verified,Current first-party Ohio cannabis SEO page explicitly establishes Ohio availability. Vendor performance metrics and regulatory prose are marketing context only and are not treated as independently validated results or current Ohio law.,https://cannabis-websites.com/cannabis-seo-strategy-ohio/,"Research pass — 2026-08-14 | Batch 9 audit, 2026-08-15 | Pass 1 research (round 9, from v52 queue), 2026-08-16; source pages retrieved and reviewed | Marketing & Media audit, 2026-08-22; source pages retrieved and reviewed"
Out of scope — flagged for removal or separate list,CannabisComplianceOhio,Business,,contact@cannabiscomplianceohio.com,,https://cannabiscomplianceohio.com/,Ohio statewide (self-published),Excluded Lead; Compliance Training; Regulatory Education,Source-verified,"Moved out of the active provider categories. The live Ohio-specific education site publishes no identifiable owners, instructors or credentials and makes extensive self-reported experience and results claims without independent support. Retain only as a research lead; do not recommend it as vetted compliance training or use it as authoritative current Ohio regulatory guidance.",https://www.cannabiscomplianceohio.com/ | https://www.cannabiscomplianceohio.com/best-practices,"Research pass — 2026-08-14; QA'd 2026-08-14 | Batch 6 audit, 2026-08-15 | Pass 1 research (round 5), 2026-08-16; source pages retrieved and reviewed | Legal & Accounting issue-resolution pass, 2026-08-22; source pages retrieved and reviewed"
Insurance,CannabisInsurance.com / 420Insurance.com — Kulchin Ross Insurance Services,Business,"Derek Ross — President & COO, Kulchin Ross Insurance Services",info@420insurance.com,877-420-0042 | 818-996-0900,https://cannabisinsurance.com/,United States / nationwide,Insurance,Source-verified,"CannabisInsurance.com / 420Insurance.com is associated with Kulchin Ross Insurance Services. Current first-party material confirms the existing 877-420-0042 and 818-996-0900 numbers, Tarzana address, nationwide operation and 420Insurance quote routing. Keep this entity separate from The Cannabis Insurance Company / CIS Insurance Services, LLC of Colorado, which is a different business. Independently re-verified across Forbes Advisor, Insurance Journal and Kulchin Ross's own site. This is the entity separated out from an earlier conflated ""Cannabis Insurance Company"" record in this Directory — getting this one right matters given that correction history.",https://cannabisinsurance.com/,"Split from combined record — Batch 4 audit, 2026-08-15; Batch 11 audit — 2026-08-15; source pages retrieved and reviewed | Pass 1 research (round 12, final), 2026-08-16; source pages retrieved and reviewed"
Marketing & Media,Cannabiz Marketing Solutions / DopeSEO,Business,Max Juhasz — Founder & CEO,hello@dopeseo.com,214-888-4364,https://dopeseo.com/contact/,United States nationwide,Marketing / Media; SEO / Search,Source-verified,"Flag cleared: its current service-area navigation explicitly includes Ohio Cannabis SEO, so Ohio availability is settled. Extensively corroborated across podcasts, conference speaker pages and an MITA member profile — stronger than the 'Reported' confidence this was returned with. OUTREACH ROUTE (2026-08-23): current official contact and 2026 policy pages publish hello@dopeseo.com and 214-888-4364.",https://dopeseo.com/services/ | https://dopeseo.com/contact/ | https://dopeseo.com/sms-terms/,"Research pass — 2026-08-14; QA'd 2026-08-14 | Batch 6 audit, 2026-08-15; source pages retrieved and reviewed | Pass 1 research (round 4), 2026-08-16; source pages retrieved and reviewed | Marketing & Media audit, 2026-08-22; source pages retrieved and reviewed | Marketing & Media outreach-enrichment pass, 2026-08-23; source pages retrieved and reviewed"
Staffing & HR,CannabizTeam,Business,Liesl Bernard — Founder & CEO,contact@cannabizteam.com,,https://cannabizteam.com/,Nationwide,Staffing / HR; Staffing / Recruiting,Source-verified,Contact confirmed current; firm reports cannabis staffing activity across roughly 30 states.,https://cannabizteam.com/contact-us/,"Research pass — 2026-08-14; QA'd 2026-08-14 | Batch 7 audit, 2026-08-15; source pages retrieved and reviewed"
Out of scope — flagged for removal or separate list,CannaCard,Business,,support@cannatrac.com,708-671-8462,https://www.thecannacard.com/,United States; no verified current Ohio operator/client,Banking / Financial Services; Payments / Merchant Services,Source-verified,"Moved to separate-list/out-of-scope after current referral-safety review. The provider self-describes a FinCEN-aligned ACH/reloadable-card model and identifies ValidFi for bank-account verification, but public merchant availability is available only inside its app. No current Ohio merchant/client or full sponsor/acquirer/payment architecture was found; the record is retained only as a national reference.",https://www.thecannacard.com/ | https://thecannacard.com/consumers | https://www.thecannacard.com/contact-support,"Research pass — 2026-08-14; QA'd 2026-08-14 | Batch 8 audit, 2026-08-15 | Pass 1 research (round 7, from v50 queue), 2026-08-16; source pages retrieved and reviewed | Banking & Financial Services audit, 2026-08-22; source pages retrieved and reviewed | Banking & Financial Services disposition pass, 2026-08-23; source pages retrieved and reviewed"
Marketing & Media,CannaContent,Business,Stella Morrison — Founder & Content Strategist,hello@cannacontent.co,800-445-3212,https://cannacontent.co/services/,Ohio-serving; remote services,Marketing / Media,Source-verified,"Flag cleared — much better supported than the earlier flag suggested. CannaContent has a dedicated Ohio presence and publishes an Ohio client testimonial from Melissa Merse of Ascension Biomedical, which is also an entry in this Directory. Documented current Ohio client relationship: Ascension BioMedical — an April 2026 first-party testimonial from Melissa Merse, Ascension's Managing Partner for Retail & Marketing, describes CannaContent improving brand recognition and engagement; CannaContent's own Ohio page repeats Ascension as a client. Ascension BioMedical is also an entry in this Directory. Also confirmed: a client testimonial from Ethos Cannabis's former VP of Marketing, describing a similar educational-content partnership — Ethos is also an entry in this Directory.",https://cannacontent.co/services/,"Research pass — 2026-08-14; QA'd 2026-08-14 | Batch 6 audit, 2026-08-15; source pages retrieved and reviewed | Pass 1 research (round 4), 2026-08-16; source pages retrieved and reviewed | Reconciliation pass against a duplicate/older-snapshot research round, 2026-08-16; source pages retrieved and reviewed | Pass 2 B2B relationship mapping (round 3), 2026-08-16; source pages retrieved and reviewed | Marketing & Media audit, 2026-08-22; source pages retrieved and reviewed"
Technology,CannaHub,Business,Dominick Gaitan — VP of Strategy | Bill Henslee — Co-founder / CEO,sales@e2btek.com,440-352-4700,https://cannahub.io/,"Mentor, Ohio; serves cannabis operators",Technology; Metrc / Track-and-Trace; Data / Analytics; Regulatory Compliance,Source-verified,"Centralized cannabis data warehouse integrating operational, financial, compliance, and METRC data; developed by e2b teknologies.",https://cannahub.io/about-cannahub/ | https://ochbs.com/speakers/,"Original expo CRM | Research cleanup — 2026-08-14; QA'd 2026-08-14 | Batch 2 audit, 2026-08-15; source pages retrieved and reviewed | Technology audit, 2026-08-22; source pages retrieved and reviewed"
Technology,CannaLnx (EM2P2),Business,Gennaro Luce — CEO,info@em2p2.com,440-258-2322,https://www.cannalnx.com/,"Cleveland, Ohio; nationwide medical-cannabis platform",Technology; Digital Health; Medical Cannabis; Data / Analytics,Source-verified,"Cleveland-based digital-health platform connecting patients, medical professionals, dispensaries and other medical-cannabis participants through registry, communications, transaction and reporting tools. HIPAA-compliance and reimbursement statements are company/vendor claims unless independently validated.",https://www.cannalnx.com/en/home/mission | https://www.em2p2.com/cannalnx-platform | https://www.em2p2.com/about | https://www.businesswire.com/news/home/20251022271747/en/CannaLnx-an-EM2P2-Service-Launches-the-First-Digital-Health-Care-Platform-Connecting-Consumers-with-Medical-Cannabis-Reimbursement,"Technology audit, 2026-08-22; source pages retrieved and reviewed"
Consulting,CannaPath Consulting,Business,Nate Podrid,nate@cannapathconsulting.com,,https://cannapathconsulting.com/,United States and Canada; project experience across 15 states,Consulting; Employee Training,Source-verified,"Site selection, municipal approvals, licensing, retail facility and workflow design, seed-to-sale setup, SOPs, training, inventory controls and mock inspections; current site reports experience across 15 states.",https://cannapathconsulting.com/contact/ | https://cannapathconsulting.com/,Research pass — 2026-08-14; source pages retrieved and reviewed; Batch 10 audit — 2026-08-15; source pages retrieved and reviewed
Marketing & Media,CannaPlanners,Business,Will Read — Founder + CEO,info@cannaplanners.com,802-923-9800,https://cannaplanners.com/get-started,United States; Ohio client work confirmed (Klutch Cannabis),Marketing / Media; SEO / Search; Branding / Design,Source-verified,Ohio issue cleared cleanly: CannaPlanners has a documented Klutch Cannabis case study covering web design and SEO. Klutch is an Ohio operator already in this Directory — another cross-corroborated relationship. Documented current client relationship: Klutch Cannabis (also in this Directory) — CannaPlanners is credited as Klutch's current website/digital development provider. OUTREACH ROUTE (2026-08-23): the current official Get Started page publishes info@cannaplanners.com and 802-923-9800.,https://cannaplanners.com/who-are-you/existing-dispensary | https://cannaplanners.com/get-started,"Research pass — 2026-08-14 | Batch 9 audit, 2026-08-15 | Pass 1 research (round 9, from v52 queue), 2026-08-16; source pages retrieved and reviewed | Pass 2 B2B relationship mapping (round 5), 2026-08-16; source pages retrieved and reviewed | Marketing & Media audit, 2026-08-22; source pages retrieved and reviewed | Marketing & Media outreach-enrichment pass, 2026-08-23; source pages retrieved and reviewed"
Cultivator / Processor / Dispensary,CannAscend Ohio Processing,Business,"Lee Ann Evans — SVP, Capital Markets (parent-company ownership contact)",investor@cannabistcompany.com,,https://www.cannabistcompany.com/contact-us,"Ohio — active dual-use processor; 100 Davids Drive, Wilmington (CCP000060-00)",Cannabis Operator; Processing,Source-verified,"Ownership reconciled. The current Ohio DCC roster lists CannAscend Ohio Processing, LLC as an active dual-use processor at 100 Davids Drive, Wilmington under CCP000060-00. A February 5, 2026 Ohio Attorney General filing explicitly identifies The Cannabist Company as owning and operating this processor; Gould/Green Light Acquisitions is therefore historical and no longer used as the current outreach route. Cannabist agreed on March 23, 2026 to sell its Ohio operating subsidiaries to Holistic Industries for $47 million, but the transaction remained subject to court approval and customary closing conditions, no closing announcement was found as of 2026-08-23, and the announced entity list did not separately name this processor. Current parent remains Cannabist; Holistic is a pending acquirer only.",https://com.ohio.gov/divisions-and-programs/cannabis-control/about-dcc/licenses/cultivators-processors/processor-licenses | https://www.ohioattorneygeneral.gov/Files/Briefing-Room/News-Releases/State-of-Ohio-v-Ascend-Wellness-et-al.aspx | https://investors.cannabistcompany.com/news-releases/news-release-details/cannabist-company-expands-ohio-footprint-opening-cannabist-saint | https://investors.cannabistcompany.com/news-releases/news-release-details/cannabist-company-announces-strategic-transactions-and-initiates | https://www.cannabistcompany.com/contact-us,"Split from combined record — Batch 2 audit, 2026-08-14; source pages retrieved and reviewed | Batch 11 audit — 2026-08-15; source pages retrieved and reviewed | Pass 1 research (round 12, final), 2026-08-16; source pages retrieved and reviewed | Pass 2 B2B relationship mapping (round 2), 2026-08-16; source pages retrieved and reviewed | Operator outreach-enrichment pass, 2026-08-22; source pages retrieved and reviewed; ownership conflict flagged | CannAscend ownership reconciliation pass, 2026-08-23; DCC, state and first-party source pages retrieved and reviewed"
Insurance,Cannaspace Insurance Group,Business,,Support@CannaspaceInsuranceGroup.com,754-246-2410,https://cannaspaceinsurancegroup.com/pages/contact-us,All U.S. states,Insurance,Source-verified,"Ohio availability cleared: first-party contact page states the company works in every state, and the listed email and phone are current. Specific carrier/product appetite can still vary by risk, but that is normal underwriting variation, not an Ohio-availability question. No individual applies — small agency; publishes only its organizational support/quote route.",https://cannaspaceinsurancegroup.com/pages/contact-us,"Research pass — 2026-08-14; QA'd 2026-08-14 | Batch 5 audit, 2026-08-15; source pages retrieved and reviewed | Pass 1 research (round 2), 2026-08-16; source pages retrieved and reviewed | Reconciliation pass against a duplicate/older-snapshot research round, 2026-08-16; source pages retrieved and reviewed"
Legal & Licensing,Cannaspire,Business,Warren Harasz — Chief Compliance Officer,welcome@cannaspire.com,,https://cannaspire.com/,United States and international,Legal; Licensing; Regulatory Compliance,Source-verified,Cannabis compliance/licensing consultancy confirmed; current multi-jurisdiction practice.,https://cannacon.org/seminar-location/midwest-st-paul-2025/ | https://cannaspire.com/about/who-we-are/,"Organizations | Speakers | Batch 2 audit, 2026-08-14; source pages retrieved and reviewed"
Insurance,Cannasure Insurance Services (One80 Intermediaries),Business,Jim McErlean — Business Development Manager,info@cannasure.com,"800-420-5757 (general); 424-400-5053 (McErlean direct, per current company overview)",https://www.one80.com/programs/cannabis/cannasure/,Ohio and nationwide,Insurance,Source-verified,"Cleveland HQ and McErlean's role confirmed current. The older 602-363-6652 number carried in an earlier pass was replaced: a newer company overview gives his direct as 424-400-5053, with 800-420-5757 as the general line.",https://www.one80.com/programs/cannabis/cannasure/,"Research pass — 2026-08-14; QA'd 2026-08-14 | Batch 4 audit, 2026-08-15; source pages retrieved and reviewed"
Packaging & Labeling,CannaZip,Business,Davis Tiburzi — CEO,orders@cannazipbags.com,,https://cannazipbags.com/contact/,Statewide / Multi-Market,Packaging / Labeling,Source-verified,Own site (cannazipbags.com) sells cannabis packaging bags — category is direct from source URL.,https://cannacon.org/seminar-location/midwest-lansing-2025/,"Organizations | Speakers | Batch 2 audit, 2026-08-15; source pages retrieved and reviewed"
Consulting,CannDelta,Business,Dr. Sherry Boodram — CEO & Co-Founder,,1-877-274-6777,https://canndelta.com/us/ohio/,Ohio statewide,Consulting; Regulatory Compliance; Employee Training,Source-verified,"Ohio licensing, regulatory compliance, business operations, SOP development, staff training and technical support for cannabis operators.",https://canndelta.com/us/ohio/,"Research pass — 2026-08-14; source pages retrieved and reviewed; Batch 10 audit — 2026-08-15; source pages retrieved and reviewed; vendor verified; Ohio page contains dated 2024 dual-license chronology — do not cite as current Ohio law | Pass 1 research (round 10, from v53 queue), 2026-08-16; source pages retrieved and reviewed"
Insurance,CannGen Insurance Services,Business,Erin Bentley — CEO (also: Cameron Ward — SVP of Business Development),ebentley@canngenins.com,888-751-3141,https://www.canngenins.com/,All U.S. states,Insurance,Source-verified,Current cannabis-dedicated insurance program serving all U.S. states.,https://www.canngenins.com/,"Research pass — 2026-08-14; QA'd 2026-08-14 | Batch 4 audit, 2026-08-15; source pages retrieved and reviewed | Pass 1 research (round 2), 2026-08-16; source pages retrieved and reviewed | Reconciliation pass against a duplicate/older-snapshot research round, 2026-08-16; source pages retrieved and reviewed"
Cultivator / Processor / Dispensary,Canopy Growth / Acreage,Business,Patrick Corrigan — Manager of Strategic Initiatives,media@acreageholdings.com | press@acreageholdings.com,,https://www.acreageholdings.com/contact-us/,Statewide / Multi-Market,Cannabis Operator,Source-verified,"Current Acreage organizational media/press routes added. Patrick Corrigan's direct address is not publicly posted; use the company route and name him in the inquiry. Retail location contacts are maintained separately on row 119, The Botanist (Acreage Holdings); leave the corporate phone blank.",https://www.acreageholdings.com/contact-us/ | https://ochbs.com/speakers/,"Organizations | Speakers | Batch 1 audit, 2026-08-15; source pages retrieved and reviewed | Operator outreach-enrichment pass, 2026-08-22; source pages retrieved and reviewed"
Staffing & HR,CanopyHR,Business,,,833-463-6068,https://canopyhrsolutions.com/,United States; multi-state cannabis operations; Ohio client not publicly identified,Staffing / HR; Human Resources; Payroll,Source-verified,"Current cannabis-focused HR, payroll, benefits and compliance provider that explicitly describes multi-state compliance expertise. Retained as a national specialist, but no Ohio engagement is asserted. Public site remains thin and includes placeholder testimonial copy, so no client identities or leadership names are carried forward.",https://canopyhrsolutions.com/ | https://canopyhrsolutions.com/about-us/,"Research pass — 2026-08-14; QA'd 2026-08-14 | Batch 7 audit, 2026-08-15 | Pass 1 research (round 5), 2026-08-16; source pages retrieved and reviewed | Staffing & HR issue-resolution pass — 2026-08-22; current first-party company and about pages retrieved and reviewed"
Banking & Financial Services,CanPay,Business,Dustin Eide — Founder & CEO,info@canpaydebit.com,Merchant Support: 888-395-4992,https://www.canpaydebit.com/,Ohio | United States,Banking / Financial Services,Source-verified,"Current first-party Ohio directory and Citizen by Klutch acceptance page confirm active Ohio availability. CanPay is an account-to-account debit/payment service, not a deposit institution.",https://www.canpaydebit.com/ohio-canpay-dispensaries/ | https://www.canpaydebit.com/does-citizen-by-klutch-accept-canpay/,"Research pass — 2026-08-14; QA'd 2026-08-14 | Batch 8 audit, 2026-08-15; source pages retrieved and reviewed | Pass 1 research (round 7, from v50 queue), 2026-08-16; source pages retrieved and reviewed | Pass 2 B2B relationship mapping (round 5), 2026-08-16; source pages retrieved and reviewed | Banking & Financial Services audit, 2026-08-22; source pages retrieved and reviewed"
Out of scope — flagged for removal or separate list,Carbtrol,Business,Chris Rotondo — President,info@carbtrol.com,800-242-1150,https://www.carbtrol.com/industries/cannabis-odor-control-dispensary/,United States and Canada; no verified current Ohio cannabis deployment,Odor Mitigation; Ventilation / Air Filtration; Dispensary / Retail,Source-verified,"Moved to the retained separate-list/out-of-scope bucket after Ohio-referral review. Carbtrol remains a current U.S. manufacturer of cannabis-facility and dispensary odor-control systems; current first-party pages confirm Chris Rotondo as President, a direct inquiry form, phone and U.S./Canada freight availability. No current Ohio cannabis operator, facility or deployment was found. Product shipping availability is not treated as Ohio cannabis project evidence. Preserve as a national reference; do not present as Ohio-referral-safe without current Ohio evidence.",https://www.carbtrol.com/industries/cannabis-odor-control-dispensary/ | https://www.carbtrol.com/staff_members/,"Facility & EHS gap research — 2026-08-16; source pages retrieved and reviewed | Pass 1 research (round 12, final), 2026-08-16; source pages retrieved and reviewed | Technology audit, 2026-08-22; source pages retrieved and reviewed | v67-TECH2 Technology disposition pass, 2026-08-23; first-party cannabis product, leadership and contact pages retrieved and reviewed"
Legal & Licensing,Catalyst BC,Business,Leif Olsen — Co-Founder & CMO (Managing Partner),info@catalyst-bc.com,303-305-3787,https://catalyst-bc.com/ohio-cannabis-consulting/,Ohio statewide,Legal; Licensing; Regulatory Compliance; HVAC / Climate Control; Dehumidification,Source-verified,"GOOD VENDOR, UNRELIABLE REGULATORY SOURCE — same pattern as BLAZE. The Ohio consulting offering is real and the company is confirmed. But its current Ohio page still states that recreational cannabis is prohibited, which is plainly stale in 2026. Do not cite that page for current Ohio law. TITLE CORRECTED: the batch reported Olsen as ""Chief Executive Officer,"" but every independent source checked — Catalyst's own team page, Crunchbase, CannaCon's speaker bio and ACCCE — consistently describes him as Co-Founder, Managing Partner and CMO, never CEO. Used the corroborated title.",https://catalyst-bc.com/ohio-cannabis-consulting/,"Research pass — 2026-08-14; QA'd 2026-08-14 | Batch 6 audit, 2026-08-15; source pages retrieved and reviewed | Pass 1 research (round 5), 2026-08-16; source pages retrieved and reviewed"
Accounting & Tax,CBIZ,Business,Flo Federman — National Marketing Director,flo.federman@cbiz.com,631-414-4299,https://www.cbiz.com/locations/cleveland-downtown-ohio,Statewide / Multi-Market,Accounting; Tax,Source-verified,Cannabis tax/accounting work confirmed; Flo Federman — National Marketing Director.,https://www.cannabismarketspotlight.com/ohiovalley | https://www.cbiz.com/events/cbiz-new-york-construction-summit,"IgniteIt Network | Organizations | Batch 2 audit, 2026-08-14; source pages retrieved and reviewed"
Cultivator / Processor / Dispensary,Certified Cultivators,Business,Adam Redding — Irrigation and IPM Manager,info@certifiedcultivators.com,937-741-2420,https://www.certifiedcultivators.com/contact,Central Ohio; Dayton / Miami Valley,Cannabis Operator; Cultivation,Source-verified,Angela Hamilton no longer presented as Certified's sales/marketing contact — she now surfaces with UpLift and shouldn't be attributed to Certified without another source.,https://certifieddispensary.com/terms-conditions/ | https://ochbs.com/speakers/,"Organizations | Speakers | Batch 1 audit, 2026-08-14; source pages retrieved and reviewed"
Consulting,"Certified Environmental, Inc.",Business,,ceitcramer@aol.com,419-884-2123,https://certifiedenvironmental.net/,"Mansfield, Ohio",Indoor Air Quality; Mold / Microbial Assessment; Industrial Hygiene; EHS / OSHA / EPA; Employee Training,Source-verified,"Ohio environmental and industrial-hygiene firm offering indoor-air-quality and mold assessment, environmental management systems and HAZWOPER training. Current first-party site and a 2023 Mansfield project report support active Ohio work. No cannabis-specific practice is published; included as a horizontal capability. Official company contact route retained.",https://certifiedenvironmental.net/ | https://certifiedenvironmental.net/id1.html | https://www.richlandsource.com/wp-content/uploads/2024/02/Final-GPR-Subsurface-Investigation-Report-Former-YMCA-Site-AO-1-Sep-23.pdf,"Facility & EHS gap research — 2026-08-16; source pages retrieved and reviewed | Pass 1 research (round 6), 2026-08-16; source pages retrieved and reviewed | Consulting issue-resolution pass — 2026-08-22; current first-party site and Ohio project evidence retrieved and reviewed"
Banking & Financial Services,Chicago Atlantic,Business,Steven Ernest — Head of Originations,info@chicagoatlantic.com,,https://www.refi.reit/about-us/,United States,Banking / Financial Services; Lending / Financing,Source-verified,Current parent-platform pages confirm Chicago Atlantic’s cannabis-focused private-credit strategy and Steven Ernest as Head of Originations. The current contact page accepts capital-raising inquiries and publishes info@chicagoatlantic.com as the organizational route. Retained as a national lender; no operator-specific banking relationship is published.,https://www.refi.reit/about-us/ | https://www.chicagoatlantic.com/ | https://www.chicagoatlantic.com/our-team/ | https://www.chicagoatlantic.com/contact/,"Organizations | Speakers | Batch 2 audit, 2026-08-14; source pages retrieved and reviewed | Banking & Financial Services audit, 2026-08-22; source pages retrieved and reviewed | Banking & Financial Services outreach-enrichment pass, 2026-08-23; direct organizational inbox verified"
Cultivator / Processor / Dispensary,Cielo Jardin / Treehaus / CJ's (Heylo),Business,Lo Friesen — Founder / CEO,,206-532-5444,https://www.heylocannabis.com/contact,"Euclid, Ohio cultivation; Parma, Ohio CJ's dispensary pre-opening; Heylo/Treehaus roots in Washington",Cannabis Operator; Cultivation; Dispensary / Retail,Source-verified,Cielo Jardin is the Ohio operating entity founded by Heylo/Treehaus founder Lo Friesen. Its active Euclid cultivator credential CCC000040-00 supports Treehaus flower and vapes in Ohio. Current 2026 speaker materials and Parma hiring identify the planned retail brand as CJ's; CCD000201-00 at 7385 State Rd remains provisional/pre-opening and is not counted as an operating storefront. The published phone/contact route remains Heylo corporate rather than an Ohio storefront line.,"https://www.heylocannabis.com/contact | https://www.heylocannabis.com/ | https://www.treehaus.com/ | https://www.cannabismarketspotlight.com/ohiovalley/speaker/2064636/lo-friesen | Ohio DCC Current Roster, Cielo Jardin LLC / CCC000040-00 and CCD000201-00","IgniteIt Network | Batch 3 audit, 2026-08-14; source pages retrieved and reviewed | Operator outreach-enrichment pass, 2026-08-22; source pages retrieved and reviewed | DCC legal-entity → trade-name mapping Batch 2, 2026-08-23; source pages retrieved and reviewed; roster-verified"
Events & Expos,"Cincinnati, Columbus and Cleveland Medical Marijuana Meetups",Nonprofit,Bonnie Rabin,bonnie@medicalmarijuanapatientcare.com,513-486-5977,https://www.meetup.com/cincinnati-medical-marijuana-meetup/,Cincinnati / Columbus / Cleveland,Events / Expos,Source-verified,"Bonnie Rabin's medical-marijuana meetup network remained active in 2026, with current Cincinnati, Columbus and Cleveland Meetup pages and recent events. Her published business email and phone provide a usable organizer route. The network is retained as an active community-event organizer; no nonprofit or separate legal-entity status is implied.",https://www.meetup.com/cincinnati-medical-marijuana-meetup/ | https://www.meetup.com/columbus-medical-marijuana-meetup-group/ | https://www.meetup.com/cleveland-medical-marijuana-meetup-group/ | https://www.medicalmarijuanapatientcare.com/about,Events & Expos research pass — 2026-08-22; source pages retrieved and reviewed | Events currency QA — 2026-08-22; source pages retrieved and reviewed
Insurance,"CIS Insurance Services, LLC (The Cannabis Insurance Company)",Business,"Lisa Chaumont — Founder, CEO & Chief Underwriting Officer",,303-495-3362,https://www.thecannabisinsurancecompany.com/,"Fort Collins, Colorado-based; nationwide",Insurance,Source-verified,"CORRECTION OF A PRIOR ERROR IN THIS WORKBOOK. This row previously conflated two separate companies: it carried thecannabisinsurancecompany.com (which is CIS Insurance Services, LLC, a Colorado MGA/wholesale broker led by Lisa Chaumont) alongside phone numbers 877-420-0042 / 818-996-0900 that actually belong to CannabisInsurance.com / 420Insurance.com, an unrelated operation. Independently confirmed via NCIA member news and CIS's own About page. This row is now CIS only; the other company was split out to its own record. Note a minor source discrepancy: NCIA lists Lisa Chaumont's direct line as 303-495-3375 while the audit gives the company line as 303-495-3362.",https://www.thecannabisinsurancecompany.com/,"Research pass — 2026-08-14; QA'd 2026-08-14 | Batch 4 audit, 2026-08-15; source pages retrieved and reviewed"
Accounting & Tax,Citrin Cooperman,Business,"Mitzi Keating — Partner; Founder/Co-Leader, Cannabis Advisory Services",,614-794-8710,https://www.citrincooperman.com/,Ohio offices and national cannabis advisory practice; no named Ohio cannabis client identified,Accounting; Tax,Source-verified,"Citrin Cooperman’s current Columbus office listing publishes this organizational phone; it is an Ohio office routing line, not Mitzi Keating’s direct number. The cannabis-practice page and Mitzi’s profile both provide intake forms for routing specifically to the Cannabis Advisory Services team. No named Ohio cannabis client is publicly identified.",https://www.citrincooperman.com/industries/cannabis-advisory-services | https://www.citrincooperman.com/Specialists/Mitzi-Keating | https://www.citrincooperman.com/locations/579-Executive-Campus-Drive | https://www.citrincooperman.com/Specialists/Cheryl-Lanese | https://www.citrincooperman.com/Contact-Us,"Research pass — 2026-08-14; QA'd 2026-08-14 | Batch 8 audit, 2026-08-15 | Legal & Accounting issue-resolution pass, 2026-08-22; source pages retrieved and reviewed | Accounting & Tax outreach-enrichment pass, 2026-08-23; source pages retrieved and reviewed"
Nonprofit & Advocacy,Civics Cannabis,Nonprofit,,info@civicscannabis.org,614-638-5876,https://civicscannabis.org/,Columbus / Ohio statewide,Nonprofit / Advocacy; Consumer Advocacy; Policy Advocacy; Education / Research; Social Equity,Source-verified,"Ohio nonprofit focused specifically on cannabis consumer advocacy, public education, evidence-based regulation and social equity. Its official site documents participation in the May 2026 Ohio Cannabis Expo and a June 2026 cannabis lobby day at the Ohio Statehouse. No named officer was published on the reviewed page, so the organizational route is used.",https://civicscannabis.org/,Research pass — 2026-08-22; source pages retrieved and reviewed
Real Estate / Build-Out,Claypool Electric,Business,John Line — Vice President of Estimating,jlines@claypoolelectric.com,740-653-5683,https://claypoolelectric.com/,"Central Ohio; Lancaster, Columbus, Newark and Athens offices",Real Estate / Build-Out; Electrical; Construction / Build-Out; Cultivation,Source-verified,"Ohio electrical contractor with a directly documented cannabis project. Its current portfolio describes a completed 65,000-square-foot Columbus grow and cultivation facility: a $2.3 million electrical contract covering 12 grow rooms, more than 2,000 light fixtures, a 3,500-amp service and 200 kW generator, plus drying, trimming and extraction areas. Completion is listed as 2021, with Lincoln Construction as general contractor. Current team and Ohio office/contact details independently confirmed on first-party pages.",https://claypoolelectric.com/industrial-plp/medical-marijuana-grow-and-cultivation-facility/ | https://claypoolelectric.com/about/our-team/ | https://claypoolelectric.com/contact/,Real Estate / Build-Out pass — 2026-08-22; source pages retrieved and reviewed
Real Estate / Build-Out,CLC Design Studio,Business,Christina Casile — Founder,,215-696-0231,https://clcdesignstudio.com/,Ohio and multiple U.S. cannabis markets,Real Estate / Build-Out,Source-verified,"CLEAN UPGRADE FROM INFERRED TO SOURCED: the Ohio connection is no longer an inference. The current portfolio explicitly includes Restore Ohio and the firm's stated client geography specifically includes Ohio. Documented Ohio project relationship, held at project level rather than promoted to a new directory row: a specific ""Restore | Ohio"" project (interior design, feasibility, budget/schedule, renderings) for a planned 4,700 SF Ohio dispensary, per CLC's own portfolio, with Restore Integrative Wellness Center documented as a repeat CLC client across multiple states. No evidence found that this specific Ohio project became a licensed operating dispensary — not added as an Ohio operator on that basis. Documented client relationship, geography unspecified: AYR Wellness (also in this Directory) — CLC's own company profile states founder Christina Casile designed two dispensaries for AYR Wellness; specific locations not identified in available sources, so not claimed as Ohio-specific.",https://clcdesignstudio.com/about-clc-design-studio/ | https://clcdesignstudio.com/contact/,"Research pass — 2026-08-14; QA'd 2026-08-14 | Batch 7 audit, 2026-08-15; source pages retrieved and reviewed | Pass 2 B2B relationship mapping (round 2), 2026-08-16; source pages retrieved and reviewed | Pass 2 B2B relationship mapping (round 4), 2026-08-16; source pages retrieved and reviewed"
Hemp / CBD Products & Ancillary,Clean Remedies,Business,Meredith Farrow — Founder & CEO,support@cleanremedies.com,216-777-3133,https://cleanremedies.com/,Northeast Ohio / Cleveland-Akron,Hemp / CBD; Hemp-derived THC; CBD,Source-verified,"Reclassified out of Cultivator/Processor/Dispensary: this is an Ohio hemp-derived CBD/THC wellness company, not a regulated marijuana operator.",https://cleanremedies.com/blogs/cbd-basics/clean-remedies-opens-doors-to-second-retail-store-in-westlake-ohio,"Organizations | Batch 2 audit, 2026-08-14; source pages retrieved and reviewed"
Events & Expos,Cleveland Cannabis and Music Expo,Business,,info@clevelandcannabisandmusicexpo.com | clevelandcannabisandmusicexpo@gmail.com,,https://linktr.ee/clevelandcannabisandmusic,Cleveland / Northeast Ohio,Events / Expos,Source-verified,"The organizer remains active, with a current Eventbrite organizer page showing 18 events and a current Linktree carrying event and contact routes. A July 25, 2026 event was completed and another listing was posted for August 29, 2026. The standalone homepage still foregrounds an older April 19, 2025 date, so use Eventbrite/Linktree for current scheduling and inquiries.",https://clevelandcannabisandmusicexpo.com/ | https://www.eventbrite.com/o/cleveland-cannabis-and-music-expo-103917146481 | https://linktr.ee/clevelandcannabisandmusic,Events & Expos research pass — 2026-08-22; source pages retrieved and reviewed | Events currency QA — 2026-08-22; source pages retrieved and reviewed
Out of scope — flagged for removal or separate list,Cloudbox,Business,Quentin Sauvage — Founder & CEO,contact@cloudboxapp.com,469-609-6956,https://www.cloudboxapp.com/contact-us,United States; no verified current Ohio deployment,Technology; POS; Metrc / Track-and-Trace,Source-verified,"Moved to the retained separate-list/out-of-scope bucket after Ohio-referral review. Cloudbox remains a current Dallas-based cannabis inventory-automation platform with direct Metrc/BioTrack sync; current first-party pages confirm Quentin Sauvage as Founder/CEO and publish a general contact route. Its named cannabis testimonials do not establish Ohio use, and no current Ohio operator/client or Ohio-specific configuration was found. Preserve as a national reference; do not present as Ohio-referral-safe without current Ohio evidence.",https://www.cloudboxapp.com/cannabis | https://www.cloudboxapp.com/about-us | https://www.cloudboxapp.com/contact-us,"Research pass — 2026-08-14; QA'd 2026-08-14 | Batch 5 audit, 2026-08-15 | Pass 1 research (round 3), 2026-08-16; source pages retrieved and reviewed | Technology audit, 2026-08-22; source pages retrieved and reviewed | v67-TECH2 Technology disposition pass, 2026-08-23; first-party cannabis, leadership and contact pages retrieved and reviewed"
Nonprofit & Advocacy,Coalition to Regulate Marijuana Like Alcohol (Ohio),Nonprofit,Thomas G. Haren — Spokesperson,info@justlikealcohol.com,,https://www.facebook.com/JustLikeAlcohol/,Ohio statewide,Nonprofit / Advocacy; Policy Advocacy; Ballot Campaign; Adult-Use Legalization; Issue 2,Source-verified,"Ohio cannabis ballot campaign committee/PAC that wrote and led the successful 2023 Issue 2 adult-use initiative and remained active in 2026 cannabis-policy debate, publicly opposing the referendum effort targeting Senate Bill 56. “Nonprofit” is the Directory’s closest noncommercial organization Type, not a claim of 501(c)(3) status.",https://www.statenews.org/government-politics/2026-02-03/effort-to-repeal-ohio-marijuana-hemp-law-can-move-forward-yost-says | https://ballotpedia.org/Ohio_Issue_2%2C_Marijuana_Legalization_Initiative_%282023%29 | https://www.frantzward.com/professionals/haren-thomas-g/,Research pass — 2026-08-22; source pages retrieved and reviewed
Marketing & Media,Coffman Media,Business,Jason Ault — Co-Founder & CEO,sales@coffmanmedia.com,800-269-6146,https://coffmanmedia.com/,Cincinnati and Ohio / nationwide,Marketing / Media; Content / Social Media; Signage / Graphics; Media / Publication; POS; Digital Signage / Kiosks,Source-verified,"Provides cannabis-dispensary digital menu boards, POS-integrated signage, kiosks, compliance messaging, content management, installation, and support. Its official cannabis page specifically offers service to Cincinnati dispensaries, while the company states that it serves all 50 states.",https://coffmanmedia.com/cannabis-dispensary-digital-signage-cincinnati-ohio,"Research pass — 2026-08-14; source pages retrieved and reviewed; Batch 11 audit — 2026-08-15; source pages retrieved and reviewed | Pass 1 research (round 11, from v54 queue), 2026-08-16; source pages retrieved and reviewed | Marketing & Media audit, 2026-08-22; source pages retrieved and reviewed"
Accounting & Tax,CohnReznick,Business,Michael Harlow — Cannabis Industry Practice Leader,,301-907-2330 | Office: 301-652-9100,https://www.cohnreznick.com/people/michael-harlow,United States and global reach,Accounting; Tax,Source-verified,"TITLE CORRECTED: “Managing Partner, Cannabis Industry” was not a supported title and has been replaced with the one the firm actually uses. Cannabis practice itself confirmed.",https://www.cohnreznick.com/industries/consumer-and-industrial/cannabis,"Research pass — 2026-08-14; QA'd 2026-08-14 | Batch 8 audit, 2026-08-15; source pages retrieved and reviewed"
Out of scope — flagged for removal or separate list,ColaDigital,Business,Vee Popat — Founder & Cannabis Marketing Strategist,sayhello@coladigital.ca,1-905-246-6700,https://coladigital.ca/,United States and Canada; no current Ohio cannabis client/project established,Marketing / Media,Source-verified,"Retained on the separate list as a current cannabis-marketing agency, but removed from the publishable Ohio referral set. Current first-party material documents North American reach, named Canadian and other U.S. client examples, and Ohio market guidance; it does not identify a current Ohio-licensed cultivator, processor or dispensary client or a completed Ohio cannabis project. Ohio guidance alone is not treated as deployment evidence.",https://coladigital.ca/ | https://coladigital.ca/medical-marijuana-marketing-strategy-ideas/,"Research pass — 2026-08-14; QA'd 2026-08-14 | Batch 6 audit, 2026-08-15 | Pass 1 research (round 4), 2026-08-16; source pages retrieved and reviewed | Marketing & Media audit, 2026-08-22; source pages retrieved and reviewed | Marketing & Media national-padding disposition, 2026-08-23; current source pages retrieved and reviewed"
Consulting,Collateral Base,Business,Thomas Howard — Founder / Managing Director,tom@collateralbase.com,309-306-1095,https://collateralbase.com/,Nationwide; direct Ohio licensing experience,Consulting; Regulatory Compliance,Source-verified,"Current first-party pages supply Thomas Howard's direct business email and phone and confirm the firm now emphasizes operational consulting, licensing readiness, market analysis and cannabis retail performance. Legal questions are routed separately to counsel.",https://collateralbase.com/ | https://collateralbase.com/thomas-howard/ | https://collateralbase.com/money-leak-map/,"Research pass — 2026-08-14; source pages retrieved and reviewed; Batch 10 audit — 2026-08-15; source pages retrieved and reviewed | Consulting outreach-enrichment pass, 2026-08-23; source pages retrieved and reviewed"
Banking & Financial Services,Community Choice Credit Union,Business,"Brent Burkhard — Business Development Manager, State of Ohio",bburkhard@communitychoicecu.com,877-243-2528 ext. 2708 | 330-412-8693,https://www.communitychoicecu.com/ohio-cannabis-business-services/,Ohio — statewide,Banking / Financial Services; Credit Union,Source-verified,"Current first-party Ohio cannabis-banking page confirms cash handling, treasury services, armored-vehicle services and lending. Community Choice also discloses Tru Treasury as its treasury-management platform partner.",https://www.communitychoicecu.com/ohio-cannabis-business-services/,"IgniteIt Network | Organizations | Batch 1 audit, 2026-08-14; source pages retrieved and reviewed | Banking & Financial Services audit, 2026-08-22; source pages retrieved and reviewed"
Nonprofit & Advocacy,Compassionate Alternatives,Nonprofit,Emilie Kelleher — Founder & President,hello@compassionatealternatives.org,,https://compassionatealternatives.org/,Ohio / United States,Nonprofit / Advocacy; Patient Education; Medical Cannabis; Community Events; Public Outreach,Source-verified,"Columbus-founded 501(c)(3) cannabis education and patient-support nonprofit. Its first-party site documents seminars and webinars with medical experts, Canna-Network social events, public outreach and educational resources intended to reduce misinformation and stigma around medical cannabis.",https://compassionatealternatives.org/about/ | https://compassionatealternatives.org/contact/,Research pass — 2026-08-22; source pages retrieved and reviewed
Cultivator / Processor / Dispensary,Consume Cannabis (PTS Grows),Business,,,513-461-7080,https://consumecannabis.com/,"Alliance, Ashtabula, Cincinnati and Oxford, Ohio; also Illinois and Arizona",Cannabis Operator; Dispensary / Retail,Source-verified,"Consume's current first-party site confirms four Ohio storefronts. The current DCC roster maps Oxford and Alliance to LMTT LLC (CCD000108-00 and CCD000246-00), Cincinnati to Consume Cannabis Co. (CCD000206-00), and the newly confirmed Ashtabula address at 2202 Metcalf Drive to Terradiol Ohio, LLC (CCD000302-00). These are one consumer brand across three Ohio legal entities, not four separate organizations. Organizational contact route used.","https://consumecannabis.com/ | https://consumecannabis.com/contact-us/ | Ohio DCC Current Roster, CCD000108-00 / 206-00 / 246-00 / 302-00 | https://www.journal-news.com/news/oxfords-two-medical-marijuana-dispensaries-on-path-to-recreational-sales/","Pass 2 B2B relationship mapping, 2026-08-16; source pages retrieved and reviewed | Cultivator / Processor / Dispensary issue-resolution pass, 2026-08-22; source pages retrieved and reviewed; DCC roster checked"
Packaging & Labeling,Contempo Packaging,Business,Michael Markarian — CEO,wow@contempocard.com,401-272-4210,https://www.contempocard.com/,North America and global manufacturing,Packaging / Labeling,Source-verified,Active cannabis packaging supplier; core service and contact claims hold. Second-generation family company; current cannabis pages describe it as run by Michael and Vark Jr.,https://www.contempocard.com/products/all-paper-child-resistant-cigarette-box | https://www.contempocard.com/products/vault-box,"Research pass — 2026-08-14; QA'd 2026-08-14 | Batch 9 audit, 2026-08-15; source pages retrieved and reviewed | Pass 1 research (round 8, from v51 queue), 2026-08-16; source pages retrieved and reviewed"
Insurance,Contractors Choice Agency — Cannabis Insurance,Business,Josh — Contractors Choice Agency,,844-967-5247,https://eandsinsurance.com/services/cannabis-business-insurance,All 50 states,Insurance,Source-verified,Entity current; Website normalized to the current E&S cannabis-insurance page used by Contractors Choice Agency.,https://eandsinsurance.com/services/cannabis-business-insurance,"Research pass — 2026-08-14; QA'd 2026-08-14 | Batch 4 audit, 2026-08-15; source pages retrieved and reviewed"
Hemp / CBD Products & Ancillary,Cornbread Hemp,Business,Jim Higdon — Co-Founder,support@cornbreadhemp.com,502-289-1552,https://www.cornbreadhemp.com/,Kentucky-based / Ohio retail availability documented,Hemp / CBD; Hemp-derived THC; CBD; Dispensary / Retail,Source-verified,"Kentucky hemp-derived CBD/THC products brand co-founded by Jim Higdon. Not an Ohio DCC licensee and therefore not a plant-touching Ohio operator, but current first-party Cleveland material documents retail availability at multiple Ohio stores. Retained as a hemp/CBD ancillary provider with demonstrated Ohio distribution.",https://www.cornbreadhemp.com/pages/thc-drinks-cleveland,IgniteIt Network; split during research cleanup — 2026-08-14; Batch 11 audit — 2026-08-15; source pages retrieved and reviewed
Out of scope — flagged for removal or separate list,Cova Software,Business,,hello@covasoftware.com,888-667-2685,https://www.covasoftware.com/contact,United States and Canada; current published market list omits Ohio,Technology,Source-verified,"Moved to the retained separate-list/out-of-scope bucket after Ohio-referral review. Cova remains a current cannabis POS/ecommerce platform with a direct sales email, demo route and callback number. Its current first-party Markets We Serve page names 21 U.S. states and six Canadian provinces but omits Ohio; no current Ohio operator/client or Ohio-specific configuration was found. Metrc/Retail ID integration is capability evidence, not Ohio deployment. Preserve as a national reference; do not present as Ohio-referral-safe without current Ohio evidence.",https://www.covasoftware.com/pos/markets | https://www.covasoftware.com/contact | https://www.covasoftware.com/,"Research pass — 2026-08-14; QA'd 2026-08-14 | Batch 5 audit, 2026-08-15 | Pass 1 research (round 3), 2026-08-16; source pages retrieved and reviewed | Technology audit, 2026-08-22; source pages retrieved and reviewed | v67-TECH2 Technology disposition pass, 2026-08-23; first-party market, product and contact pages retrieved and reviewed"
Insurance,"Cover Cannabis (brand of Inszone Insurance Services, Inc.)",Business,,info@covercannabis.com,833-819-5010,https://covercannabis.com/,United States — intake/referral; Ohio subject to licensed producer,Insurance,Source-verified,"Current first-party evidence resolves the identity conflict by narrowing the role. The contact page identifies the mailing entity as ""Cover Cannabis – Inszone Insurance Services, Inc."" and offers cannabis-insurance intake, while the same site's footer states that Cover Cannabis is not an insurance agency and is a marketing resource connecting business owners with professional insurance representation. Retained as Inszone's cannabis-specialist intake/referral brand, not as a carrier or separately licensed agency. Use the published phone, email or contact form, and require the producing Inszone agent to confirm Ohio authority and carrier availability before binding.",https://covercannabis.com/contact-us/ | https://covercannabis.com/cannabis-insurance/product-liability/ | https://inszoneinsurance.com/,"Research pass — 2026-08-14; QA'd 2026-08-14 | Batch 5 audit, 2026-08-15 | Pass 1 research (round 2), 2026-08-16; source pages retrieved and reviewed | Insurance evidence/source repair, 2026-08-22; source pages retrieved and reviewed"
Testing Labs,"CP Labs Ohio Operating Company, LLC",Business,Brett Dalke — Business Development | Scott Jared — Laboratory Contact,bdalke@cplabsohio.com | sjared@cplabsohio.com,216-789-6878,https://cplabsoh.wordpress.com/2024/04/17/cannabinoids/,Statewide / Columbus,Cannabis Testing; Compliance Testing; Potency Testing; Microbial Testing; Mold / Microbial; Terpene Testing; Pesticide Testing; Heavy Metals Testing; Residual Solvents Testing,Source-verified,"Licensed Ohio cannabis compliance laboratory offering potency, terpene, microbial, pesticide, heavy-metal, residual-solvent and related testing. Ohio dual-use certificate listing and operating claims rechecked 2026-08-14; use the Ohio license search for live credential status. Verified against the current Ohio DCC testing-laboratory roster: dual-use laboratory holding a Certificate of Operation under licence CCL000017-00. Capability note: microbial and potency testing are tagged for every DCC-licensed laboratory because they form part of the state-mandated compliance panel every licensed lab must run — this is inferred from licensure, not from the lab's own marketing. Confirm the full test menu and any specialist capability directly.",https://elicense.com.ohio.gov/s/licensesearch | https://com.ohio.gov/divisions-and-programs/cannabis-control/about-dcc/licenses/testing-labs,Research pass — 2026-08-14; QA'd 2026-08-14; licence verified against Ohio DCC roster — 2026-08-15
Packaging & Labeling,CRATIV Packaging,Business,"Bill Ludlow, P.E. — Founder",sales@crativpackaging.com,720-651-9384,https://crativpackaging.com/,Ohio-certified | North America,Packaging / Labeling; Child-Resistant Packaging,Source-verified,"Provenance concern cleared: first-party site explicitly states Ohio certifications for its child-resistant cannabis packaging. TITLE CORRECTED: current first-party About page says Founder, not the Founder/CEO framing used in an earlier reference — narrower current title used.",https://crativpackaging.com/ochbs/ | https://crativpackaging.com/the-benefits-of-professional-cannabis-packaging-labeling-solutions/,"Research pass — 2026-08-14; QA'd 2026-08-14 | Batch 9 audit, 2026-08-15; source pages retrieved and reviewed | Pass 1 research (round 8, from v51 queue), 2026-08-16; source pages retrieved and reviewed"
Cultivator / Processor / Dispensary,Cresco Labs / Sunnyside,Business,Sharon Schuler — Chief Financial Officer / published corporate contact,info@crescolabs.com,312-929-0993,https://investors.crescolabs.com/news/news-details/2026/Cresco-Labs-Reports-First-Quarter-2026-Financial-Results-Advances-Multiple-Growth-Initiatives/default.aspx,Statewide Ohio (8 dispensaries as of May 2026),Cannabis Operator; Dispensary / Retail,Source-verified,Ohio footprint confirmed at eight dispensaries as of May 2026. Batch 3 resolves Care Med Associates LLC / CCD000024-00 to Sunnyside Cincinnati by the exact 5149 Kennedy Ave address; retain one Cresco/Sunnyside family row.,"https://investors.crescolabs.com/news/news-details/2021/Cresco-Labs-Closes-Acquisition-of-Verdant-Creations-Four-Dispensaries-Reaches-Maximum-Retail-Licenses-in-Ohio/default.aspx | https://www.sec.gov/Archives/edgar/data/1832928/000183292826000005/q42025mda.htm | https://spectrumnews1.com/oh/columbus/news/2026/04/23/cannabis-gummies-in-ohio-recalled | Ohio DCC Current Roster, Care Med Associates LLC / CCD000024-00","Organizations | Batch 2 audit, 2026-08-14; source pages retrieved and reviewed | DCC legal-entity → trade-name mapping Batch 3, 2026-08-23; source pages retrieved and reviewed; roster-verified"
Accounting & Tax,Crowe,Business,"Marc Claybon — Principal, Tax; Mike Varney — Partner, Risk Consulting",,216-623-7553,https://www.crowe.com/industries/cannabis,Statewide / Multi-Market,Accounting; Tax,Source-verified,"Cannabis practice confirmed. Marc Claybon — Principal, Tax; Mike Varney — Partner, Risk Consulting.",https://www.cannabismarketspotlight.com/ohio/home | https://www.cannabismarketspotlight.com/ohiovalley | https://www.crowe.com/industries/cannabis/operations,"IgniteIt Network | Organizations | Batch 2 audit, 2026-08-14; source pages retrieved and reviewed"
Staffing & HR,CSC Schools (Cleveland School of Cannabis),Business,,,(484) 947-6903,https://cscschools.edu/,Ohio / online,Staffing / HR; Employee Training,Source-verified,"Ohio-founded cannabis career-training organization offering fully online programs in cultivation, processing, dispensary operations, entrepreneurship, compliance and workforce preparation. ENTITY UPDATE: the original physical campus closed in 2024; new ownership took over in early 2025, converted the school to a virtual institution and is renaming it Continental School of Cannabis. The current site does not name the new owners, so organizational resolution remains correct and old Cleveland School leadership was not carried forward. The current first-party homepage publishes the organization phone and one-on-one booking route.",https://cscschools.edu/ | https://ohiocapitaljournal.com/2023/11/01/cleveland-school-of-cannabis-teaches-students-how-to-work-in-marijuana-industry/,"Research pass — 2026-08-14; source pages retrieved and reviewed; Batch 11 audit — 2026-08-15; source pages retrieved and reviewed | Pass 1 research (round 11, from v54 queue), 2026-08-16; source pages retrieved and reviewed | Staffing & HR outreach-enrichment pass, 2026-08-23; source pages retrieved and reviewed"
Cultivator / Processor / Dispensary,Culture Cannabis Club,Business,,,804-806-5240,https://culturecannabisclub.com/location/akron-oh/,"Akron, Ohio — current first-party Culture storefront",Dispensary / Retail,Source-verified,"The current DCC roster confirms Culture Retail Partners of Ohio, Inc. holds active Akron and Columbus dispensary licenses. Culture's current 2026 first-party location list presents only Akron under the Culture Cannabis Club brand. Terminal disposition: publish Akron as the current Culture storefront; retain the Columbus license only as a same-entity legal-footprint fact, with the consumer DBA unconfirmed rather than asserted. Organizational route used. SETTLED TRANSFER: On 2026-09-01 Klutch announced DCC approval of the transfer of the Grandview license and storefront at 1305 Holly Ave. Culture's Akron storefront, CCD000109-00, is unchanged.","Ohio DCC Current Roster, Culture Retail Partners of Ohio Inc. / CCD000109-00 and CCD000263-00 | https://culturecannabisclub.com/location/akron-oh/ | https://www.prnewswire.com/news-releases/klutch-cannabis-announces-acquisition-of-second-columbus-dispensary-in-grandview-relocation-of-tallmadge-store-to-new-flagship-location-in-akron-302866476.html","Pass 2A promotion — 12 confirmed candidates, 2026-08-17; source pages retrieved and reviewed | Cultivator / Processor / Dispensary issue-resolution pass, 2026-08-22; source pages retrieved and reviewed; DCC roster checked"
Cultivator / Processor / Dispensary,Curaleaf Ohio,Business,Camilo Lyon — Chief Investment Officer / published corporate contact,IR@curaleaf.com,781-451-0150,,Statewide / Multi-Market,Cannabis Operator,Source-verified,"Ohio presence confirmed; note some expansion is through branded/support-service partnerships with future ownership rights subject to approval, rather than simple direct ownership.",https://edgar.secdatabase.com/1071/110465923029644/filing-main.htm | https://www.sec.gov/Archives/edgar/data/1756770/000175677026000058/a2026-06x22xcuraleafxann.htm,"Organizations | Batch 2 audit, 2026-08-14; source pages retrieved and reviewed"
Packaging & Labeling,Custom Cones USA,Business,Harrison Bard — Co-Founder & CEO,Support@CustomConesUSA.com,833-582-6637,https://customconesusa.com/,"United States, Canada, and international",Packaging / Labeling,Source-verified,Active cannabis packaging supplier; core service and contact claims hold. May 2026 coverage explicitly confirms both co-founder and CEO.,https://tubesandcones.com/,"Research pass — 2026-08-14; QA'd 2026-08-14 | Batch 9 audit, 2026-08-15; source pages retrieved and reviewed | Pass 1 research (round 8, from v51 queue), 2026-08-16; source pages retrieved and reviewed"
Hemp / CBD Products & Ancillary,Cycling Frog / North Fork Distribution,Business,Customer Support,info@cyclingfrog.com,206-785-1760,https://cyclingfrog.com/,National / Ohio — statewide sales currently protected by company-specific injunction,Hemp / CBD; Hemp-derived THC; THC Beverages; Gummies; Wholesale; Direct-to-Consumer; Ohio Sales,Source-verified,"National hemp-derived THC/CBD beverage and edible brand with current direct sales, wholesale access and customer support. Current Ohio status resolved: a Sandusky County order extended company-specific protection statewide in May 2026, allowing North Fork Distribution / Cycling Frog products to be sold through third-party Ohio retailers; the court later denied the Ohio Attorney General's request to revoke that relief. Cycling Frog's current shipping policy says Delta-9 products ship only where legally allowed, and contemporaneous reporting documents Ohio retail availability. The protection remains interim and specific to Cycling Frog and its products; it is not a statewide authorization for unrelated hemp brands.",https://cyclingfrog.com/pages/about-us | https://cyclingfrog.com/pages/contact-us | https://cyclingfrog.com/pages/shipping-policy | https://www.toledoblade.com/local/politics/2026/05/15/sandusky-county-judge-grants-partial-injunction-in-hemp-case/stories/20260515095 | https://www.aol.com/news/judge-upholds-decision-allow-one-110000288.html,"Hemp / CBD research pass — 2026-08-22; source pages retrieved and reviewed | Hemp legal-status resolution pass, 2026-08-23; first-party storefront, shipping/support pages and current Ohio court-status reporting retrieved and reviewed"
Banking & Financial Services,Dama Financial (LeafLink Financial Services),Business,,banking@leaflink.com,,https://www.leaflink.com/banking,United States,Banking / Financial Services; Lending / Financing,Source-verified,"LeafLink Financial Services operates under the Dama Financial brand and is a fintech, not an FDIC-insured bank. Current disclosures identify OMB Bank, First Option Bank and Dart Bank as partner institutions for banking/card services; users should look through to the partner institution for deposit and card terms. Current first-party business-banking sales route: banking@leaflink.com. Dama client-service email/phone routes were not repurposed as prospecting contacts.",https://www.leaflink.com/banking | https://www.leaflink.com/contact-us/ | https://www.leaflink.com/banking/faqs/ | https://www.leaflink.com/press/leaflink-acquires-leading-cannabis-banking-platform-dama-financial/,"Research pass — 2026-08-14; QA'd 2026-08-14 | Batch 7 audit, 2026-08-15; source pages retrieved and reviewed | Pass 1 research (round 7, from v50 queue), 2026-08-16; source pages retrieved and reviewed | Banking & Financial Services audit, 2026-08-22; source pages retrieved and reviewed | Banking & Financial Services outreach-enrichment pass, 2026-08-23; direct banking-sales inbox verified"
Marketing & Media,DEEPROOTS,Business,Matthew Shterenberg — Co-Founder & CEO,matt@deeproots.io,,https://deeproots.io/,United States nationwide; Ohio client work via The Botanist,Marketing / Media,Source-verified,"Flag cleared on direct client evidence: Dutchie's current case study credits DEEPROOTS with SEO for The Botanist's multi-state rebuild, including its Ohio operations. Reported performance figures remain vendor-published, not independently audited. OUTREACH ROUTE (2026-08-23): the live first-party site exposes a protected email link; CaNORML's current member directory identifies Matthew Shterenberg's customer route as matt@deeproots.io. No phone was promoted.",https://deeproots.io/ | https://dutchie.com/business/cannabis-retail-case-studies-customer-stories/the-botanist-e-commerce-pro-replatform-49-new-customers | https://www.canorml.org/cannabis-resource-directory/business-services/business-services-directory/deeproots-partners/,"Research pass — 2026-08-14; QA'd 2026-08-14 | Batch 6 audit, 2026-08-15 | Pass 1 research (round 4), 2026-08-16; source pages retrieved and reviewed | Pass 2 B2B relationship mapping (round 4), 2026-08-16; source pages retrieved and reviewed | Marketing & Media audit, 2026-08-22; source pages retrieved and reviewed | Marketing & Media outreach-enrichment pass, 2026-08-23; source pages retrieved and reviewed"
Security & Cash Logistics,DEM360,Business,Jonathan Strauss — Owner / President,jstrauss@dem360.com,301-850-0646,https://www.dem360.com/our-services/cannabis-security,Ohio and multistate,Security / Cash Logistics,Source-verified,"Flag cleared on strong first-party confirmation: DEM360 states it has planned/implemented systems at six Ohio cannabis facilities — Athens, Columbus, Beavercreek, Hillsboro, Ironton and Wapakoneta. Confirmed consistently across DEM360's own Ohio city landing pages (Cincinnati, Cleveland, Columbus, Akron, Dayton). Documented current client roster (security/IT services): DEM360's cannabis-security page names Trulieve, Story Cannabis and AYR Wellness among its clients, alongside its previously documented six named Ohio facility installations. All three named clients are entries in this Directory. Specific Ohio-facility attribution for these three is not established beyond DEM360's general client list — the six named Ohio installations remain the more specific evidence.",https://www.dem360.com/our-services/cannabis-security,"Research pass — 2026-08-14; QA'd 2026-08-14 | Batch 5 audit, 2026-08-15; source pages retrieved and reviewed | Pass 1 research (round 2), 2026-08-16; source pages retrieved and reviewed | Reconciliation pass against a duplicate/older-snapshot research round, 2026-08-16; source pages retrieved and reviewed | Pass 2 B2B relationship mapping (round 2), 2026-08-16; source pages retrieved and reviewed"
Legal & Licensing,Dentons,Business,Malina Dumas — Partner,malina.dumas@dentons.com,207-835-4355,https://www.dentons.com/en/malina-dumas,National cannabis licensing and regulatory practice; current Ohio industry programming; no Ohio client disclosed,Legal; Licensing,Source-verified,"Current Dentons profile confirms Malina E. Dumas as a Partner on the Cannabis and Corporate teams, with nationwide licensing, regulatory, government-relations and transaction work. Current first-party direct route: malina.dumas@dentons.com and 207-835-4355. Her Ohio event participation establishes current Ohio industry engagement, not a disclosed Ohio client engagement.",https://www.dentons.com/en/malina-dumas | https://www.cannabismarketspotlight.com/ohio/home,"IgniteIt Network | Batch 1 audit, 2026-08-14; source pages retrieved and reviewed | Legal & Licensing outreach-enrichment pass, 2026-08-23; first-party profile and contact routes reviewed"
Technology,Detroit Dispensing Solutions,Business,Chris Joseph — Founder & CEO,sales@detroitdispensingsolutions.com,313-450-9889,https://www.detroitdispensingsolutions.com/contactus,Michigan-based / multi-market; Ohio-market engagement documented,Consulting,Source-verified,"Reclassified from Consulting to Technology. Current first-party materials show an equipment manufacturer selling cannabis filling, dispensing, infusion and vacuum/decarb systems, not a management consultancy. Direct sales email and phone added; Chris Joseph remains the current founder and CEO.",https://www.detroitdispensingsolutions.com/contactus | https://www.detroitdispensingsolutions.com/ | https://ochbs.com/speakers/,"Organizations | Speakers | Batch 2 audit, 2026-08-14; source pages retrieved and reviewed | Consulting outreach-enrichment pass, 2026-08-23; source pages retrieved and reviewed; category corrected"
Cultivator / Processor / Dispensary,Dialed In Gummies,Business,Nick Halkides — Lab Director,,720-583-4606,https://dialedingummies.com/contact/,Statewide Ohio distribution / multi-market brand,Cannabis Operator; Edibles / Infused Products,Source-verified,"The current official Ohio page confirms market activity. Dialed In’s current brand/client portal publishes a main organizational phone and explicitly invites collaboration inquiries; its protected email was not guessed. The official form remains available, and older publicity contacts were not repurposed.",https://dialedingummies.com/contact/ | https://dialedingummies.com/ohio/ | https://ochbs.com/speakers/ | https://drop.dialedin.us/about/ | https://drop.dialedin.us/collab/,"Organizations | Speakers | Batch 2 audit, 2026-08-14; source pages retrieved and reviewed | Operator outreach-enrichment pass, 2026-08-22; source pages retrieved and reviewed | Operator residual outreach-enrichment challenge pass, 2026-08-23; source pages retrieved and reviewed"
Legal & Licensing,Dickinson Wright PLLC,Business,Lloyd Pierre-Louis — Member,LPierre-louis@dwlaw.com,614-591-5490,https://www.dickinson-wright.com/our-people/lloyd-pierre-louis,Ohio and national,Legal; Licensing,Source-verified,"MATERIAL CONTACT CORRECTION — the email domain changed. Lloyd Pierre-Louis is currently a Member, and his address is LPierre-louis@dwlaw.com, NOT @dickinsonwright.com as previously recorded here. Mail to the old domain may fail silently. Phone unchanged. His current profile explicitly covers cannabis law and Ohio licensing.",https://www.dickinson-wright.com/our-people/lloyd-pierre-louis,"Research pass — 2026-08-14; QA'd 2026-08-14 | Batch 6 audit, 2026-08-15; source pages retrieved and reviewed"
Marketing & Media,Digital Third Coast,Business,George Zlatin — Co-Founder & Chief Marketing & Product Officer,,773-904-2700,https://www.digitalthirdcoast.com/digital-pr-for-cannabis-companies,United States nationwide,Marketing / Media,Source-verified,Current first-party material confirms U.S.-wide digital marketing and PR services for cannabis companies and dispensaries. Ohio-specific clients are not claimed; national availability resolves the former geography flag.,https://www.digitalthirdcoast.com/digital-marketing-for-cannabis-companies | https://www.digitalthirdcoast.com/digital-pr-for-cannabis-companies,"Research pass — 2026-08-14 | Batch 9 audit, 2026-08-15 | Pass 1 research (round 9, from v52 queue), 2026-08-16; source pages retrieved and reviewed | Marketing & Media audit, 2026-08-22; source pages retrieved and reviewed"
Staffing & HR,"Direct Recruiters, Inc.",Business,Max Resnik — Executive Recruiter; cannabis practice contact,mresnik@directrecruiters.com,440-754-3440,https://directrecruiters.com/practice-areas/cannabis-executive-search-and-recruiters/,Ohio / United States; Northeast Ohio based,Staffing / HR; Staffing / Recruiting,Source-verified,Email conflict resolved from two current first-party pages: mresnik@directrecruiters.com (no trailing “e”) and 440-754-3440. DRI's cannabis practice page still directs cannabis recruiting inquiries to Max Resnik; his current team-page title is Executive Recruiter.,https://directrecruiters.com/practice-areas/cannabis-executive-search-and-recruiters/ | https://directrecruiters.com/team/max-resnik/,"Research pass — 2026-08-14; QA'd 2026-08-14 | Batch 4 audit, 2026-08-15 | Staffing & HR pass, 2026-08-22; source pages retrieved and reviewed"
Packaging & Labeling,Direct Target Products,Business,Karin Lucas,,330-410-9023 | Main: 330-421-9809,https://directtargetproducts.com/contact/,"Spencer, Ohio | Ohio-serving",Packaging / Labeling,Source-verified,"Spencer, Ohio address, cannabis product line, named contact and both phone numbers all confirmed current.",https://directtargetproducts.com/industries/cannabis-product-packaging/,"Research pass — 2026-08-14; QA'd 2026-08-14 | Batch 8 audit, 2026-08-15; source pages retrieved and reviewed"
Packaging & Labeling,Dispensary Supply,Business,"Nikki Martus — Head of Sales, Dispensary Supply / Cannatron",info@dispensarysupply.com,855-977-0420,https://www.dispensarysupply.com/,United States,Packaging / Labeling,Source-verified,"Generic Ohio-availability flag cleared: current site states it supplies growers, processors and dispensaries across the U.S. Note that state-specific packaging compliance remains the buyer's responsibility — nationwide shipping is not a compliance guarantee. Cannatron currently treats Dispensary Supply as part of its product structure. Organizational route used rather than a personal address, per standard practice.",https://www.dispensarysupply.com/,"Research pass — 2026-08-14; QA'd 2026-08-14 | Batch 9 audit, 2026-08-15; source pages retrieved and reviewed | Pass 1 research (round 8, from v51 queue), 2026-08-16; source pages retrieved and reviewed"
Banking & Financial Services,Dispo ATM,Business,,matt@dispoatm.com,602-399-2383,https://www.dispoatm.com/,All 50 states,Banking / Financial Services,Source-verified,"Identity corrected: the prior row combined dispensaryatm.net with Dispo ATM's email and phone. This record now consistently represents Dispo ATM, whose current first-party site advertises traditional cash ATM service in all 50 states. It is not treated as a cashless-ATM payment rail.",https://www.dispoatm.com/,"Research pass — 2026-08-14; QA'd 2026-08-14 | Batch 8 audit, 2026-08-15 | Pass 1 research (round 7, from v50 queue), 2026-08-16; source pages retrieved and reviewed | Banking & Financial Services audit, 2026-08-22; source pages retrieved and reviewed"
Consulting,DMD Environmental Consultants,Business,,DMD@DMDEnv.com,419-473-1980,https://www.dmdenv.com/industrial_hygiene,"Toledo, Ohio and Northwest Ohio",Indoor Air Quality; Mold / Microbial Assessment; Industrial Hygiene; Environmental Monitoring,Source-verified,"Toledo-based environmental consultancy serving Ohio, Michigan and Indiana with mold inspection and industrial-hygiene services for commercial and institutional buildings. Current official site routes inquiries through the company. No cannabis-specific practice is published; included as an Ohio horizontal capability.",https://www.dmdenv.com/industrial_hygiene,"Facility & EHS gap research — 2026-08-16; source pages retrieved and reviewed | Pass 1 research (round 6), 2026-08-16; source pages retrieved and reviewed | Consulting issue-resolution pass — 2026-08-22; current first-party company and industrial-hygiene pages retrieved and reviewed"
Real Estate / Build-Out,Dominion AG (DAG),Business,Mark Gemignani — CEO,,305-661-2700,https://www.dagfacilities.com/contact/,Ohio project experience | National,Real Estate / Build-Out,Source-verified,"Current first-party project page documents Dominion AG's $14M Ascension BioMedical expansion in Oberlin, Ohio. DAG led the pre-construction phase, including design documentation, early procurement and final cost components; a later construction phase is documented separately under ARCO, so this record does not imply full-project delivery. The previously listed dag@dagfacilities.com address repeatedly timed out with delivery status 4.4.1 and has been removed from the active email field. Use the official project-inquiry form or 305-661-2700, and reconfirm delivery before another email send.",https://www.dagfacilities.com/designer-and-builder-of-cea-facilities-inks-14m-contract-for-expansion-of-indoor-cannabis-cultivation-facility-in-ohio/ | https://www.dagfacilities.com/contact/,"Research pass — 2026-08-14; QA'd 2026-08-14 | Batch 7 audit, 2026-08-15; source pages retrieved and reviewed | Pass 2 B2B relationship mapping (round 2), 2026-08-16; source pages retrieved and reviewed | Gmail outreach bounce reconciliation, 2026-08-22; delivery diagnostics reviewed | v67-RE2 Real Estate / Build-Out disposition pass, 2026-08-23; first-party project and contact pages retrieved and reviewed"
Real Estate / Build-Out,"Dr. Greenhouse, Inc.",Business,"Dr. Nadia Sabeh, PhD, PE, LEED AP — President and Founder",,916-476-6078,https://www.doctorgreenhouse.com/,Ohio project experience | International,Real Estate / Build-Out; HVAC / Climate Control; Dehumidification; Ventilation / Air Filtration; Architecture / Engineering,Source-verified,"First-party portfolio confirms its Buckeye Relief project in Eastlake, Ohio; Buckeye Relief is also an entry in this Directory. Extensively and independently corroborated across trade press, podcasts and speaker bios going back years. Bonus finding: Sabeh is a licensed Mechanical Engineer in both California and Ohio, and her own recent professional activity references a completed Ohio install — reinforcing the existing Buckeye Relief (Eastlake) project already on file. Documented client relationship: Buckeye Relief (Eastlake, OH) — three separate engagements per Dr. Greenhouse's own project profile (flower-room retrofit, dry-room redesign, mechanical design of a new production facility). Buckeye Relief is also an entry in this Directory.",https://www.doctorgreenhouse.com/project-profiles/buckye-relief,"Research pass — 2026-08-14; QA'd 2026-08-14 | Batch 7 audit, 2026-08-15; source pages retrieved and reviewed | Pass 1 research (round 6), 2026-08-16; source pages retrieved and reviewed | Pass 2 B2B relationship mapping, 2026-08-16; source pages retrieved and reviewed"
Packaging & Labeling,Dragon Chewer,Business,Jeremy Lesland Griffin — Manager / Principal,sales@dragonchewer.com,661-206-7134,https://dragonchewer.com/,All 50 states,Packaging / Labeling,Source-verified,"Explicitly ships to all 50 states, which includes Ohio. Stronger than a generic ""owner"" formulation: current state corporate filings list Jeremy and Jacob Griffin as managers, and the active trademark is held by Jeremy Griffin.",https://dragonchewer.com/,"Research pass — 2026-08-14; QA'd 2026-08-14 | Batch 9 audit, 2026-08-15; source pages retrieved and reviewed | Pass 1 research (round 8, from v51 queue), 2026-08-16; source pages retrieved and reviewed"
Nonprofit & Advocacy,Drug Enforcement and Policy Center (Ohio State Moritz),Nonprofit,Douglas Berman — Executive Director,berman.43@osu.edu,614-688-8690,https://moritzlaw.osu.edu/faculty-and-research/drug-enforcement-and-policy-center/depc-history-and-mission,Ohio statewide / United States,Nonprofit / Advocacy; Education / Research; Cannabis Policy; Record Sealing; Expungement; Social Equity; Academic Center,Source-verified,"Public-university research and service center with sustained work on Ohio marijuana reform, cannabis social equity, drug sentencing, clemency and record relief. DEPC manages Opportunity Port, which provides free record-sealing and expungement assistance; its site notes service outside Franklin County has been paused since May 2025. Nonprofit is the Directory's closest noncommercial Type label, not a claim that the center is a standalone 501(c)(3). The official center page publishes Executive Director Douglas Berman's direct Ohio State email and phone.",https://moritzlaw.osu.edu/faculty-and-research/drug-enforcement-and-policy-center | https://moritzlaw.osu.edu/faculty-and-research/drug-enforcement-and-policy-center/depc-history-and-mission | https://moritzlaw.osu.edu/faculty-and-research/drug-enforcement-and-policy-center/depc-faculty-and-staff | https://moritzlaw.osu.edu/faculty-and-research/drug-enforcement-and-policy-center/service-projects,"Research pass — 2026-08-22; source pages retrieved and reviewed | Nonprofit & Advocacy outreach-enrichment pass, 2026-08-23; source pages retrieved and reviewed"
Nonprofit & Advocacy,Drug Policy Alliance,Nonprofit,Kassandra Frederique — Executive Director,contact@drugpolicy.org,(212) 613-8020,https://drugpolicy.org/about/,Ohio engagement / United States; no Ohio office,Nonprofit / Advocacy,Source-verified,"DISPOSITION — CONFIRMED with a limited Ohio nexus. DPA has no Ohio chapter or office, but its current Director of Drug Markets & Legal Regulation, Cat Packer, participated in Ohio State's Drug Enforcement and Policy Center cannabis-policy programming and is currently profiled by Moritz. This supports Ohio ecosystem engagement, not a standing Ohio program or local contact.",https://drugpolicy.org/about/ | https://drugpolicy.org/contact-us/ | https://moritzlaw.osu.edu/cat-packer | https://podcasts.apple.com/us/podcast/season-3-episode-2-reading-the-tea-leaves-the/id1685213295?i=1000715153205,"Research pass — 2026-08-14; Ohio-presence verification pass — 2026-08-14; source pages retrieved and reviewed; Batch 10 audit — 2026-08-15; source pages retrieved and reviewed | Pass 1 research (round 10, from v53 queue), 2026-08-16; source pages retrieved and reviewed | Nonprofit issue-resolution pass, 2026-08-22; source pages retrieved and reviewed"
Marketing & Media,Durée & Company — Cannabis & CBD PR,Business,Durée Mellion Ross — Founder & President,info@dureeandcompany.com,954-723-9350 | 970-452-2195,https://cannabismarketingpr.com/contact/,United States nationwide,Marketing / Media; PR / Communications; Media / Publication,Source-verified,Current first-party material confirms a cannabis and CBD communications practice serving clients across the United States. Ohio-specific work is not claimed; national availability resolves the former geography flag.,https://cannabismarketingpr.com/ | https://cannabismarketingpr.com/contact/,"Research pass — 2026-08-14; Batch 10 audit — 2026-08-15; source pages retrieved and reviewed | Pass 1 research (round 9, from v52 queue), 2026-08-16; source pages retrieved and reviewed | Marketing & Media audit, 2026-08-22; source pages retrieved and reviewed"
Technology,Dutchie,Business,Bryan Barash — VP External Affairs & Deputy General Counsel,support@dutchie.com,866-838-8244,https://dutchie.com/business/state-laws/ohio,Ohio,Technology; POS; Ecommerce / Online Ordering; Inventory; Metrc / Track-and-Trace; Regulatory Compliance,Source-verified,Dispensary POS/ecommerce/inventory/compliance platform with documented Ohio-specific Metrc and purchase-limit configurations. Confirmed via Dutchie's own Ohio state-law and support pages. Documented current client relationship: The Botanist (Ohio/Massachusetts/New Jersey operator) moved to Dutchie E-Commerce Pro as part of a documented rebuild involving three named Certified Partners. The Botanist is also an entry in this Directory. Documented current payments relationship: Klutch Cannabis stores (also in this Directory) accept Dutchie Pay.,https://support.dutchie.com/hc/en-us/articles/29257181849619-Ohio-Hybrid-Licensee-Guide-Dutchie-POS,"IgniteIt Network | Organizations | Batch 2 audit, 2026-08-14; source pages retrieved and reviewed | Pass 2 B2B relationship mapping (round 4), 2026-08-16; source pages retrieved and reviewed | Pass 2 B2B relationship mapping (round 5), 2026-08-16; source pages retrieved and reviewed | Technology audit, 2026-08-22; source pages retrieved and reviewed"
Packaging & Labeling,Dymapak,Business,Ross Kirsh — Founder & CEO,,917-210-1067,https://dymapak.com/contact-us/,Worldwide shipping | Ohio-serving,Packaging / Labeling,Source-verified,Active cannabis packaging supplier; core service and contact claims hold.,https://dymapak.com/child-resistant-cannabis-delta-8-packaging/ | https://dymapak.com/child-resistant-bags/,"Research pass — 2026-08-14; QA'd 2026-08-14 | Batch 9 audit, 2026-08-15; source pages retrieved and reviewed"
Packaging & Labeling,eBottles,Business,Robert Lerman — Founder & CEO,ContactUs@ebottles.com,561-203-2779,https://www.ebottles.com/,United States and Canada | Ohio resale support,Packaging / Labeling,Source-verified,Active cannabis packaging supplier; core service and contact claims hold. Acquired part of Greenlane's concentrate-packaging line in 2023 — see the Pollen Gear entry for the scope of that transaction.,https://www.ebottles.com/pages/contact | https://www.ebottles.com/blogs/faqs,"Research pass — 2026-08-14; QA'd 2026-08-14 | Batch 9 audit, 2026-08-15; source pages retrieved and reviewed"
Banking & Financial Services,Element Federal Credit Union,Business,,Team@ElementFCU.org,304-721-4145,https://www.elementfcu.org/almostcannawv/,Ohio | West Virginia | Maryland | District of Columbia and additional markets,Banking / Financial Services; Credit Union,Source-verified,Current first-party page explicitly includes Ohio in Element's cannabis-business banking footprint. Element is a federally insured credit union; confirm product eligibility and deposit terms directly.,https://www.elementfcu.org/almostcannawv/,"Banking & Financial Services audit, 2026-08-22; source pages retrieved and reviewed"
Cultivator / Processor / Dispensary,Elevated Growth,Business,,info@elevatedgrowth.com,614-505-0015,https://www.elevated-growth.com/,"Columbus, Ohio",Cannabis Operator; Dispensary / Retail,Source-verified,Medical and non-medical cannabis dispensary at 7520 High Cross Boulevard; strongest documented match for the original bare ‘Elevated’ record. No named individual contact published/found — organizational contact route above is the best current public route.,https://www.elevated-growth.com/about/ | https://www.elevated-growth.com/contact/,"Original expo CRM | Research cleanup — 2026-08-14; QA'd 2026-08-14 | Batch 2 audit, 2026-08-14; source pages retrieved and reviewed | Pass 1 research, 2026-08-16; source pages retrieved and reviewed"
Security & Cash Logistics,Elite Preparedness Asset Protection,Business,Brian Hess — Owner,elitepreparedness@gmail.com,740-263-1234,https://www.elitepreparedness.com/about-us,Ohio; statewide availability not independently confirmed,Security / Cash Logistics,Source-verified,"Current first-party pages confirm Brian Hess and the listed direct email and phone. Retained as an Ohio security provider; no current public cannabis client or Ohio DCC project was found, so the row does not imply cannabis specialization. The obsolete ep-secure.com route was removed from Source(s).",https://www.elitepreparedness.com/ | https://www.elitepreparedness.com/church-safety,"Organizations | Batch 2 audit, 2026-08-14 | Security & Cash Logistics source-repair pass; source URLs retrieved and reviewed 2026-08-22"
Staffing & HR,Emerald Lane Recruitment,Business,Stephanie Pow — Founder & Head of Global Recruitment,hello@emeraldlanerecruitment.com,,https://emeraldlanerecruitment.com/,Global | U.S. office in Chicago,Staffing / HR; Staffing / Recruiting,Source-verified,Current cannabis executive-search/recruitment business with global reach; existing record holds.,https://emeraldlanerecruitment.com/contact/,"Research pass — 2026-08-14; QA'd 2026-08-14 | Batch 7 audit, 2026-08-15; source pages retrieved and reviewed | Pass 1 research (round 5), 2026-08-16; source pages retrieved and reviewed"
Real Estate / Build-Out,Engineered Temperature Solutions (ETS),Business,,estimating@ohio-ets.com,614-289-8733,https://www.ohio-ets.com/service-areas/lancaster-ohio-hvac,Lancaster and Central Ohio,HVAC / Climate Control; Dehumidification; Ventilation / Air Filtration; Indoor Air Quality; Cultivation,Source-verified,"Ohio commercial HVAC contractor with dedicated cannabis-cultivation service pages. Designs and installs purpose-built HVACD systems for grow rooms — temperature and humidity control, dehumidification, ventilation to prevent mold and mildew, and energy optimization. One of the few Ohio-based contractors making an explicit cannabis cultivation claim rather than general commercial HVAC.No individual applies — company routes project inquiries through its estimating channel; staff names found elsewhere are not publicly designated as cannabis contacts.",https://www.ohio-ets.com/service-areas/lancaster-ohio-hvac | https://www.ohio-ets.com/post/optimizing-grow-room-hvac-the-ultimate-guide-for-cannabis-cultivation,"Facility & EHS gap research — 2026-08-16; source pages retrieved and reviewed | Pass 1 research (round 6), 2026-08-16; source pages retrieved and reviewed"
Real Estate / Build-Out,Epstein,Business,"David Scott, AIA — Cannabis project contact / Architect",dscott@epsteinglobal.com,312-429-8223,https://www.epsteinglobal.com/contact,Ohio project experience | United States,Real Estate / Build-Out,Source-verified,Current project documentation supports the Jushi/OhiGrow Toledo facility work.,https://www.epsteinglobal.com/projects/jushi-holdings-inc-ohigrow-cultivation-manufacturing-facility,"Research pass — 2026-08-14; QA'd 2026-08-14 | Batch 7 audit, 2026-08-15; source pages retrieved and reviewed | Pass 1 research (round 6), 2026-08-16; source pages retrieved and reviewed"
Cultivator / Processor / Dispensary,Ethos Cannabis / Meigs County Grown,Business,"Gibran Washington — CEO, Ethos Cannabis",,Lebanon: 513-970-2080,https://ethoscannabis.com/contact/,"Lebanon and New Lexington retail; Langsville cultivation, Ohio",Cannabis Operator; Cultivation; Dispensary / Retail,Source-verified,"Ethos's first-party acquisition release confirms its December 2021 acquisition of Agri-Med Ohio, and current Ethos materials identify Meigs County Grown as its exclusive Ohio brand. The active DCC Level II cultivation license CCC000016-00 at 33590 Salem School Lot Rd, Langsville therefore folds into this existing Ethos family row rather than creating a separate operator record.","https://ethoscannabis.com/dispensary-locations/ohio/new-lexington/ | https://ethoscannabis.com/ethos-expands-into-ohio/ | https://ethoscannabis.com/brand/meigs-county/ | https://meigscountygrown.com/ | Ohio DCC Current Roster, Agri-Med Ohio LLC / CCC000016-00","Organizations | Batch 2 audit, 2026-08-14; source pages retrieved and reviewed | DCC legal-entity → trade-name mapping Batch 3, 2026-08-23; source pages retrieved and reviewed; roster-verified"
Security & Cash Logistics,Everon (formerly ADT Commercial),Business,,,844-538-3766,https://www.adt.com/commercial,United States — nationwide network of 100+ local and regional offices,Security / Cash Logistics; Video Surveillance; Access Control; Alarm / Panic Systems; Fire Detection / Protection; Monitoring,Source-verified,"Current nationwide commercial security, fire and life-safety provider explicitly serving cannabis local operators and multi-state operators. The company formerly operated as ADT Commercial and now uses the Everon brand. Its cannabis and regulatory-compliance language establishes the service offering but is not Ohio DCC legal authority; verify the site-specific design against current rules.",https://www.adt.com/commercial | https://www.adt.com/commercial/contact | https://www.adt.com/commercial/locations,"Security & Cash Logistics pass, 2026-08-22; source pages retrieved and reviewed"
Staffing & HR,Evolve HCM,Business,,info@evolvehcm.com,,https://www.evolvehcm.com/,United States; single- and multi-state operators; Ohio client not publicly identified,Staffing / HR,Source-verified,"Current cannabis-specific HCM platform for dispensaries, cultivators, manufacturers, transport businesses and multi-state operators, with payroll, HR, recruiting, onboarding, benefits and compliance support. Retained as a national specialist; no Ohio customer or deployment is asserted. Organizational consultation route retained.",https://www.evolvehcm.com/ | https://www.evolvehcm.com/service-excellence/schedule-a-consultation | https://www.evolvehcm.com/cannabis-industries,"Research pass — 2026-08-14; QA'd 2026-08-14 | Batch 7 audit, 2026-08-15 | Pass 1 research (round 5), 2026-08-16; source pages retrieved and reviewed | Staffing & HR issue-resolution pass — 2026-08-22; current first-party company, industry and consultation pages retrieved and reviewed"
Cultivator / Processor / Dispensary,Farkas Farms,Business,Louis Farkas — Founder / Owner / CEO,customersupport@farkasfarms.com,614-317-9359,,"Grafton / Lorain County, Northeast Ohio",Cannabis Operator,Source-verified,Documented M&A/license-transfer relationship with Klutch Cannabis (also in this Directory): DCC approved a June 2026 swap in which Klutch acquired Farkas Farms' Columbus dispensary license (5429 Bethel Sawmill Center) while Farkas Farms acquired Klutch's Loudonville dispensary/license. Confirmed via eight independent sources including Crain's Cleveland Business.,https://business.loraincountychamber.com/list/member/farkas-farms-llc-8409 | https://thcellar.com/shop/ | https://www.cannabismarketspotlight.com/ohio/home,"IgniteIt Network | Organizations | Batch 1 audit, 2026-08-14; source pages retrieved and reviewed | Pass 2 B2B relationship mapping (round 5), 2026-08-16; source pages retrieved and reviewed"
Cultivator / Processor / Dispensary,FarmaceuticalRx,Business,"Tyler Thayer — Director, Growing & Processing Operations",sales@farmaceuticalrx.com | media@farmaceuticalrx.com,724-655-3335,https://farmaceuticalrx.com/contact/,"East Liverpool, Cuyahoga Falls and Elyria, Ohio, plus additional announced locations",Cannabis Operator,Source-verified,"Current official sales and media inboxes added for partnerships and organizational outreach. The published phone is FarmaceuticalRx's corporate/PA route, not an Ohio-facility direct line. Body and Mind remains historical Ohio lineage after its 2023 divestiture.",https://farmaceuticalrx.com/contact/ | https://farmaceuticalrx.com/ | https://ochbs.com/speakers/ | https://bodyandmind.com/body-and-mind-announces-agreement-to-divest-ohio-dispensary/,"Organizations | Speakers | Batch 2 audit, 2026-08-14; source pages retrieved and reviewed | Pass 2A lineage review, 2026-08-16; source pages retrieved and reviewed | Operator outreach-enrichment pass, 2026-08-22; source pages retrieved and reviewed"
Staffing & HR,"FastFingerprints (National Background Check, Inc.)",Business,Linda Hondros — Owner,contactus@fastfingerprints.com,614-457-8900,https://www.fastfingerprints.com/,Ohio / nationwide,Staffing / HR; Background Checks; Fingerprinting,Source-verified,"Westerville-based provider of electronic BCI/FBI fingerprinting, employee background investigations, drug screening and applicant-tracking services. Cannabis-industry fingerprinting in Ohio is explicitly offered. The cannabis explainer is older, so use it to verify the service rather than as current DCC regulatory authority. NETWORK FINDING: Linda Hondros is independently confirmed as owner via BBB, and FastFingerprints/National Background Check is directly tied to Hondros College (which offers onsite fingerprinting through this same company). This is the same Hondros family already documented in this Directory via Kelly Hondros (Linda's daughter) at Motive CBD, Purpose Leaf/hōn Cannabis and Verdant Creations — a fifth connected entity. Background-check/fingerprinting services are directly relevant to Ohio cannabis employee licensing requirements, so the ancillary-service connection is a genuine one, not incidental.",https://www.fastfingerprints.com/employee-fingerprinting-and-background-check-services-for-medical-marijuana/ | https://www.fastfingerprints.com/contact/,"Research pass — 2026-08-14; source pages retrieved and reviewed; Batch 11 audit — 2026-08-15; source pages retrieved and reviewed | Pass 1 research (round 11, from v54 queue), 2026-08-16; source pages retrieved and reviewed"
Cultivator / Processor / Dispensary,Feel State,Business,,,937-910-7744,https://feelstate.com/,"Urbana and Lewis Center, Ohio; also operates in Missouri",Cannabis Operator; Dispensary / Retail,Source-verified,"Multi-state medical/adult-use dispensary operator, discovered via Pass 2 B2B relationship mapping rather than category research — surfaced no vendor edge itself but was found while researching a Sapphire/VALERE-adjacent facility search and independently confirmed as a genuine directory gap. Two confirmed Ohio locations: Urbana (962 N Main Street) and Lewis Center (8020 Orange Centre Drive), both showing active medical and adult-use sales on first-party location pages. UNCONFIRMED LINEAGE NOTE, flagged rather than asserted: an older BLOC website listed a coming-soon Urbana dispensary at this exact address (962 N Main Street) with this exact phone number (937-910-7744). Same facility and same phone number establish strong operational continuity but do NOT by themselves establish a corporate transaction, rebrand, license transfer, or ownership relationship between BLOC and Feel State — that would need a targeted DCC licensing/lineage check before being written as fact. DCC ROSTER CONFIRMATION (2026-08-16): the licensed legal entity behind both Ohio locations is Healing Through Cannabis LLC — Urbana (962 N. Main Street, CCD000019-00, Active) and Lewis Center (8020 Orange Center Drive, CCD000271-00, Active) are both confirmed current dispensary licenses under this exact name. Neither ""Feel State"" nor ""BLOC"" appears anywhere in the DCC roster as a licensed entity name — both are trade names/brands operating under Healing Through Cannabis LLC, not the legal entity itself. This confirms Feel State is a genuine, currently active Ohio operator at both addresses already on file. The BLOC lineage question is now narrower and more answerable: whether Healing Through Cannabis LLC previously operated as, or acquired, whatever entity used the BLOC brand at the same Urbana address/phone number — that is a rebrand/history question, not an active-license question, since the current license is unambiguous.",https://feelstate.com/location/urbana/ | https://www.yelp.com/biz/feel-state-urbana,"Pass 2 B2B relationship mapping (round 3), 2026-08-16; source pages retrieved and reviewed"
Hemp / CBD Products & Ancillary,Fifty West Brewing Company / Sunflower Seltzers,Business,Bobby Slattery — Founder,info@fiftywestbrew.com,513-834-8789,https://drinksunflower.com/,Cincinnati / Ohio statewide,Hemp / CBD; Hemp-derived THC; THC Beverages; Manufacturing; Retail Distribution; Lab Results,Source-verified,"Ohio manufacturer of Sunflower, a 5 mg hemp-derived Delta-9 THC seltzer. Fifty West's current site states that Sunflower is back in Ohio at its Burger Bars, and the brand site documents current products and lab results. Ohio availability remains tied to fast-moving 2026 hemp litigation and should be rechecked before regulatory reliance.",https://drinksunflower.com/ | https://www.fiftywestbrew.com/ | https://www.fiftywestbrew.com/contact | https://www.fox19.com/2026/08/10/popular-thc-drink-returns-shelves-breweries-fight-new-legal-restrictions/,Hemp / CBD research pass — 2026-08-22; source pages retrieved and reviewed
Banking & Financial Services,Fincann,Business,Nathaniel Gurien — Founder & CEO,,212-724-7777,https://fincann.com/,Ohio | United States,Banking / Financial Services,Source-verified,Current first-party THC-licensee page explicitly includes Ohio among the states where Fincann offers business-checking solutions.,https://fincann.com/industry-client-services/thc-licensees/ | https://fincann.com/contact/,"Research pass — 2026-08-14; QA'd 2026-08-14 | Batch 7 audit, 2026-08-15; source pages retrieved and reviewed | Banking & Financial Services audit, 2026-08-22; source pages retrieved and reviewed"
Cultivator / Processor / Dispensary,Firelands Scientific,Business,Edward Schmults — CEO | Jazmine Couch — Commercial Buyer | Raymond Troyer — Extraction Supervisor / Solventless Specialist,Cleveland@thelandingdispensaries.com,Huron: 419-616-5112 | The Landing Cincinnati: 513-512-4808 | Columbus: 614-547-3750 | Cleveland: 216-770-4089,https://www.firelandsscientific.com/contact,"Huron, Ohio; statewide Ohio retail footprint via The Landing, including Cincinnati, Columbus and Cleveland",Cannabis Operator; Dispensary / Retail,Source-verified,"The Landing is Firelands Scientific's retail brand. The current DCC roster places Columbus and Cleveland under OPC Retail II LLC, and Batch 3 resolves Aron OH LLC / CCD000031-00 to The Landing Cincinnati by the exact 4029 Smith Rd address. The current first-party Cincinnati page explicitly states that Aron OH owns and operates that store in collaboration with Firelands Scientific. Keep one Firelands/The Landing operator row.","https://www.firelandsscientific.com/contact | https://www.firelandsscientific.com/ | https://ochbs.com/speakers/ | https://www.thelandingdispensaries.com/ohio/cleveland-dispensary | https://www.thelandingdispensaries.com/areas-served/grove-city | https://www.thelandingdispensaries.com/ohio/cincinnati-dispensary | Ohio DCC Current Roster, OPC Retail II LLC / CCD000097-00 and CCD000112-00; Aron OH LLC / CCD000031-00","IgniteIt Network | Organizations | Speakers | Batch 2 audit, 2026-08-14; source pages retrieved and reviewed | Operator outreach-enrichment pass, 2026-08-22; source pages retrieved and reviewed | DCC legal-entity → trade-name mapping Batch 2, 2026-08-23; source pages retrieved and reviewed; roster-verified | DCC legal-entity → trade-name mapping Batch 3, 2026-08-23; source pages retrieved and reviewed; roster-verified"
Staffing & HR,FlowerHire,Business,David Belsky — CEO & Founder,info@FlowerHire.com,,https://flowerhire.com/cannabis-recruiting-and-staffing/,United States,Staffing / HR; Staffing / Recruiting,Source-verified,"Flag cleared: current national cannabis recruiter with active 2026 Ohio-market coverage; Ohio relevance sufficiently established. Consistent with an independent client testimonial found earlier in this project (""FlowerHire has been a strong partner of my team and I at Ascend Wellness... David Belsky and his team"").",https://flowerhire.com/cannabis-recruiting-and-staffing/,"Research pass — 2026-08-14; QA'd 2026-08-14 | Batch 4 audit, 2026-08-15; source pages retrieved and reviewed | Pass 1 research, 2026-08-16; source pages retrieved and reviewed | Reconciliation pass against a duplicate/older-snapshot research round, 2026-08-16; source pages retrieved and reviewed"
Technology,Flowhub,Business,Josh Brook,hello@flowhub.com | help@flowhub.com,,https://www.flowhub.com/contact,Ohio,Technology; POS; Metrc / Track-and-Trace; Payments / Merchant Services,Source-verified,"Strong Ohio-specific first-party evidence for POS, payments, Metrc and Ohio PMP functionality. Documented technology integrations: Solink (security/POS integration) and Metrc (Flowhub's current Ohio page names Metrc as its largest integration partner, with direct Ohio reporting configuration). Both are entries in this Directory.",https://www.flowhub.com/markets/ohio,"IgniteIt Network | Batch 4 audit, 2026-08-15; source pages retrieved and reviewed | Pass 2 B2B relationship mapping, 2026-08-16; source pages retrieved and reviewed | Technology audit, 2026-08-22; source pages retrieved and reviewed"
Legal & Licensing,Foley Hoag LLP,Business,"Michael McQueeny — Partner, Cannabis & Hemp Practice Co-Chair",mmcqueeny@foleyhoag.com,212-812-0302,https://foleyhoag.com/people/mcqueeny-michael/,National cannabis and hemp practice; current 2026 Ohio Valley industry engagement; no Ohio client disclosed,Legal; Licensing,Source-verified,"Current Foley Hoag materials confirm Michael McQueeny as Partner and Co-Chair of the national Cannabis & Hemp Group. The firm sponsored the 2026 Ignite Ohio Valley event and McQueeny spoke on its federal-policy panel, establishing current Ohio Valley engagement but not a disclosed Ohio client. Current first-party direct route: mmcqueeny@foleyhoag.com and 212-812-0302.",https://foleyhoag.com/people/mcqueeny-michael/ | https://foleyhoag.com/industries-practices/cannabis-and-hemp/cannabis/ | https://foleyhoag.com/news-and-insights/events/2026/april/ignite-ohio-valley-market-spotlight/ | https://www.cannabismarketspotlight.com/ohiovalley,"IgniteIt Network | Organizations | Speakers | Batch 1 audit, 2026-08-15; source pages retrieved and reviewed | Legal & Licensing outreach-enrichment pass, 2026-08-23; first-party profile and contact routes reviewed"
Banking & Financial Services,Fort Yuma ATM,Business,,,623-303-9214,https://fortyumaatm.com/dispensary-atm/,All 50 states,Banking / Financial Services,Source-verified,"Current first-party page advertises traditional dispensary ATM placement in all 50 states, including Ohio.",https://fortyumaatm.com/dispensary-atm/,"Research pass — 2026-08-14; QA'd 2026-08-14 | Batch 8 audit, 2026-08-15; source pages retrieved and reviewed | Pass 1 research (round 7, from v50 queue), 2026-08-16; source pages retrieved and reviewed | Banking & Financial Services audit, 2026-08-22; source pages retrieved and reviewed"
Consulting,Forte Ops,Business,Brytany Melville — Founder,,323-999-5007,https://forteops.com/,U.S. multi-market; remote and in-person delivery; Ohio engagement not identified,Consulting; Employee Training,Source-verified,"Dispensary-focused planning, launch and scaling support; custom SOPs, POS and employee training, opening-day support, analytics and managed operations services. Current first-party materials support online sessions and in-person training across U.S. markets; no Ohio engagement is asserted. Founder title retained conservatively.",https://forteops.com/,"Research pass — 2026-08-14; source pages retrieved and reviewed; Batch 10 audit — 2026-08-15; source pages retrieved and reviewed | Pass 1 research (round 10, from v53 queue), 2026-08-16; source pages retrieved and reviewed | Consulting issue-resolution pass — 2026-08-22; current first-party service pages retrieved and reviewed"
Packaging & Labeling,Fortis Solutions Group,Business,Carlos Tapias — Chief Executive Officer,,844-374-5257,https://fortissolutionsgroup.com/contact/,"West Chester, Ohio facility; North America",Packaging / Labeling; Printing / Labels,Source-verified,"OHIO ENRICHMENT — stronger than the previous record: Fortis currently operates a West Chester, Ohio facility among its North American locations, alongside an active cannabis packaging/labels practice. Current leadership page confirms his 2024 appointment.",https://fortissolutionsgroup.com/markets/cannabis/ | https://fortissolutionsgroup.com/about-us/location/,"Research pass — 2026-08-14; QA'd 2026-08-14 | Batch 9 audit, 2026-08-15; source pages retrieved and reviewed | Pass 1 research (round 8, from v51 queue), 2026-08-16; source pages retrieved and reviewed"
Legal & Licensing,Frantz Ward LLP,Business,"Thomas G. Haren — Partner; Chair, Cannabis Law Practice | Thomas Haren",attorneys@frantzward.com,216-515-1660,https://www.frantzward.com/practices/cannabis/,Ohio and national,Legal; Licensing; Regulatory Compliance,Source-verified,"Cleveland- and Columbus-based cannabis practice (Thomas G. Haren, Chair). Confirmed directly on Frantz Ward's own site: licensing, administrative appeals, regulatory compliance, transactions, real estate and litigation. Documented client engagement: provided legal counsel to Standard Wellness on its 2025 acquisition of Greenstock ($1.35M, Seville, OH) — named specifically in the deal announcement, not a generic ""serves cannabis clients"" claim. A more recent (July 2026) transaction shows the same relationship continuing on a Cleveland-area expansion, so this is an ongoing engagement, not a one-off. Standard Wellness is also an entry in this Directory.",https://www.frantzward.com/practices/cannabis/,"IgniteIt Network | Organizations | Batch 1 audit, 2026-08-15; source pages retrieved and reviewed | Pass 2 B2B relationship mapping, 2026-08-16; source pages retrieved and reviewed"
Banking & Financial Services,FundCanna,Business,Adam Stettner — Founder & CEO,info@fundcanna.com,844-420-3536,https://fundcanna.com/,Ohio | United States,Banking / Financial Services; Lending / Financing,Source-verified,Current first-party Ohio page confirms cannabis financing availability. Any regulatory summary on a vendor page is service context only and should not be cited as current Ohio law.,https://fundcanna.com/cannabis-financing/ohio-cannabis-loans/ | https://fundcanna.com/contact-fundcanna/,"IgniteIt Network | Organizations | Batch 1 audit, 2026-08-15; source pages retrieved and reviewed | Banking & Financial Services audit, 2026-08-22; source pages retrieved and reviewed"
Banking & Financial Services,FundNow Capital,Business,,info@fundnowcap.com,866-283-0952,https://www.fundnowcap.com/funding/cannabis,United States,Banking / Financial Services; Lending / Financing,Source-verified,Current nationwide cannabis-funding page retained. No defensible named public-facing principal was found.,https://www.fundnowcap.com/funding/cannabis,"Research pass — 2026-08-14; QA'd 2026-08-14 | Batch 8 audit, 2026-08-15; source pages retrieved and reviewed | Pass 1 research (round 7, from v50 queue), 2026-08-16; source pages retrieved and reviewed | Banking & Financial Services audit, 2026-08-22; source pages retrieved and reviewed"
Accounting & Tax,GAC Advisory,Business,,hello@gacadvisoryllc.com,,https://www.gacadvisoryllc.com/,Nationwide virtual,Accounting; Tax,Source-verified,Nationwide virtual cannabis practice confirmed. IMPORTANT STRUCTURAL POINT: GAC Advisory is NOT itself a licensed CPA firm — services are provided by a licensed CPA. Anyone needing an attest engagement should confirm who signs. Its federal 280E copy should be read as advisory marketing rather than authoritative current law during the 2026 rescheduling transition. No individual applies — the current site extensively describes the licensed CPA behind the practice but deliberately does not name that person — the identity was not reverse-engineered from employment history.,https://www.gacadvisoryllc.com/,"Research pass — 2026-08-14; QA'd 2026-08-14 | Batch 8 audit, 2026-08-15; source pages retrieved and reviewed | Pass 1 research (round 8, from v51 queue), 2026-08-16; source pages retrieved and reviewed"
Cultivator / Processor / Dispensary,Galenas LLC,Business,Geoffrey Korff — Founder & CEO,,(330) 208-9423,https://galenas.com/,"Akron, Ohio",Cannabis Operator,Source-verified,Core Akron/Ohio operation confirmed.,https://galenas.com/contact/ | https://ochbs.com/speakers/,"Original expo CRM | Research cleanup — 2026-08-14; QA'd 2026-08-14 | Batch 2 audit, 2026-08-14; source pages retrieved and reviewed"
Consulting,Galleon Consulting Group,Business,Christine Senne and Ronald Long — Co-founders,,,https://www.galleonconsultinggroup.com/,Nationwide; direct Ohio regulatory experience,Consulting; Regulatory Compliance; Construction / Build-Out,Source-verified,"The current first-party site confirms a live national practice spanning compliance, fractional CCO, facility construction, operations, security and technology. No public direct email or phone is posted; the Schedule a Call form is the terminal outreach route. The site's federal-regulatory commentary is not used here as legal authority.",https://www.galleonconsultinggroup.com/,"Research pass — 2026-08-14; source pages retrieved and reviewed; Batch 10 audit — 2026-08-15; source pages retrieved and reviewed | Consulting outreach-enrichment pass, 2026-08-23; source pages retrieved and reviewed"
Security & Cash Logistics,GardaWorld Cash,Business,,,614-759-5177,https://cash.garda.com/locations/united-states/ohio,"Ohio branches in Akron, Cincinnati, Cleveland, Columbus, Dayton, Toledo and Youngstown",Security / Cash Logistics,Source-verified,"GardaWorld Cash’s current Ohio page publishes this Columbus Main Street branch phone and separate expert-intake routing, alongside branches across seven Ohio markets. Retained as an Ohio-serving horizontal cash-logistics provider, not as a verified cannabis specialist; cannabis-account acceptance must be confirmed before referral.",https://cash.garda.com/locations/united-states/ohio,"Research pass — 2026-08-14; QA'd 2026-08-14 | Batch 5 audit, 2026-08-15 | Pass 1 research (round 3), 2026-08-16; source pages retrieved and reviewed | Security & Cash Logistics source-repair pass; source URLs retrieved and reviewed 2026-08-22 | Real Estate / Security / Hemp residual outreach pass, 2026-08-23; source pages retrieved and reviewed"
Out of scope — flagged for removal or separate list,Gold Standard Cannabis Marketing,Business,Stephen Gold — Founder,hello@goldstandrd.com,718-218-5142,https://goldstandrd.com/,New York / New Jersey-centered; no current Ohio cannabis client/project established,Marketing / Media; Advertising,Source-verified,"Retained on the separate list as a current dispensary retention and advertising agency, but removed from the publishable Ohio referral set. Its current site names New York and New Jersey dispensary clients and publishes generic Ohio compliance commentary, but no current Ohio-licensed client or Ohio project. Vendor-written state guidance is not deployment evidence and should not be used as current legal authority.",https://goldstandrd.com/ | https://goldstandrd.com/blog/dispensary-sms-compliance-tcpa,"Research pass — 2026-08-14; QA'd 2026-08-14 | Batch 6 audit, 2026-08-15 | Pass 1 research (round 7, from v50 queue), 2026-08-16; source pages retrieved and reviewed | Marketing & Media audit, 2026-08-22; source pages retrieved and reviewed | Marketing & Media national-padding disposition, 2026-08-23; current source pages retrieved and reviewed"
Marketing & Media,Grasslands,Business,Ricardo Baca — Founder & CEO,ricardo@mygrasslands.com,,https://www.mygrasslands.com/contact-us,United States market,Marketing / Media,Source-verified,"Flag cleared: Grasslands has a dedicated current Ohio cannabis-marketing page discussing the Ohio market directly. Extensively and independently corroborated — Fortune's list of most powerful people in the cannabis industry, multiple industry awards, dozens of independent profiles. OUTREACH ROUTE (2026-08-23): the current general site uses a project form, while an official 2026 Grasslands event page publishes founder Ricardo Baca's direct route, ricardo@mygrasslands.com.",https://www.mygrasslands.com/products/cannabis-public-relations | https://www.mygrasslands.com/contact-us | https://www.mygrasslands.com/sponsor/the-grasslands-supperclub-new-jersey,"Research pass — 2026-08-14; QA'd 2026-08-14 | Batch 6 audit, 2026-08-15; source pages retrieved and reviewed | Pass 1 research (round 4), 2026-08-16; source pages retrieved and reviewed | Marketing & Media audit, 2026-08-22; source pages retrieved and reviewed | Marketing & Media outreach-enrichment pass, 2026-08-23; source pages retrieved and reviewed"
Staffing & HR,Grassroots Staffing Group,Business,,,,https://grassrootsstaffinggroup.com/,Nationwide,Staffing / HR; Staffing / Recruiting,Source-verified,"Current cannabis staffing and recruiting operation confirmed. No individual applies: the official site names no public executive or practice lead. DISPOSITION — FORM-ONLY TERMINAL: the live homepage embeds its employer/job-seeker contact form but publishes no readable general email or phone, so no inferred or company-directory contact was promoted.",https://grassrootsstaffinggroup.com/ | https://grassrootsstaffinggroup.com/positions,"Research pass — 2026-08-14; QA'd 2026-08-14 | Batch 7 audit, 2026-08-15; source pages retrieved and reviewed | Pass 1 research (round 5), 2026-08-16; source pages retrieved and reviewed | Staffing & HR outreach-enrichment pass, 2026-08-23; form-only terminal disposition"
Testing Labs,Green Analytics OH,Business,Jamie Rosenstein — Testing Contact,jamie.rosenstein@greenanalyticslabs.com,,https://greenanalyticslabs.com/locations/,Statewide / Toledo,Cannabis Testing; Compliance Testing; Potency Testing; Microbial Testing; Mold / Microbial,Source-verified,"Current company pages list an A2LA-accredited Ohio cannabis testing laboratory at 5245 Secor Road #2 with full compliance, R&D and stability-testing capabilities. SV Labs also still claims Ohio presence and previously listed this same address, so the two were not double-counted; confirm the current DCC legal entity/trade name before outreach. Verified against the current Ohio DCC testing-laboratory roster: dual-use laboratory holding a Certificate of Operation under licence CCL000018-00. Lineage: documented licence-and-location continuity with the former SV Labs Toledo operation — do not re-add SV Labs as a separate lab. No acquisition source has been reviewed, so no corporate transaction is asserted. Capability note: microbial and potency testing are tagged for every DCC-licensed laboratory because they form part of the state-mandated compliance panel every licensed lab must run — this is inferred from licensure, not from the lab's own marketing. Confirm the full test menu and any specialist capability directly.",https://greenanalyticslabs.com/testing-services/ | https://elicense.com.ohio.gov/s/licensesearch | https://com.ohio.gov/divisions-and-programs/cannabis-control/about-dcc/licenses/testing-labs,Research pass — 2026-08-14; QA'd 2026-08-14; licence verified against Ohio DCC roster — 2026-08-15
Technology,Green Check Verified,Business,"Stacy Litke — VP, Banking Programs",info@greencheckverified.com,1-844-544-1940,https://greencheckverified.com/,Statewide / Multi-Market,Technology; Regulatory Compliance,Source-verified,"Confirmed: cannabis banking-compliance software platform connecting cannabis businesses with financial institutions. Documented client relationship: Wright-Patt Credit Union, per a Green Check customer story (published July 2026) describing how Wright-Patt runs and scales its MRB banking program on the platform. Wright-Patt is also an entry in this Directory. Independently corroborated by CU Insight and a Finovate podcast episode featuring both companies' staff discussing the partnership. Current first-party organizational routes: info@greencheckverified.com and main toll-free number 1-844-544-1940.",https://greencheckverified.com/ | https://greencheckverified.com/contact/ | https://greencheckverified.com/terms-of-use/ | https://greencheckverified.com/in-the-news/green-check-named-to-2026-inc-5000-list-of-americas-fastest-growing-private-companies/,"Organizations | Speakers | Batch 2 audit, 2026-08-15; source pages retrieved and reviewed | Pass 2 B2B relationship mapping, 2026-08-16; source pages retrieved and reviewed | Technology audit, 2026-08-22; source pages retrieved and reviewed | Technology outreach enrichment, 2026-08-23; first-party contact routes reviewed"
Staffing & HR,Green Collar Network,Business,,contact@greencollarnetwork.com,,https://www.greencollarnetwork.com/,Ohio,Staffing / HR; Staffing / Recruiting,Source-verified,"Cannabis-specific recruiting firm with current 2026 Ohio placements, including management and HR roles in Cincinnati and Wilmington. Its current company profile explicitly describes cannabis recruiting, publishes a general organizational inbox and links the company website; current Ohio postings independently confirm active market work.",https://www.linkedin.com/company/green-collar-network | https://www.greencollarnetwork.com/ | https://medicateoh.com/careers/careers-jobs/,"Staffing & HR research pass — 2026-08-22; source pages retrieved and reviewed | Staffing & HR outreach-enrichment pass, 2026-08-23; source pages retrieved and reviewed"
Security & Cash Logistics,Green Cross ATM,Business,,info@greencrossatm.com,866-286-4420,https://greencrossatm.com/,"All cannabis-legal U.S. states, including Ohio",Security / Cash Logistics,Source-verified,"Flag cleared: explicitly nationwide across every state with legal medical/recreational marijuana, which includes Ohio. No individual applies — no defensible current individual published; first-party site confirms the cannabis-specialist company and nationwide footprint.",https://greencrossatm.com/,"Research pass — 2026-08-14; QA'd 2026-08-14 | Batch 5 audit, 2026-08-15; source pages retrieved and reviewed | Reconciliation pass against a duplicate/older-snapshot research round, 2026-08-16; source pages retrieved and reviewed | Pass 1 research (round 7, from v50 queue), 2026-08-16; source pages retrieved and reviewed"
Nonprofit & Advocacy,Green Environmental Outreach (GEO Nonprofit),Nonprofit,Gerald Moore Jr. — President,info@geononprofit.org,937-523-0377,https://www.geononprofit.org/contact,"Springfield, Columbus and Central Ohio",Nonprofit / Advocacy; Social Equity; Community Outreach; Policy Advocacy; Environmental Justice,Source-verified,"Veteran- and Black-led Ohio community nonprofit with documented cannabis-policy and social-equity activity. GEO hosted the April 2026 Central Ohio Cannabis Social Equity Forum and Gerald Moore Jr. submitted testimony on Ohio HB 160. Cannabis is one part of a broader health, environmental justice, food-access and community-development mission. The current first-party contact page publishes a general email and phone.",https://www.geononprofit.org/ourstory | https://www.geononprofit.org/contact | https://www.legislature.ohio.gov/legislation/136/hb160/committee | https://ohiodiversitynetworks.com/event/weed-politics-central-ohio-cannabis-social-equity-forum-2026/,"Research pass — 2026-08-22; source pages retrieved and reviewed | Nonprofit & Advocacy outreach-enrichment pass, 2026-08-23; source pages retrieved and reviewed"
Staffing & HR,Green Flower,Business,Max Simon — Founder & CEO,info@green-flower.com,,https://green-flower.com/meet-with-us/,Ohio / United States,Staffing / HR; Employee Training,Source-verified,"Green Flower currently sells an Ohio Dispensary Foundation Training course and has explicit Ohio education partnerships with Kent State University and Zane State College. Its course page still uses legacy Ohio Board of Pharmacy approval language and contains placeholder FAQ copy. Current OAC 1301:18-3-10 places responsibility on licensees for complete, current and documented training; the legacy approval statement is not represented here as current DCC endorsement. Operators should validate course content before relying on it for compliance. The current Green Flower-powered program support pages publish a general organizational inbox; business inquiries route through the official demo form.",https://www.green-flower.com/businesses/required-vendor-training/ohio-dispensary-foundation-training-oh-dft/ | https://green-flower.com/meet-with-us/ | https://cannabiseducation.kent.edu/resource-center/ | https://codes.ohio.gov/ohio-administrative-code/chapter-1301%3A18-3 | https://www.icemiller.com/thought-leadership/attention-cannabis-operators-ohios-dcc-issues-employee-training-guidance-turning-a-broad-rule-into-a-defined-compliance-obligation | https://www.kent.edu/today/news/kent-state-university-expands-partnership-green-flower-adding-new-suite-online-cannabis | https://cannabis.zanestate.edu/request-info/,"Research pass — 2026-08-14; source pages retrieved and reviewed — Needs Research: confirm current DCC acceptance before purchasing or relying on the course for mandatory training; Batch 11 audit — 2026-08-15; source pages retrieved and reviewed | Pass 1 research (round 11, from v54 queue), 2026-08-16; source pages retrieved and reviewed | Staffing & HR pass, 2026-08-22; source pages retrieved and reviewed | Staffing & HR issue-resolution pass — 2026-08-22; current course, Ohio law and Ohio education-partnership pages retrieved and reviewed | Staffing & HR outreach-enrichment pass, 2026-08-23; source pages retrieved and reviewed"
Consulting,Green Leaf Business Solutions,Business,Marc Rodriguez — CEO / Co-founder,,760-237-0559,https://greenleafbizsolutions.com/contact/,Statewide / Multi-Market,Consulting,Source-verified,Current cannabis business-services firm confirmed.,https://www.cannabismarketspotlight.com/ohiovalley | https://www.inc.com/profile/green-leaf-business-solutions,"IgniteIt Network | Organizations | Batch 2 audit, 2026-08-14; source pages retrieved and reviewed"
Cultivator / Processor / Dispensary,Green Leaf Therapy,Business,Mariah Chirchiglia — Buyer / Operations Manager,,330-333-3170,https://greenleaftherapy.org/pages/contact,"Struthers/Youngstown-area, Ohio (93 S. Bridge St.)",Cannabis Operator; Dispensary / Retail,Source-verified,The current official site supplies a contact form; the current brand social profile and DCC roster corroborate the store phone and address. No public direct email was found.,https://greenleaftherapy.org/pages/contact | https://greenleaftherapy.org/ | https://www.instagram.com/greenleaftherapy_struthers/ | Ohio DCC active licensee roster (CCD000080-00),"Organizations | Speakers | Batch 2 audit, 2026-08-14; source pages retrieved and reviewed | Operator outreach-enrichment pass, 2026-08-22; source pages retrieved and reviewed"
Cultivator / Processor / Dispensary,Green Releaf Dispensary,Business,,,Dayton: 937-938-1128 | Cincinnati: 513-386-7123,https://greenreleafdispensary.com/contact-us/,"Dayton and Cincinnati, Ohio",Dispensary / Retail,Source-verified,"Current first-party store pages confirm Green Releaf at 3620 Germantown St, Dayton and 4025 Red Bank Rd, Cincinnati. The current DCC roster places both exact addresses under GRD Ohio LLC. No public direct email was found; use the published store phones or official contact form.","https://greenreleafdispensary.com/stores/dayton | https://greenreleafdispensary.com/stores/cincinnati | Ohio DCC Current Roster, GRD Ohio LLC / CCD000081-00 and CCD000181-00","DCC legal-entity → trade-name mapping, 2026-08-23; source pages retrieved and reviewed; roster-verified"
Packaging & Labeling,Green Rush Packaging,Business,Justin Tidwell — Founder / CEO,sales@greenrushpackaging.com,866-477-7225,https://greenrushpackaging.com/,Nationwide | Coast-to-coast warehouses,Packaging / Labeling,Source-verified,Active cannabis packaging supplier; core service and contact claims hold.,https://greenrushpackaging.com/contact-us/ | https://greenrushpackaging.com/why-choose-us/,"Research pass — 2026-08-14; QA'd 2026-08-14 | Batch 9 audit, 2026-08-15; source pages retrieved and reviewed | Pass 1 research (round 8, from v51 queue), 2026-08-16; source pages retrieved and reviewed"
Cultivator / Processor / Dispensary,Green Thumb Industries (RISE / RYTHM),Business,"Andy Grossman — EVP, Capital Markets & Investor Relations",InvestorRelations@gtigrows.com,888-406-1143,https://risecannabis.com/dispensaries/ohio/,"Ohio: six current first-party RISE storefronts (Cleveland x2, Lakewood, Lorain, Toledo and Whitehall), plus active Middletown legal license; Toledo cultivation and processing",Cannabis Operator; Cultivation; Processing; Dispensary / Retail,Source-verified,"Green Thumb Industries is the parent organization for the RISE / RYTHM family. The current DCC roster confirms GTI Ohio, LLC holds one Toledo cultivator license, one Toledo processor license and seven active dispensary licenses. RISE's current first-party Ohio page presents six storefronts: Cleveland (two), Lakewood, Lorain, Toledo and Whitehall. The seventh DCC license, in Middletown, is retained as a GTI legal-footprint fact but is not labeled RISE without current first-party DBA evidence. The duplicate RISE Dispensaries Ohio row was moved to the separate-list bucket and its verified detail consolidated here.","https://risecannabis.com/dispensaries/ohio/ | https://risecannabis.com/blog/420-press-release/ | Ohio DCC Current Roster, GTI Ohio LLC / CCC000030-00, CCP000027-00 and CCD000063-00, 065-00, 068-00, 070-00, 095-00, 191-00, 297-00","Organizations | Batch 2 audit, 2026-08-14; source pages retrieved and reviewed | Cultivator / Processor / Dispensary duplicate consolidation, 2026-08-22; source pages retrieved and reviewed; roster-verified"
Accounting & Tax,GreenGrowth CPAs,Business,Daniel Sabet — Cannabis CFO Services Lead,,1-800-674-9050,https://greengrowthcpas.com/industries/cannabis/,Ohio statewide | 13+ cannabis markets,Accounting; Tax,Source-verified,"Ohio cannabis practice is unquestionably current. TAX-SOURCE CAUTION: its page draws current federal rescheduling/280E conclusions — use it to verify GreenGrowth's services, not as controlling federal tax authority. DEA's 2026 rescheduling materials show a considerably more complicated posture than that page reflects.",https://greengrowthcpas.com/industries/cannabis/ohio-cannabis-accounting/,"Research pass — 2026-08-14; QA'd 2026-08-14 | Batch 8 audit, 2026-08-15; source pages retrieved and reviewed"
Cultivator / Processor / Dispensary,Greenlight Dispensary,Business,Casey Copeland — Media Relations,press@greenlightcorporation.com,Ironton: 740-547-0015 | Columbus: 614-407-3111,https://ohio.greenlightdispensary.com/locations/,"Columbus, Ironton, Marengo, Marietta, South Point and Wintersville, Ohio",Cannabis Operator; Dispensary / Retail,Source-verified,Current Ohio location page confirms six Greenlight storefronts. Columbus at 1243 N. Cassady uses the former Verdant location and phone; the historical Verdant cross-reference is preserved out of scope at row 448. Batch 3 resolves 10b VC5 Holdings LLC / CCD000209-00 to Greenlight South Point by the exact 211 Township Rd 1013 address; keep one Greenlight operator row.,"https://ohio.greenlightdispensary.com/locations/ | https://investors.crescolabs.com/news/news-details/2021/Cresco-Labs-Closes-Acquisition-of-Verdant-Creations-Four-Dispensaries-Reaches-Maximum-Retail-Licenses-in-Ohio/default.aspx | https://www.globenewswire.com/news-release/2026/07/15/3328008/0/en/greenlight-expands-ohio-footprint-with-four-new-dispensaries-and-manufacturing-operations-reaching-state-license-maximum.html | Ohio DCC Current Roster, 10b VC5 Holdings LLC / CCD000209-00","Organizations | Batch 1 audit, 2026-08-15; source pages retrieved and reviewed | Operator outreach-enrichment pass, 2026-08-22; source pages retrieved and reviewed | DCC legal-entity → trade-name mapping Batch 3, 2026-08-23; source pages retrieved and reviewed; roster-verified"
Marketing & Media,GreenState,Business,Rachelle Gordon — Editor,editor@greenstate.com,,https://www.greenstate.com/business/igniteit-ohio-recap/,National; covers Ohio,Marketing / Media; Media / Publication,Source-verified,Cannabis news and lifestyle publication with documented Ohio industry coverage.,https://www.greenstate.com/about-greenstate-mainstream-marijuana-news-and-culture/,"Original expo CRM | Research cleanup — 2026-08-14; QA'd 2026-08-14 | Batch 2 audit, 2026-08-15; source pages retrieved and reviewed | Marketing & Media audit, 2026-08-22; source pages retrieved and reviewed"
Real Estate / Build-Out,GreenZones,Business,,,,https://www.greenzones.us/,Nationwide marketplace; current Ohio listings include Parma Heights and Norwalk,Real Estate / Build-Out,Source-verified,"GreenZones’ current marketplace displays Ohio inventory in Parma Heights and Norwalk, resolving the prior Ohio-availability issue. Buyer, seller, broker and investor inquiries still route through listing-specific or marketplace message forms; no suitable public direct organizational email or phone was found, so form outreach is the terminal route.",https://www.greenzones.us/ | https://www.greenzones.us/add-listing | https://www.greenzones.us/developing-markets,"Research pass — 2026-08-14; QA'd 2026-08-14 | Batch 7 audit, 2026-08-15 | Pass 1 research (round 6), 2026-08-16; source pages retrieved and reviewed | Real Estate / Security / Hemp residual outreach pass, 2026-08-23; source pages retrieved and reviewed"
Packaging & Labeling,Grove Bags,Business,Jack Grover — Co-Founder & CEO,info@grovebags.com,833-837-7562,https://grovebags.com/pages/about,"Bedford Heights, Ohio, with additional Columbus operations",Packaging / Labeling,Source-verified,"Ohio-based cannabis packaging company confirmed; Bedford Heights with additional Columbus operations. Documented current Ohio supplier relationship: King City Gardens (Cincinnati-area cultivator, also in this Directory) — King City's own quoted testimonial states it uses Grove Bags/TerpLoc for all gummies and vape packaging, per Grove Bags' own client feature.",https://cannacon.org/seminar-location/midwest-st-paul-2025/ | https://grovebags.com/pages/contact,"Organizations | Speakers | Batch 2 audit, 2026-08-14; source pages retrieved and reviewed | Pass 2 B2B relationship mapping (round 4), 2026-08-16; source pages retrieved and reviewed"
Real Estate / Build-Out,Grow America Builders,Business,David Fettner,david@growamericabuilders.com,847-361-8050,https://growamericabuilders.com/,Nationwide,Real Estate / Build-Out,Source-verified,"VENDOR CONFIRMED, WEBSITE FLAGGED AS COMPROMISED. David Fettner and the national cannabis design/build firm are current and legitimate. However, its website currently contains obvious unrelated gambling/spam text injected into otherwise legitimate pages — a sign the site is compromised or unmaintained. Same handling as THC Legal Group: the company stays, but do not treat that site as evidence for anything not independently corroborated.",https://growamericabuilders.com/dispensary-construction/ | https://growamericabuilders.com/contact-us/,"Research pass — 2026-08-14; QA'd 2026-08-14 | Batch 7 audit, 2026-08-15; source pages retrieved and reviewed"
Cultivator / Processor / Dispensary,Grow Ohio / Butterfly Effect,Business,Justin Hunt — CEO,customersupport@growoh.com,(220) 241-3259,https://growoh.com/,Southeast Ohio,Cannabis Operator; Cultivation,Source-verified,"Corroborated by LinkedIn and 2026 business-profile listings, though Grow Ohio's own site does not publish executive titles — moderate rather than first-party confidence. Pass 2A lineage: The Vault is a Grow Ohio retail storefront/DBA in Zanesville (2600 Maysville Pike); treat The Vault as an alias/storefront under this existing row, not a separate operator.DCC roster confirms Grow Ohio, LLC also holds an active Ohio dispensary license (CCD000153-00, 2600 Maysville Pike, Zanesville) branded ""The Vault"" — the same corporate family's retail arm, not a separate operator. Cultivator and retailer share the Grow Ohio, LLC legal entity. The published phone is The Vault's Zanesville storefront line at 2600 Maysville Pike, not a Grow Ohio corporate headquarters number.",Public coverage verified 1 Aug 2026; names Justin Hunt (CEO) and Josh Febus (retail/marketing). https://thevaultoh.com/visit-us/ | https://thevaultoh.com/about/ | https://growoh.com/ | https://thevaultoh.com/,"Organizations | Batch 1 audit, 2026-08-15; source pages retrieved and reviewed | Pass 1 research, 2026-08-16; source pages retrieved and reviewed | Reconciliation pass against a duplicate/older-snapshot research round, 2026-08-16; source pages retrieved and reviewed Pass 2A lineage review, 2026-08-16; source pages retrieved and reviewed"
Technology,GrowGeneration,Business,David Todd — Ohio event contact,GrowGen@KCSA.com | sales@growgeneration.com,212-896-1233,https://www.growgeneration.com/ihort,Statewide / Multi-Market,Technology,Source-verified,"Reclassified: this is a cultivation equipment/supplies/services retailer, not a cultivator/processor/dispensary — the original taxonomy placement was a genuine error.",https://ir.growgeneration.com/news-events/press-releases/detail/259/growgeneration-to-participate-in-the-38th-annual-roth | https://www.cannabismarketspotlight.com/ohio/home | https://www.cannabismarketspotlight.com/ohiovalley,"IgniteIt Network | Organizations | Batch 1 audit, 2026-08-14; source pages retrieved and reviewed | Technology audit, 2026-08-22; source pages retrieved and reviewed"
Accounting & Tax,Growise CPAs,Business,"Kate Dymedenko, CPA, CTC — Founder & CEO",admin@growisecpas.com,530-466-6252,https://www.growisecpas.com/cannabis-tax-accounting-state-guide,Ohio and nationwide,Accounting; Tax,Source-verified,"Cannabis accounting/tax practice is real and Ohio-facing. Source caveat: some regulatory copy on its site appears dated — use for service verification, not as a current statement of Ohio law.",https://www.growisecpas.com/cannabis-tax-accounting-state-guide,"Research pass — 2026-08-14; QA'd 2026-08-14 | Batch 4 audit, 2026-08-15; source pages retrieved and reviewed | Pass 1 research, 2026-08-16; source pages retrieved and reviewed"
Cultivator / Processor / Dispensary,Guaranteed Dispensary,Business,Ayman Haswah — CEO,info@guaranteeddispensary.com,937-401-2550,https://guaranteeddispensary.com/,Dayton / Miami Valley,Cannabis Operator; Dispensary / Retail,Source-verified,"BBB currently lists Haswah as CEO, principal and customer contact.",https://guaranteeddispensary.com/,"Organizations | Batch 1 audit, 2026-08-15; source pages retrieved and reviewed | Pass 1 research, 2026-08-16; source pages retrieved and reviewed | Reconciliation pass against a duplicate/older-snapshot research round, 2026-08-16; source pages retrieved and reviewed"
Security & Cash Logistics,Guardian Alarm,Business,"Jason Bryan — Commercial Sales Manager, Cincinnati",,833-476-4212,https://guardianalarm.com/locations/,"Ohio — Cincinnati, Cleveland, Columbus, Toledo and surrounding markets",Security / Cash Logistics,Source-verified,"Flag cleared, and this entry was stronger than the workbook previously reflected: Guardian has a dedicated cannabis-security offering and current Ohio operations across Cincinnati, Cleveland, Columbus, Toledo and numerous surrounding markets. Not described as a cannabis-practice leader — that framing is not supported by available evidence, only his general commercial sales role.",https://guardianalarm.com/locations/,"Research pass — 2026-08-14; QA'd 2026-08-14 | Batch 5 audit, 2026-08-15; source pages retrieved and reviewed | Pass 1 research (round 3), 2026-08-16; source pages retrieved and reviewed | Reconciliation pass against a duplicate/older-snapshot research round, 2026-08-16; source pages retrieved and reviewed"
Security & Cash Logistics,Guardian Protection,Business,,,330-797-1570,https://guardianprotection.com/cannabis,"Ohio — Cincinnati, Cleveland, Columbus, Youngstown and surrounding markets",Security / Cash Logistics,Source-verified,"Current first-party evidence establishes both a dedicated cannabis-security offering and active Ohio service markets. A named Ohio cannabis case study is not required to establish vendor availability. Treat vendor compliance statements as service claims rather than current DCC legal authority, and validate the site-specific design before procurement.",https://guardianprotection.com/business-security/cannabis | https://guardianprotection.com/service-areas/,"Research pass — 2026-08-14; QA'd 2026-08-14 | Batch 5 audit, 2026-08-15 | Pass 1 research (round 3), 2026-08-16; source pages retrieved and reviewed | Security & Cash Logistics pass, 2026-08-22; source pages retrieved and reviewed"
Consulting,Hazardous Waste Experts,Business,Dan Chamberlin — Vice President of National Sales,,(425) 414-3485,https://www.hazardouswasteexperts.com/,Ohio / nationwide,Consulting; Waste Disposal; Hazardous Waste; Recycling,Source-verified,"Nationwide provider of cannabis and hemp waste pickup, transportation, secure destruction, compliant disposal, recycling, documentation, reporting, lab-pack services, and management of expired products, packaging, cartridges, growing media, PPE, trimming waste, and laboratory waste. Official site explicitly lists Ohio within its nationwide service coverage.34+ years in regulated environmental services; current Ohio cannabis/hemp waste-disposal offering confirmed.",https://www.hazardouswasteexperts.com/waste-type/cannabis-and-hemp-waste-disposal-services/,"Research pass — 2026-08-14; source pages retrieved and reviewed; Batch 11 audit — 2026-08-15; source pages retrieved and reviewed | Pass 1 research (round 12, final), 2026-08-16; source pages retrieved and reviewed"
Accounting & Tax,HBK Cannabis Solutions,Business,"Eric T. Grischow — Manager / Regional Director, Cannabis Solutions",egrischow@hbkcpa.com,330-758-8613,https://hbkcpa.com/industries/cannabis/,Ohio and multistate,Accounting; Tax,Source-verified,"Cannabis accounting, tax and consulting; Youngstown-based regional director. Phone and email confirmed directly on HBK's site.",https://hbkcpa.com/industries/cannabis/,"Research pass — 2026-08-14; QA'd 2026-08-14 | Batch 4 audit, 2026-08-15; source pages retrieved and reviewed"
Technology,Headset,Business,Cy Scott — Co-Founder & CEO,info@headset.io,,https://www.headset.io/,"All U.S. medical and adult-use states, including Ohio",Technology; Data / Analytics,Source-verified,"Ohio market data/benchmarking confirmed; Headset publishes Ohio market data and has presented Ohio-specific market intelligence. Documented current vendor relationship: Klutch Cannabis (also in this Directory) — Headset powers Klutch's statewide ""Find Klutch Near Me"" brand-locator tool. Narrow brand-locator/data integration, not evidence of a broader analytics contract. Current first-party general route: info@headset.io. The published support inbox and phone were not repurposed as business-development contacts.",https://www.headset.io/retailer | https://www.headset.io/contact,"IgniteIt Network | Organizations | Speakers | Batch 2 audit, 2026-08-14; source pages retrieved and reviewed | Pass 2 B2B relationship mapping (round 5), 2026-08-16; source pages retrieved and reviewed | Technology audit, 2026-08-22; source pages retrieved and reviewed | Technology outreach enrichment, 2026-08-23; first-party contact routes reviewed"
Out of scope — flagged for removal or separate list,Heady,Business,Rahul Khosla — Founder & CEO,,720-593-6098,https://useheady.com/contact,United States; no current Ohio cannabis client/project established,Marketing / Media,Source-verified,"Retained on the separate list as a current cannabis-specialized digital-marketing company, but removed from the publishable Ohio referral set. Current first-party pages establish nationwide cannabis services and identify non-Ohio work, but no current Ohio-licensed client or Ohio project. The older 646 phone and direct email were not carried forward; the current official route is 720-593-6098 plus the contact form.",https://useheady.com/ | https://useheady.com/about | https://useheady.com/contact,"Research pass — 2026-08-14; QA'd 2026-08-14 | Batch 6 audit, 2026-08-15 | Pass 1 research (round 7, from v50 queue), 2026-08-16; source pages retrieved and reviewed | Marketing & Media audit, 2026-08-22; source pages retrieved and reviewed | Marketing & Media national-padding disposition, 2026-08-23; current source pages retrieved and reviewed"
Security & Cash Logistics,Hi-Tech Security Solutions,Business,,info@4-hitech.com,216-233-8544,https://www.4-hitech.com/services/cctv-security-cameras/,Cleveland and Northeast Ohio,Security / Cash Logistics,Source-verified,"Current first-party evidence confirms a cannabis-specific security offering for dispensaries, cultivators and processors across Cleveland and Northeast Ohio, including cameras, alarms, access control, monitoring and 90+ day video-storage capability. A named completed client is not required to establish vendor availability. Treat the vendor's compliance and retention statements as service claims, not current Ohio DCC legal authority; verify the configured system against current DCC rules before procurement.",https://www.4-hitech.com/services/cctv-security-cameras/,"Research pass — 2026-08-14; QA'd 2026-08-14 | Batch 5 audit, 2026-08-15 | Pass 1 research (round 2), 2026-08-16; source pages retrieved and reviewed | Security & Cash Logistics pass, 2026-08-22; source pages retrieved and reviewed"
Staffing & HR,High Bluff Group,Business,,,858-248-4494,https://www.highbluffgroup.com/,United States; San Diego-based; Ohio client not publicly identified,Staffing / HR; Staffing / Recruiting; Human Resources,Source-verified,"Current cannabis-exclusive recruiting and HR consulting firm offering direct hire, contract staffing, employer-of-record support, screening, payroll and benefits administration. Retained as a national specialist; no Ohio client or placement is asserted. Organizational employer route retained.",https://www.highbluffgroup.com/ | https://www.highbluffgroup.com/about/ | https://www.highbluffgroup.com/employers/,"Research pass — 2026-08-14; QA'd 2026-08-14 | Batch 7 audit, 2026-08-15 | Pass 1 research (round 5), 2026-08-16; source pages retrieved and reviewed | Staffing & HR issue-resolution pass — 2026-08-22; current first-party company, about and employer pages retrieved and reviewed"
Staffing & HR,High End Search,Business,Brian Caine — Founder & Executive Recruiter,brian@highendsearch.com,216-469-7776 (mobile) | 949-464-7395 (office),https://www.highendsearch.com/,United States; Cleveland-area contact number,Staffing / HR; Staffing / Recruiting,Source-verified,"All contact routes confirmed current; cannabis/hemp/psychedelics recruitment is active. Geography stated carefully — the 216 area code is a Cleveland contact number and is NOT by itself evidence of Ohio project work, so no Ohio engagement is inferred from it. Independently confirmed as Cleveland-based, which explains (but does not by itself evidence Ohio client work from) the existing 216 mobile number on this row.",https://www.highendsearch.com/,"Research pass — 2026-08-14; QA'd 2026-08-14 | Batch 7 audit, 2026-08-15; source pages retrieved and reviewed | Pass 1 research (round 5), 2026-08-16; source pages retrieved and reviewed"
Consulting,Higher Yields Cannabis Consulting,Business,Cory Waggoner — Founder and CEO,info@higheryieldsconsulting.com,,https://higheryieldsconsulting.com/,United States and international,Consulting; Regulatory Compliance; Construction / Build-Out; Real Estate; Employee Training,Source-verified,"Licensing, dispensary real estate, facility design and construction, SOPs, METRC audits, reconciliation, training, compliance and growth consulting. Contact: 844-HI-YIELD",https://higheryieldsconsulting.com/about-cannabusiness-consulting/cory-waggoner/ | https://higheryieldsconsulting.com/,Research pass — 2026-08-14; source pages retrieved and reviewed; Batch 10 audit — 2026-08-15; source pages retrieved and reviewed
Events & Expos,Highly Satisfied Stoners Food Expo,Business,,,,https://www.eventbrite.com/o/the-session-216-44623008733,Cleveland / Northeast Ohio,Events / Expos,Source-verified,"The Highly Satisfied Stoners Food Expo was held August 1, 2026 at 1812 E. 30th Street in Cleveland. The Session 216 is the documented organizer and maintains an active Eventbrite profile plus Instagram presence; no next Food Expo date was announced as of 2026-08-23. FORM-ONLY TERMINAL: use Eventbrite’s organizer Contact control or Instagram DM; no readable first-party email or phone is published, and none is inferred.",https://www.eventbrite.com/e/highly-satisfied-stoners-food-expo-tickets-1984423625483 | https://www.eventbrite.com/o/the-session-216-44623008733 | https://www.instagram.com/thesession216/,"Events & Expos research pass — 2026-08-22; source pages retrieved and reviewed | Events currency QA — 2026-08-22; source pages retrieved and reviewed | Events & Expos outreach-enrichment pass, 2026-08-23; Eventbrite/Instagram form-only terminal verified"
Technology,Hoodie Analytics,Business,Hoodie Analytics Sales Team,sales@hoodieanalytics.com,,https://www.hoodieanalytics.com,Statewide / Multi-Market,Technology; Data / Analytics,Source-verified,Current cannabis CPG/retail data platform; Technology classification confirmed correct.,https://www.cannabismarketspotlight.com/ohiovalley | https://www.fatnugsmag.com/fat-nugs-magazine-partners-with-hoodie-analytics-to-deliver-business-and-mediation-insights-in-the-cannabis-industry/,"IgniteIt Network | Organizations | Batch 4 audit, 2026-08-15; source pages retrieved and reviewed | Technology audit, 2026-08-22; source pages retrieved and reviewed"
Out of scope — flagged for removal or separate list,Howard M. Cohn & Associates (THC Legal Group legacy),Business,Howard M. Cohn,,216-912-6760,https://www.cohnpatents.com/,"Cleveland, Ohio (parent IP firm); cannabis practice not independently current",Excluded Lead; Legal; Licensing; Intellectual Property,Source-verified,Moved out of the active provider categories. The THC Legal Group domain remains contaminated with casino/crypto SEO and is not referral-safe; no independent current cannabis-practice evidence was found. Parent Howard M. Cohn & Associates remains a current Cleveland intellectual-property firm. Preserve the THC Legal Group name only as historical provenance and do not use its domain to evaluate current cannabis capability.,https://www.thclegalgroup.com/about-us/ | https://www.cohnpatents.com/,"Research pass — 2026-08-14; QA'd 2026-08-14 | Batch 6 audit, 2026-08-15 | Legal & Accounting issue-resolution pass, 2026-08-22; source pages retrieved and reviewed"
Insurance,HUB International,Business,,,614-453-4400,https://www.hubinternational.com/en-CA/industries/cannabis-insurance/,Ohio and North America,Insurance,Source-verified,"Flag cleared: 614-453-4400 is a current first-party Columbus office number, and HUB currently lists cannabis-dispensary insurance among its Columbus services. This resolves an earlier ""unconfirmed phone"" caveat in this workbook. No named individual contact published/found — organizational contact route above is the best current public route.",https://www.hubinternational.com/en-CA/industries/cannabis-insurance/,"Research pass — 2026-08-14; QA'd 2026-08-14 | Batch 4 audit, 2026-08-15; source pages retrieved and reviewed | Pass 1 research, 2026-08-16; source pages retrieved and reviewed | Reconciliation pass against a duplicate/older-snapshot research round, 2026-08-16; source pages retrieved and reviewed"
Cultivator / Processor / Dispensary,Hundred Percent Labs,Business,Andrew Morris — Business Development,Ladybugs@HundredPercentLabs.com,,https://www.hundredpercentlabs.com/contact-us/,Statewide / Mount Orab / Southern Ohio,Cannabis Operator; Processing,Source-verified,"The current official contact page supplies a direct organizational inquiry email. Despite its name, this is a DCC-licensed processor rather than one of Ohio's licensed testing laboratories.",https://www.hundredpercentlabs.com/contact-us/ | https://www.hundredpercentlabs.com/ | Ohio DCC active processor roster,"Research pass — 2026-08-14; QA'd 2026-08-14 | Batch 3 audit, 2026-08-14; source pages retrieved and reviewed | Operator outreach-enrichment pass, 2026-08-22; source pages retrieved and reviewed"
Staffing & HR,Hunter + Esquire,Business,Bryan Passman — Co-Founder & CEO,hello@hunteresquire.com,,https://www.hunteresquire.com/,National and global,Staffing / HR,Source-verified,"POSITIONING UPDATE: Passman's title is unchanged, but the firm now positions itself more broadly around health & wellness executive search and advisory while still serving cannabis. Described accordingly rather than as a cannabis-only search firm.",https://www.hunteresquire.com/executive-search/ | https://www.hunteresquire.com/contact/,"Research pass — 2026-08-14; QA'd 2026-08-14 | Batch 7 audit, 2026-08-15; source pages retrieved and reviewed"
Marketing & Media,Hybrid Marketing Co.,Business,Greg Peters — President,,720-802-1120,https://hybridmarketingco.com/contact/,Nationwide; Ohio project evidence,Marketing / Media,Source-verified,Current cannabis-marketing provider with nationwide service. Its current Lighthouse case study documents an Ohio cannabis engagement; case-study performance figures remain vendor-published.,https://hybridmarketingco.com/services/ | https://hybridmarketingco.com/case-study/lighthouse/,"Research pass — 2026-08-14 | Batch 9 audit, 2026-08-15; source pages retrieved and reviewed | Pass 1 research (round 9, from v52 queue), 2026-08-16; source pages retrieved and reviewed | Marketing & Media audit, 2026-08-22; source pages retrieved and reviewed"
Insurance,iCann Insure,Business,Adam Patt — Founder & President,info@iCannInsure.com,847-250-7122,https://www.icanninsure.com/,Ohio and other legal-cannabis states,Insurance,Source-verified,Ohio explicitly remains in its service footprint. First-party About page: president since 2008.,https://www.icanninsure.com/,"Research pass — 2026-08-14; QA'd 2026-08-14 | Batch 4 audit, 2026-08-15; source pages retrieved and reviewed | Pass 1 research (round 2), 2026-08-16; source pages retrieved and reviewed | Reconciliation pass against a duplicate/older-snapshot research round, 2026-08-16; source pages retrieved and reviewed"
Legal & Licensing,Ice Miller LLP,Business,Leslie S. Johnson — Partner,leslie.johnson@icemiller.com,614-462-1049,https://www.icemiller.com/cannabis,Ohio and national,Legal; Licensing,Source-verified,"Leslie Johnson's cannabis work directly confirmed by Ice Miller (works with cultivators, dispensaries, investors and ancillary providers).",https://www.icemiller.com/leslie-s-johnson,"IgniteIt Network | Organizations | Speakers | Batch 3 audit, 2026-08-14; source pages retrieved and reviewed"
Legal & Licensing,ICS Consulting Service,Business,Jenny Germano — Founder,info@icsconsultingservice.com,303-630-9806,https://www.icsconsultingservice.com/ohio-cannabis-compliance-audits-facility-launch-services-ics-consulting,Ohio statewide,Legal; Licensing; Regulatory Compliance,Source-verified,"Current first-party pages confirm Jenny Germano as Founder and President, active national cannabis compliance work, and an Ohio-specific service offering covering audits, facility launches, licensing, SOPs and operational readiness. Current organizational route: info@icsconsultingservice.com and 303-630-9806. Vendor market statistics and regulatory summaries remain service context, not independent Ohio legal authority.",https://www.icsconsultingservice.com/ohio-cannabis-compliance-audits-facility-launch-services-ics-consulting | https://www.icsconsultingservice.com/contact | https://www.icsconsultingservice.com/ | https://www.icsconsultingservice.com/about-ics,"Research pass — 2026-08-14; QA'd 2026-08-14 | Batch 6 audit, 2026-08-15; source pages retrieved and reviewed | Legal & Licensing outreach-enrichment pass, 2026-08-23; first-party contact routes reviewed"
Events & Expos,IgniteIt,Business,Elliot Lane — President / Co-Founder | Patrick Lane,events@igniteit.com,,https://www.igniteit.com/contact/,Cincinnati / Ohio Valley; multi-market,Events / Expos,Source-verified,"IgniteIt's Ohio/Kentucky Market Spotlight was held April 30, 2026 at The Westin Cincinnati. Elliot Lane and Patrick Lane are identified on the official program; IgniteIt remains an active multi-market cannabis-events organizer with a current general contact route. The Ohio Valley edition is historical until another date is announced.",https://www.cannabismarketspotlight.com/ohiovalley/ | https://www.cannabismarketspotlight.com/ohiovalley/session/3770371/closing-remarks | https://www.igniteit.com/contact/,"IgniteIt Network | Organizations | Batch 3 audit, 2026-08-14; source pages retrieved and reviewed | Events currency QA — 2026-08-22; source pages retrieved and reviewed"
Technology,IndicaOnline,Business,Ivan Suslov — Chief Operating Officer,support@indicaonline.com | sales@indicaonline.com,888-420-4207,https://indicaonline.com/markets/ohio/,Ohio,Technology; POS; Metrc / Track-and-Trace; Regulatory Compliance,Source-verified,Ohio cannabis POS with direct Metrc integration; Ohio-specific compliance guide confirmed current. Independently corroborated by CB Insights.,https://indicaonline.com/markets/ohio/,"Research pass — 2026-08-14; QA'd 2026-08-14 | Batch 5 audit, 2026-08-15; source pages retrieved and reviewed | Pass 1 research (round 3), 2026-08-16; source pages retrieved and reviewed | Reconciliation pass against a duplicate/older-snapshot research round, 2026-08-16; source pages retrieved and reviewed | Technology audit, 2026-08-22; source pages retrieved and reviewed"
Security & Cash Logistics,Innovatex IT Solutions,Business,Andy Lamb — Solutions Integrator / Founder,info@innovatexit.com,877-804-1004,https://innovatexit.com/industries/cannabis,Ohio and nationwide,Security / Cash Logistics,Source-verified,"Westerville, OH-based IT/security integrator; cannabis offering and contact route confirmed. BBB independently identifies Lamb as founder and principal contact.",https://innovatexit.com/industries/cannabis,"Research pass — 2026-08-14; QA'd 2026-08-14 | Batch 5 audit, 2026-08-15; source pages retrieved and reviewed | Pass 1 research (round 2), 2026-08-16; source pages retrieved and reviewed | Reconciliation pass against a duplicate/older-snapshot research round, 2026-08-16; source pages retrieved and reviewed"
Technology,Innovia,Business,Trish Boccuti — Published cannabis acquisition contact,tboccuti@innovia.com,800-834-7700,https://www.innovia.com/contact,Statewide / Multi-Market,Technology,Source-verified,"Acquired 365 Cannabis and 365Vertical in February 2026; those teams joined Innovia. See the 365 Cannabis entry, retained as an acquired-brand cross-reference rather than a separate current organization.",https://www.cannabismarketspotlight.com/ohiovalley | https://www.innovia.com/blog/innovia-consulting-announces-acquisition-of-365vertical-and-365-cannabis,"IgniteIt Network | Organizations | Batch 4 audit, 2026-08-15; source pages retrieved and reviewed | Technology audit, 2026-08-22; source pages retrieved and reviewed"
Cultivator / Processor / Dispensary,INSA,Business,Peter Gallagher — Co-Founder & CEO; Patrick Gottschlicht — Co-Founder,customerservice@myinsa.com,440-373-5005,https://insa.com/oh/contact-insa/,Willoughby Hills operating; Dayton provisional license,Dispensary / Retail,Source-verified,"The current official Ohio contact page supplies the Willoughby Hills email and phone and currently lists only that operating store. DCC separately lists the Dayton address as an active provisional license; it is retained as pipeline footprint, not presented as an open storefront.",https://insa.com/oh/contact-insa/ | Ohio DCC active licensee roster (CCD000091-00; CCD000173-00),"Pass 2A promotion — 12 confirmed candidates, 2026-08-17; source pages retrieved and reviewed | Operator outreach-enrichment pass, 2026-08-22; source pages retrieved and reviewed"
Out of scope — flagged for removal or separate list,InSpire Transpiration Solutions,Business,,info@inspire.ag,877-374-6774,https://inspire.ag/contact-about-project/,United States and Canada; no verified current Ohio project/client,HVAC / Climate Control; Dehumidification; Ventilation / Air Filtration; Architecture / Engineering; Cultivation,Source-verified,"Moved to the retained separate-list/out-of-scope bucket after Ohio-referral review. InSpire remains a current cannabis-specific HVAC equipment and climate-control provider with phone, email and project-consultation form. Its current page says it serves the United States and Canada and specifically names Pennsylvania, Florida, Illinois, Colorado, Michigan and Massachusetts, but not Ohio; no current Ohio project/client was found. Preserve as a national reference and do not present as Ohio-referral-safe without first-party Ohio evidence.",https://inspire.ag/contact-about-project/ | https://inspire.ag/cannabis-services/hvac-system-design-engineering/,"Facility & EHS gap research — 2026-08-16; source pages retrieved and reviewed | Pass 1 research (round 6), 2026-08-16; source pages retrieved and reviewed | v67-RE2 Real Estate / Build-Out disposition pass, 2026-08-23; first-party service-area and contact pages retrieved and reviewed"
Insurance,Insureon,Business,Jeff Kroeger — President,,800-688-1984,https://www.insureon.com/cannabis-business-insurance/ohio,Ohio,Insurance,Source-verified,"Current dedicated Ohio cannabis-dispensary insurance offering confirmed. President since 2023, following HUB's acquisition of Insureon.",https://www.insureon.com/cannabis-business-insurance/ohio,"Research pass — 2026-08-14; QA'd 2026-08-14 | Batch 4 audit, 2026-08-15; source pages retrieved and reviewed | Pass 1 research (round 2), 2026-08-16; source pages retrieved and reviewed | Reconciliation pass against a duplicate/older-snapshot research round, 2026-08-16; source pages retrieved and reviewed"
Nonprofit & Advocacy,International Cannabis Education Coalition (ICEC),Nonprofit,Alissa Lee — organizational contact,alissaleecfci@gmail.com,937-941-7567,https://www.theicecgroup.org/,"Fairborn, Ohio / national and international",Nonprofit / Advocacy; Education / Research; Patient Advocacy; Cannabis Safety; Community Outreach,Source-verified,"Fairborn-based 501(c)(3), EIN 84-2478078, focused on cannabis/hemp education, patient and caregiver communication, medical-cannabis research advocacy and consumer safety. Formerly known as Cannabis For Children International. Current organizational activity and Ohio headquarters are corroborated by the official site and active LinkedIn presence.",https://www.theicecgroup.org/ | https://www.charitynavigator.org/ein/842478078 | https://www.linkedin.com/company/intl-cannabis-education,Research pass — 2026-08-22; source pages retrieved and reviewed
Cultivator / Processor / Dispensary,Italian Herbs,Business,Jess Lintala — Owner / General Manager,,440-474-3408,https://italianherbsdispensary.com/,"Ashtabula and Geneva-on-the-Lake, Ohio",Dispensary / Retail,Source-verified,"DCC-licensed dispensary at two Ohio locations, family-owned. Owner named as ""Jess Lintala"" in a 2023 Star Beacon (Ashtabula's local paper) article covering the store's ribbon-cutting, with a direct quote attributed to her. NOTE: a separate secondary source (Erie News Now) names the owner as ""Jessica Laurello"" — same first name, different surname. The Star Beacon source is preferred as the more specific, locally-sourced, directly-quoted account, but this discrepancy is unresolved and should be confirmed directly before outreach.",Ohio DCC active licensee roster (CCD000042-00; CCD000245-00); https://italianherbsdispensary.com/,"Pass 2A promotion — 12 confirmed candidates, 2026-08-17; source pages retrieved and reviewed"
Technology,Jane Technologies,Business,,,,https://www.iheartjane.com/business/ecommerce,Ohio; United States,Technology; POS,Source-verified,Current Ohio deployment confirmed through Jane's live Ohio marketplace and Pure Ohio Wellness embedded menu. This proves active Ohio ecommerce/menu coverage; it does not establish every POS integration or commercial term. FORM-ONLY TERMINAL: Jane's current business page routes new-business inquiries through its Get a demo/Request demo form. The privacy-notice info inbox and SDK support inbox were not repurposed as sales contacts.,https://www.iheartjane.com/dispensaries/united-states/ohio/cincinnati | https://www.iheartjane.com/embed/stores/6053/menu | https://www.iheartjane.com/business/ecommerce | https://dm-sdk-docs.iheartjane.com/ | https://www.iheartjane.com/privacy-policy,"Research pass — 2026-08-14; QA'd 2026-08-14 | Batch 5 audit, 2026-08-15 | Pass 1 research (round 3), 2026-08-16; source pages retrieved and reviewed | Technology audit, 2026-08-22; source pages retrieved and reviewed | Technology outreach enrichment, 2026-08-23; form-only intake verified"
Technology,JointCommerce,Business,JointCommerce Business Development Team,business@jointcommerce.com,949-698-2094,https://www.jointcommerce.com/contact-us,Statewide / Multi-Market,Technology; Advertising,Source-verified,Current cannabis technology/advertising platform; its own terms explicitly characterize it as non-plant-touching technology.,https://www.cannabismarketspotlight.com/ohiovalley | https://www.jointcommerce.com/legal/contact,"IgniteIt Network | Organizations | Batch 4 audit, 2026-08-15; source pages retrieved and reviewed | Technology audit, 2026-08-22; source pages retrieved and reviewed"
Out of scope — flagged for removal or separate list,Katherine Cochran — Scioto County Commissioner write-in candidate,Individual,Katherine Cochran,,,,"Scioto County / Portsmouth, Ohio",Reference / Out of Scope,Source-verified,"Verified Ohio Cannabis Expo interview participant and warm political contact. Anthony Riley's published post identifies Cochran as a Scioto County Commissioner write-in candidate with a master's degree in Medicinal Cannabis Science and Business who discussed voter registration, cannabis policy, and consumer rights. She is not a commercial provider; retain only in a separate political/community-contact list or remove from the shareable provider directory.",https://www.linkedin.com/posts/anthony-rileyohio_ohiocannabislive-ohiocannabisexpo-oceportsmouth-activity-7491182904618668032-yg5Y,"Warm Contacts | Research cleanup — 2026-08-14; source page retrieved and reviewed | Confirmed via Batch 3 audit, 2026-08-14"
Packaging & Labeling,Kaufman Container,Business,Sara Blankenship — President,sales@kaufmancontainer.com,800-824-4119,https://www.kaufmancontainer.com/service/contact/,Ohio (Cleveland operations); nationwide,Packaging / Labeling,Source-verified,"Explicitly identifies itself as an Ohio cannabis-packaging supplier with Cleveland operations — clean first-party Ohio evidence. Extensively and independently corroborated: 3rd-generation family leadership, 2026 NACD listings, a current company video series, and an April 2026 LinkedIn post naming the full executive team.",https://www.kaufmancontainer.com/products/cannabis-packaging/,"Research pass — 2026-08-14; QA'd 2026-08-14 | Batch 8 audit, 2026-08-15; source pages retrieved and reviewed | Pass 1 research (round 8, from v51 queue), 2026-08-16; source pages retrieved and reviewed"
Staffing & HR,KayaPush,Business,Tommy Truong — Co-Founder & CEO,info@kayapush.com,800-449-9756 | 855-255-9984,https://www.kayapush.com/,United States and Canada; Ohio client not publicly identified,Staffing / HR; Human Resources; Payroll,Source-verified,"Current cannabis HR, payroll, scheduling and workforce-management platform. First-party materials explicitly offer U.S.-only HR compliance support and publish Ohio-market content, but no Ohio customer adoption is asserted. Current general contact routes retained.",https://www.kayapush.com/ | https://www.kayapush.com/contact | https://www.kayapush.com/blog/a-comprehensive-guide-to-ohio-cannabis-laws-in-2024,"Research pass — 2026-08-14; QA'd 2026-08-14 | Batch 7 audit, 2026-08-15 | Pass 1 research (round 5), 2026-08-16; source pages retrieved and reviewed | Staffing & HR issue-resolution pass — 2026-08-22; current first-party platform, contact and Ohio-market pages retrieved and reviewed"
Legal & Licensing,Kegler Brown Hill + Ritter,Business,Luis M. Alcalde — Director,,614-462-5480,https://www.keglerbrown.com/cannabis,Ohio statewide,Legal; Licensing,Source-verified,Very strong Ohio record: the firm's current cannabis practice states it has worked in Ohio cannabis since the medical program began and remains active in the dual-use market. Key contact added.,https://www.keglerbrown.com/cannabis,"Research pass — 2026-08-14; QA'd 2026-08-14 | Batch 6 audit, 2026-08-15; source pages retrieved and reviewed"
Staffing & HR,Kent State University — Cannabis Education,Nonprofit,,lifelonglearning@kent.edu,330-672-3416,https://cannabiseducation.kent.edu/,Ohio / 100% online,Staffing / HR; Employee Training; Workforce Development; Cannabis Career Education,Source-verified,"Current Ohio university workforce program offering six job-oriented cannabis certificates: associate/foundational, cultivation, product development, retail and sales, compliance, and medical cannabis. Programs include career-resource access and current 2026 cohorts. Kent State's current Lifelong Learning office publishes a general program email and main phone; Green Flower provides the learning platform and course support.",https://cannabiseducation.kent.edu/ | https://cannabiseducation.kent.edu/resource-center/ | https://www.kent.edu/lifelong-learning/our-staff | https://www.kent.edu/today/news/kent-state-university-expands-partnership-green-flower-adding-new-suite-online-cannabis,"Staffing & HR research pass — 2026-08-22; source pages retrieved and reviewed | Staffing & HR outreach-enrichment pass, 2026-08-23; source pages retrieved and reviewed"
Nonprofit & Advocacy,Kentucky Cannabis Industry Alliance,Nonprofit,Rachel Roberts — Executive Director,rachel@kycanna.org,502-875-1176,https://www.kycanna.org/,Out of State,Nonprofit / Advocacy,Source-verified,"Current Kentucky medical-cannabis trade association. Rachel Roberts remains Executive Director; KCIA's first-party team page publishes her direct email and the organization phone. Included as out-of-state Ohio Valley ecosystem adjacency, not as an Ohio-based association.",https://www.kycanna.org/ | https://www.kycanna.org/about | https://www.cannabismarketspotlight.com/ohiovalley,"Organizations | Speakers | Batch 1 audit, 2026-08-15; source pages retrieved and reviewed | Nonprofit & Advocacy outreach-enrichment pass, 2026-08-23; source pages retrieved and reviewed"
Real Estate / Build-Out,Kiesland Development Services,Business,Richard Hughes — President,,513-554-1200,https://www.kiesland.com/,"Southwest Ohio, Dayton, Northern Kentucky and Indiana; Ohio cannabis project experience",Real Estate / Build-Out; Construction / Build-Out; Design / Build; Cultivation,Source-verified,"Ohio design-build contractor with direct cannabis project history. Kiesland's current first-party article says it delivered the Ancient Roots cultivation facility in Wilmington in 2018, including greenhouse space, pharmaceutical manufacturing for flower, concentrates and edibles, and back-office space. The same current article says the team understands cannabis-specific zoning, security, HVAC and electrical demands. Richard Hughes is current President. Documented client relationship: Ancient Roots — Wilmington cultivation and processing facility; Ancient Roots is also an entry in this Directory.",https://www.kiesland.com/smoke-em-if-you-got-em-the-cannabis-construction-boom/ | https://www.kiesland.com/our-team/,Real Estate / Build-Out pass — 2026-08-22; source pages retrieved and reviewed
Staffing & HR,Kind Benefits,Business,Craig Scurato — Founder / Chief Benefits Tender,craig@kindbenefits.co,,https://kindbenefits.co/,Nationwide,Staffing / HR,Source-verified,Named founder/contact added. Current site states it serves cannabis employers nationwide.,https://kindbenefits.co/,"Research pass — 2026-08-14; QA'd 2026-08-14 | Batch 7 audit, 2026-08-15; source pages retrieved and reviewed"
Cultivator / Processor / Dispensary,King City Gardens,Business,Alisha Batac — Senior Marketing Manager,alisha.batac@kingcitygardens.com,702-497-9747,https://kingcitygardens.com/,"Cincinnati, Ohio (cultivation, processing and 3 dispensaries)",Cannabis Operator; Cultivation; Dispensary / Retail,Source-verified,"King City Gardens is the Cincinnati cultivation operation; The Garden is its Cincinnati retail footprint. Documented current supplier relationship: Grove Bags/TerpLoc for gummies and vape packaging. King City also holds an exclusive Ohio manufacturing/distribution partnership with Jeeter. DCC roster verification places the core vertically integrated footprint under FW Green Investments LLC. A 2025 report said King City acquired the Dayton OTC location and intended to rebrand it as The Garden, but the current 2026 official site and public roster-facing evidence still present 3145 Salem Ave as Off The Charts under OTC Ohio LLC. That Dayton store is therefore retained as a separate current-brand row rather than folded into King City's three-store count.",https://kingcitygardens.com/about-us/ | https://www.prnewswire.com/news-releases/king-city-gardens-opens-first-dispensary-the-garden-dispensary-in-cincinnati-302575380.html | https://medicateoh.com/featured/king-city-introduces-the-garden-dispensary-a-new-cannabis-destination-in-dayton-ohio/ | https://otcdispo.com/,"Original expo CRM | Research cleanup — 2026-08-14; QA'd 2026-08-14 | Batch 3 audit, 2026-08-14; source pages retrieved and reviewed | Pass 2 B2B relationship mapping (round 4), 2026-08-16; source pages retrieved and reviewed | Pass 2 B2B relationship mapping (round 5), 2026-08-16; source pages retrieved and reviewed | DCC address-finding reconciliation pass, 2026-08-17; source pages retrieved and reviewed; roster-verified | DCC legal-entity → trade-name mapping Batch 2, 2026-08-23; source pages retrieved and reviewed; roster-verified"
Consulting,Kiwa ASI,Business,Tyler Williams — Chief Executive Officer,info@asifood.com,1-800-477-0778,https://www.asifood.com/,Ohio / United States,Consulting; Regulatory Compliance; Employee Training,Source-verified,"Provides CSQ certification audits, GMP assessments, pre-assessments, gap analysis and related training for Ohio cannabis operations. Kiwa ASI is a legitimate current provider, but its Ohio page contains at least one Missouri-specific solvent-standard reference; use it to verify the service, not as authoritative Ohio regulatory guidance. Third-party CSQ certification is voluntary rather than an Ohio licensing requirement. Following ASI's February 2026 rebrand to Kiwa ASI.",https://www.asifood.com/ohio-gmp-for-cannabis | https://www.asifood.com/asi-contact-page,"Research pass — 2026-08-14; source pages retrieved and reviewed; Batch 11 audit — 2026-08-15; source pages retrieved and reviewed | Pass 1 research (round 11, from v54 queue), 2026-08-16; source pages retrieved and reviewed"
Cultivator / Processor / Dispensary,Klutch Cannabis,Business,"Adam Thomarios — Founder & CEO | Chad Fuller — Executive Edibles Chef | Mike Lentz — VP, Production Operations",athomarios@klutchcannabis.com,,https://www.klutchcannabis.com/,"Columbus, Canton and Lorain, Ohio, plus Akron-area roots; Grandview / 1305 Holly Ave, Columbus — grand opening scheduled September 11, 2026",Cannabis Operator,Source-verified,"Confirmed via Ohio Cannabis Coalition coverage: Akron-based Klutch (founder Adam Thomarios) is an active Ohio cannabis operator/brand. Documented current brand-partnership relationships, independently corroborated from two separate sources: Klutch's own June 2026 Columbus-opening press release names Cookies, Josh D and Kiva Confections directly as brand partners carried alongside Klutch's house brands (Klutch Cannabis, Citizen by Klutch, Habitat by Klutch); Klutch's Featured Brands page separately confirms the same three and additionally states Josh D has been Klutch's Ohio partner since 2018 (""OG Ohio partner""). None of the three brands are added as directory rows — see this Directory's scope note on national CPG brand-licensing entities. Also documented: an M&A/license-transfer relationship with Farkas Farms (also in this Directory) — DCC approved Klutch's June 2026 acquisition of Farkas Farms' Columbus dispensary license (5429 Bethel Sawmill Center), while Klutch simultaneously sold its Loudonville dispensary/license to Farkas Farms. Confirmed via eight independent sources including Crain's Cleveland Business. Vendor relationships, all current and confirmed via Klutch's own site: CannaPlanners (website/digital development — credited as site provider), Headset (brand-locator/data technology powering the statewide ""Find Klutch Near Me"" tool — narrow integration, not a broader analytics contract), Dutchie (Dutchie Pay accepted in-store), and CanPay (accepted cashless payment option). CannaPlanners, Headset, Dutchie and CanPay are all also entries in this Directory. Wholesale/distribution relationships into named current Ohio dispensary partners, per Klutch's own statewide locator: Ascend Cannabis, Amplify and Backroad Wellness (all three also entries in this Directory) are explicitly listed as current dispensary partners carrying Klutch products. The same locator names a further 17 already-listed Ohio operators as partners (Curaleaf, Elevated Growth, Ethos, Farkas Farms, Green Leaf Therapy, Greenlight, Guaranteed Dispensary, Locals, Pure Ohio Wellness, Standard Wellness, Story Cannabis, Sunnyside/Cresco, The Botanist, The Cannabist Company, The Forest, Trulieve and Verilife/PharmaCann) — recorded here rather than duplicated across 17 individual rows, since the relationship is the same in each direction (Klutch products carried at these retailers) and is fully documented by this one current source. DCC LEGAL ENTITIES: Klutch's Akron cultivation operates under AT-CPC of Ohio, LLC (CCC000042-00, -01); Bethel Sawmill Columbus under ATCL2, LLC (CCD000218-00); Wellington under related-pattern ATCL4, LLC (CCD000193-00), not independently confirmed as Klutch beyond naming pattern; Cleveland, Northfield and Akron/Tallmadge under Klutch Prospect LLC, Klutch Northfield LLC and Klutch Akron LLC; processing under Klutch Processing LLC (CCP000043-00). Address-level reconciliation now also confirms the Canton and Lorain Klutch storefronts under Citizen Real Estate, LLC / CCD000083-00 and CCD000084-00; both were formerly branded The Citizen by Klutch. SETTLED 2026 OWNERSHIP TRANSFER: On 2026-09-01 Klutch announced DCC approval to acquire Culture Cannabis Club's Grandview dispensary at 1305 Holly Ave, Columbus. Klutch's first-party Grandview page lists the grand opening for 2026-09-11; this is scheduled as of the 2026-09-09 verification date.",https://www.klutchcannabis.com/ | https://www.klutchcannabis.com/blog/klutch-cannabis-to-rebrand-dispensaries-and-launch-cookies-products-in-january-2025/ | https://www.klutchcannabis.com/contact/ | https://www.prnewswire.com/news-releases/klutch-cannabis-announces-acquisition-of-second-columbus-dispensary-in-grandview-relocation-of-tallmadge-store-to-new-flagship-location-in-akron-302866476.html | https://www.klutchcannabis.com/grandview-dispensary/,"Organizations | Speakers | Batch 3 audit, 2026-08-14; source pages retrieved and reviewed | Pass 2 B2B relationship mapping (round 5), 2026-08-16; source pages retrieved and reviewed | DCC legal-entity → trade-name mapping, 2026-08-23; source pages retrieved and reviewed; roster-verified"
Consulting,Kush Design Studio,Business,Ryan Lafferty — Co-founder and COO,,616-439-4701,https://www.kushdesignstudio.com/contact,U.S. multi-market; Ohio-specific project not identified,Consulting; Regulatory Compliance,Source-verified,"Current first-party contact page supplies a direct business phone and consultation route. The firm remains a national cannabis design, build, licensing, compliance and operations provider; no Ohio-specific project is asserted.",https://www.kushdesignstudio.com/contact | https://www.kushdesignstudio.com/,"Research pass — 2026-08-14; source pages retrieved and reviewed; Batch 10 audit — 2026-08-15; source pages retrieved and reviewed | Consulting issue-resolution pass — 2026-08-22; current homepage and service pages retrieved and reviewed | Consulting outreach-enrichment pass, 2026-08-23; source pages retrieved and reviewed"
Staffing & HR,KushHR,Business,"Jay Louis, SHRM-CP — Founder",letstalk@kushhr.com,,https://kushhr.com/about/,Ohio | Select U.S. markets,Staffing / HR; Human Resources,Source-verified,Current founder confirmed. KushHR explicitly provides an Ohio-specific cannabis employee handbook among its state-specific HR products.,https://kushhr.com/the-cannabis-employee-handbook-checklist-10-sections-you-cant-skip/,"Research pass — 2026-08-14; QA'd 2026-08-14 | Batch 6 audit, 2026-08-15; source pages retrieved and reviewed"
Nonprofit & Advocacy,Last Prisoner Project,Nonprofit,Stephanie Shepard — Acting Executive Director,info@lastprisonerproject.org,(917) 789-5427,https://www.lastprisonerproject.org/,Ohio / United States,Nonprofit / Advocacy; Policy Advocacy,Source-verified,"Direct Ohio policy advocacy and constituent work are documented, including assistance involving an Ohio cannabis prisoner. No Ohio office was identified, but Ohio service is verified. Independently re-verified: officially announced October 21, 2025, succeeding Sarah Gersten, and confirmed current as recently as an April 2026 press release. ""Acting"" preserved per LPP's own current usage.",https://www.lastprisonerproject.org/ohio-becomes-24th-state-to-legalize-cannabis-but-the-battle-for-justice-persists | https://www.lastprisonerproject.org/harold-thomas-reunited-with-family-after-serving-8-year-cannabis-sentence-in-ohio,"Research pass — 2026-08-14; Ohio-presence verification pass — 2026-08-14; source pages retrieved and reviewed; Batch 10 audit — 2026-08-15; source pages retrieved and reviewed | Pass 1 research (round 10, from v53 queue), 2026-08-16; source pages retrieved and reviewed"
Hemp / CBD Products & Ancillary,Laurelcrest,Business,Danielle Bernstein,orders@laurelcrest.com,,https://laurelcrest.com/,Oregon-based,Hemp / CBD,Source-verified,"Reclassified: hemp cannabinoid ingredient/manufacturing supplier based in Oregon, not an Ohio regulated marijuana cultivator/processor/dispensary.",https://laurelcrest.com/about/,"Original expo CRM | Research cleanup — 2026-08-14; QA'd 2026-08-14 | Batch 3 audit, 2026-08-14; source pages retrieved and reviewed"
Banking & Financial Services,Lazear Capital Partners,Business,Brad Bennett — Managing Director,info@lazearcapital.com,614-502-1411,https://www.lazearcapital.com/,Ohio-based | United States,Banking / Financial Services; Lending / Financing,Source-verified,"Investment-banking, ESOP and M&A advisor rather than a general-purpose cannabis lender. A July 2026 first-party transaction notice identifies Brad Bennett as leader of Lazear's cannabis industry practice.",https://www.lazearcapital.com/medical-cannabis-esop-organic-remedies/ | https://www.lazearcapital.com/,"IgniteIt Network | Organizations | Speakers | Batch 1 audit, 2026-08-15; source pages retrieved and reviewed | Banking & Financial Services audit, 2026-08-22; source pages retrieved and reviewed"
Marketing & Media,Leaf Marketing,Business,,,,https://leafmarketing.com/,United States — local and national cannabis clients,Marketing / Media; Advertising,Source-verified,Current first-party site states that the agency serves both local and national cannabis clients. No Ohio client is claimed; current national availability resolves the former geography flag. OUTREACH DISPOSITION (2026-08-23): the live site accepts project inquiries and free-audit requests through embedded forms but publishes no direct email or phone; form-only terminal route.,https://leafmarketing.com/,"Research pass — 2026-08-14; QA'd 2026-08-14 | Batch 6 audit, 2026-08-15 | Pass 1 research (round 4), 2026-08-16; source pages retrieved and reviewed | Marketing & Media audit, 2026-08-22; source pages retrieved and reviewed | Marketing & Media outreach-enrichment pass, 2026-08-23; source pages retrieved and reviewed"
Cultivator / Processor / Dispensary,Leaf Relief,Business,,,330-333-3925,https://leafreliefohio.com/contact-us,"Youngstown and Reynoldsburg, Ohio; Austintown pre-opening",Dispensary / Retail,Source-verified,"Parkland Ventures LLC is the DCC legal entity for Leaf Relief's operating Reynoldsburg store, CCD000090-00, exactly matched at 2765 Gender Rd. The same entity's CCD000275-00 at 5511 Silica Rd, Austintown has a provisional credential; current hiring supports Leaf Relief family attribution, but the official store locator does not yet list it, so it remains pre-opening and is not counted as operating. No public direct email or named executive was found.",https://leafreliefohio.com/contact-us | https://leafreliefohio.com/stores | Ohio DCC active licensee roster (CCD000035-00; CCD000090-00; CCD000275-00),"DCC address-finding reconciliation pass, 2026-08-17; source pages retrieved and reviewed; roster-verified | Operator outreach-enrichment pass, 2026-08-22; source pages retrieved and reviewed | DCC legal-entity → trade-name mapping Batch 2, 2026-08-23; source pages retrieved and reviewed; roster-verified"
Nonprofit & Advocacy,LEAF411,Nonprofit,"Katherine Golden, RN — CEO/ED, Executive Director & Board Secretary",,844-LEAF411 (844-532-3411),https://leaf411.org/services/,Ohio-accessible remote informational support / United States,Nonprofit / Advocacy,Source-verified,"DISPOSITION — CONFIRMED at the informational-support level. LEAF411's current nonprofit hotline and chat provide free, anonymous cannabis education and directional support to the general public, and its current state-law resource includes Ohio. This does not establish an Ohio clinical practice relationship or authority to diagnose, prescribe or provide legal advice; paid scheduled guidance calls are separate.",https://leaf411.org/services/ | https://leaf411.org/category/leaf-learning-series/ | https://library.leaf411.org/hc/en-us/articles/360036866633-FAQ-What-are-the-marijuana-laws-by-state,"Research pass — 2026-08-14; source pages retrieved and reviewed; Batch 10 audit — 2026-08-15; source pages retrieved and reviewed | Pass 1 research (round 11, from v54 queue), 2026-08-16; source pages retrieved and reviewed | Nonprofit issue-resolution pass, 2026-08-22; source pages retrieved and reviewed"
Technology,LeafBridge,Business,,,,https://leafbridge.io/,United States; Ohio-serving via The Botanist,Technology; Ecommerce / Online Ordering; Website / Ecommerce Integration,Source-verified,"Active cannabis ecommerce and website-integration provider specializing in Dutchie-connected dispensary sites. Dutchie's case study identifies LeafBridge as the development backbone for The Botanist rebuild, establishing Ohio-serving relevance. FORM-ONLY TERMINAL: the current contact page and Calendly demo path are available; support/privacy inboxes were not repurposed as business-development contacts. No individual public contact was independently confirmed.",https://leafbridge.io/ | https://leafbridge.io/contact/ | https://leafbridge.io/privacy/ | https://dutchie.com/business/ecommerce/ecommerce-pro,"Pass 2 B2B relationship mapping (round 4), 2026-08-16; source pages retrieved and reviewed | Technology audit, 2026-08-22; source pages retrieved and reviewed | Technology outreach enrichment, 2026-08-23; form-only intake verified"
Out of scope — flagged for removal or separate list,LeafSuite,Business,,,541-205-9210,https://leafsuite.io/,United States; no current Ohio cannabis client/project established,Marketing / Media; Advertising,Source-verified,"Retained on the separate list as a current dispensary-marketing agency, but removed from the publishable Ohio referral set. LeafSuite states that it works with licensed independent dispensaries across the United States, but its current first-party material does not name an Ohio-licensed client or Ohio project. The published phone remains a usable outreach route.",https://leafsuite.io/ | https://leafsuite.io/about/,"Research pass — 2026-08-14; QA'd 2026-08-14 | Batch 6 audit, 2026-08-15 | Pass 1 research (round 4), 2026-08-16; source pages retrieved and reviewed | Marketing & Media audit, 2026-08-22; source pages retrieved and reviewed | Marketing & Media national-padding disposition, 2026-08-23; current source pages retrieved and reviewed"
Accounting & Tax,Leafy Accounting Group,Business,Shanelle Hopkins — Cannabis Accountant,hello@leafyag.com,443-983-7166,https://leafyag.com/,Nationwide,Accounting; Tax,Source-verified,Remains an active cannabis accounting practice. Listed under the firm in the 2026 Top 200 Cannabis Accountants list. No owner/CEO title claimed beyond her actual role.,https://leafyag.com/dispensaries-retail/ | https://leafyag.com/contact/,"Research pass — 2026-08-14; QA'd 2026-08-14 | Batch 8 audit, 2026-08-15; source pages retrieved and reviewed | Pass 1 research (round 8, from v51 queue), 2026-08-16; source pages retrieved and reviewed"
Marketing & Media,Level Plus,Business,Calvin Stovall — Head of Cannabis Growth,,786-464-5735,https://golevelplus.com/dispensaries/oh/toledo/,Toledo and surrounding Ohio communities,Marketing / Media; SEO / Search,Source-verified,Current Toledo-specific dispensary SEO/marketing offering; Ohio relevance is direct.,https://golevelplus.com/dispensaries/oh/toledo/,"Research pass — 2026-08-14; QA'd 2026-08-14 | Batch 6 audit, 2026-08-15; source pages retrieved and reviewed | Pass 1 research (round 4), 2026-08-16; source pages retrieved and reviewed | Marketing & Media audit, 2026-08-22; source pages retrieved and reviewed"
Cultivator / Processor / Dispensary,Lighthouse Sciences,Business,Alexander Sandorf — Master Extractor,info@lighthousesci.com,,https://lighthousesci.com/,"Eastlake, Ohio",Cannabis Operator; Processing; Extraction,Source-verified,First-party team page currently lists Alexander Sandorf as Master Extractor at 34099 Melinz Parkway. The current DCC roster confirms MC2P LLC at that same Eastlake address as active Dual Use Processor CCP000032-00. The earlier unspecified suggestion that Sandorf's role might be changing was not corroborated and is refuted; use the general company email for outreach.,"https://lighthousesci.com/our-team/ | Ohio DCC Current Roster, MC2P LLC / CCP000032-00","IgniteIt Network | Batch 3 audit, 2026-08-14 | DCC address-finding reconciliation pass, 2026-08-17; source pages retrieved and reviewed; roster-verified | Cultivator / Processor / Dispensary issue-resolution pass, 2026-08-22; source pages retrieved and reviewed; DCC roster checked"
Security & Cash Logistics,LiveReach AI,Business,,,,https://www.livereach.ai/cannabis,United States; remote platform,Security / Cash Logistics; Access Control,Source-verified,"Current first-party evidence confirms a U.S.-based cannabis security platform supporting existing or shipped cameras, access control, remote monitoring and flexible video retention. Prospective customers route through the official Request Demo form; no suitable public direct sales email or phone was found, so form outreach is the terminal route. The published partner inbox is reseller-specific, and support/privacy contacts were not repurposed. Confirm installation responsibility and retention configuration during procurement.",https://www.livereach.ai/cannabis | https://www.livereach.ai/ | https://www.livereach.ai/partner-application | https://livereach.ai/resources-privacy-policy,"Research pass — 2026-08-14; QA'd 2026-08-14 | Batch 5 audit, 2026-08-15 | Pass 1 research (round 3), 2026-08-16; source pages retrieved and reviewed | Security & Cash Logistics pass, 2026-08-22; source pages retrieved and reviewed | Real Estate / Security / Hemp residual outreach pass, 2026-08-23; source pages retrieved and reviewed"
Consulting,LKP Impact Consulting,Business,Laurie Parfitt — Founder & Principal Fractional CMO,,,https://lkpimpact.com/contact-us/,Statewide / Multi-Market,Consulting,Source-verified,Current first-party pages confirm the cannabis and regulated-market fractional-CMO practice. No public direct email or phone is posted; the official appointment/contact form is the terminal outreach route.,https://lkpimpact.com/contact-us/ | https://lkpimpact.com/about-us/ | https://ochbs.com/speakers/,"Organizations | Speakers | Batch 1 audit, 2026-08-15; source pages retrieved and reviewed | Consulting outreach-enrichment pass, 2026-08-23; source pages retrieved and reviewed"
Cultivator / Processor / Dispensary,Locals Cannabis Dispensary,Business,Mandy Morton — Co-Owner,support@localscannabis.co,Columbus: 614-914-5007 | Cincinnati: 513-386-7205,https://localscannabis.com/contact/,"Columbus and Cincinnati, Ohio",Cannabis Operator; Dispensary / Retail,Source-verified,Current official contact page supplies an organizational email and both Ohio store numbers. Both locations remain roster-verified under Ohio Bound Inc.; Mandy Morton remains the verified co-owner.,https://localscannabis.com/contact/ | https://localscannabis.com/,"Organizations | Speakers | Batch 1 audit, 2026-08-14; source pages retrieved and reviewed | DCC address-finding reconciliation pass, 2026-08-17; source pages retrieved and reviewed; roster-verified | Operator outreach-enrichment pass, 2026-08-22; source pages retrieved and reviewed"
Security & Cash Logistics,Loomis US,Business,,,"713-435-6700, option 2",https://www.loomis.us/contact-us,Ohio; Cincinnati and Columbus facilities confirmed,Security / Cash Logistics; Armored / Secure Transport,Source-verified,"Current first-party service, network and business-continuity pages confirm national cash-in-transit/cash-management capability and Ohio operations in Cincinnati and Columbus. Retained as an Ohio-serving horizontal cash-logistics provider. Loomis does not publicly list cannabis among served industries, so acceptance must be confirmed before referral and is not implied. Current new-business phone replaces the stale number.",https://www.loomis.us/services/cash-transit | https://www.loomis.us/locations | https://www.loomis.us/resources/bcp-plan,"Research pass — 2026-08-14; QA'd 2026-08-14 | Batch 5 audit, 2026-08-15 | Pass 1 research (round 3), 2026-08-16; source pages retrieved and reviewed | Security & Cash Logistics source-repair pass; source URLs retrieved and reviewed 2026-08-22"
Accounting & Tax,LOUD CPA,Business,"Andrea Lockhart, CPA — Founder & CEO",,404-304-7745,https://www.loudcpa.com/,United States; no Ohio client or engagement publicly identified,Accounting; Tax,Source-verified,"Retained as a current cannabis-only CPA firm. The first-party site confirms founder and CEO Andrea Lockhart, cannabis accounting, tax and audit services, and a direct firm contact route. No Ohio client or engagement is publicly identified.",https://www.loudcpa.com/,"Research pass — 2026-08-14; QA'd 2026-08-14 | Batch 8 audit, 2026-08-15 | Legal & Accounting issue-resolution pass, 2026-08-22; source pages retrieved and reviewed"
Technology,Lucid Green,Business,,info@lucidgreen.io,,https://www.lucidgreen.io/,Ohio and nationwide,Technology; Metrc / Track-and-Trace,Source-verified,"Ohio relevance confirmed by Lucid Green's current Ohio-specific Retail ID/LucidID workflow page. Named Ohio customer adoption is not required for inclusion. Vendor regulatory interpretation is retained as service context, not legal authority.",https://www.lucidgreen.io/blog/ohio-cannabis-operators-retail-id-is-optional | https://www.lucidgreen.io/,"Research pass — 2026-08-14; QA'd 2026-08-14 | Batch 5 audit, 2026-08-15 | Pass 1 research (round 3), 2026-08-16; source pages retrieved and reviewed | Technology audit, 2026-08-22; source pages retrieved and reviewed"
Cultivator / Processor / Dispensary,Main Street Cannabis Co.,Business,,,614-670-4384,https://mainstreetcannabis.co/,"Columbus, Ohio",Dispensary / Retail,Source-verified,"Current official site supplies the Columbus store phone. No public direct email or named executive was found; use the organizational store route. GNCO 123 LLC remains the DCC legal entity for confirmed Columbus license CCD000020-00. The same entity's provisional CCD000147-00 at 1420 Cincinnati St, Dayton lacks a current Main Street storefront attribution and remains unresolved.","https://mainstreetcannabis.co/ | Ohio DCC Current Roster, GNCO 123 LLC / CCD000020-00 and CCD000147-00","DCC address-finding reconciliation pass, 2026-08-17; source pages retrieved and reviewed; roster-verified | Operator outreach-enrichment pass, 2026-08-22; source pages retrieved and reviewed | DCC legal-entity → trade-name mapping, 2026-08-23; source pages retrieved and reviewed; roster-verified"
Packaging & Labeling,Mammoth Labels & Packaging,Business,Stuart Reeve — President & CEO,,800-452-9010,https://mammothpackaging.com/markets/cannabis-labels/,"Columbus, Ohio and nationwide",Packaging / Labeling; Printing / Labels,Source-verified,"Current Columbus-based cannabis/CBD labeling operation. Documented client relationship: Motive CBD (also in this Directory) is listed among brands Mammoth's cannabis/CBD labeling page identifies as ""Trusted By."" Specific products, quantities or contract scope not disclosed.",https://mammothpackaging.com/markets/cannabis-labels/,"Research pass — 2026-08-14; QA'd 2026-08-14 | Batch 4 audit, 2026-08-15; source pages retrieved and reviewed | Pass 1 research (round 2), 2026-08-16; source pages retrieved and reviewed | Reconciliation pass against a duplicate/older-snapshot research round, 2026-08-16; source pages retrieved and reviewed | Pass 2 B2B relationship mapping (round 4), 2026-08-16; source pages retrieved and reviewed"
Legal & Licensing,Mansour Gavin LPA,Business,Brendon P. Friesen — Shareholder,bfriesen@mggmlpa.com,216-523-1500,https://mansourgavin.com/practice-area/corporate-and-business-services/marijuana-law-and-policy/,Ohio statewide,Legal; Licensing,Source-verified,"Flag cleared: direct Ohio marijuana-law and licensing experience is documented, including work for Ohio operators.",https://mansourgavin.com/practice-area/corporate-and-business-services/marijuana-law-and-policy/,"Research pass — 2026-08-14; QA'd 2026-08-14 | Batch 6 audit, 2026-08-15; source pages retrieved and reviewed | Pass 1 research (round 5), 2026-08-16; source pages retrieved and reviewed"
Nonprofit & Advocacy,Marijuana Policy Project,Nonprofit,Violet Cavendish — press contact for Ohio legalization release,vcavendish@mpp.org | state@mpp.org,(202) 462-5747,https://www.mpp.org/states/ohio/,Ohio / United States,Nonprofit / Advocacy; Policy Advocacy,Source-verified,MPP maintains a current Ohio policy hub and Ohio advocacy infrastructure. No Ohio-resident staff member was identified; state outreach routes through the national organization.,https://www.mpp.org/states/ohio/,Research pass — 2026-08-14; Ohio-presence verification pass — 2026-08-14; source pages retrieved and reviewed; Batch 10 audit — 2026-08-15; source pages retrieved and reviewed
Technology,Marijuana Software LLC — Ohio Metrc,Business,,support@marijuanasoftwarellc.com,971-276-3371,https://ohio.marijuanasoftwarellc.com/,Ohio,Technology; Metrc / Track-and-Trace; Media / Publication,Source-verified,"Current Ohio-specific product site confirms active Ohio service and ongoing 2026 releases. Metrc/integration language is vendor-published service evidence, not independent validation or current Ohio legal authority.",https://ohio.marijuanasoftwarellc.com/ | https://marijuanasoftwarellc.com/,"Research pass — 2026-08-14; QA'd 2026-08-14 | Batch 5 audit, 2026-08-15 | Pass 1 research (round 3), 2026-08-16; source pages retrieved and reviewed | Technology audit, 2026-08-22; source pages retrieved and reviewed"
Marketing & Media,MATTIO Communications,Business,Rosie Mattio — Founder,info@mattio.com,,https://www.mattio.com/cannabis-pr,United States nationwide,Marketing / Media; PR / Communications,Source-verified,Current first-party material confirms a national cannabis communications practice with talent nationwide. Ohio-specific engagements are not claimed; current nationwide availability resolves the former geography flag.,https://www.mattio.com/cannabis-pr | https://www.mattio.com/about,"Research pass — 2026-08-14; QA'd 2026-08-14 | Batch 6 audit, 2026-08-15 | Pass 1 research (round 4), 2026-08-16; source pages retrieved and reviewed | Marketing & Media audit, 2026-08-22; source pages retrieved and reviewed"
Cultivator / Processor / Dispensary,Mavuno of Ohio,Business,"Ariane Kirkpatrick — CEO | Jalen Davis — General Manager, Cleveland",,Cleveland: 216-249-6132 | Athens: 740-616-8066,https://mavunoofoh.com/contact-us/,"Cleveland and Athens, Ohio; South Euclid coming soon",Cannabis Operator; Dispensary / Retail,Source-verified,Current official contact and location pages supply direct numbers for the operating Cleveland and Athens stores. South Euclid remains marked coming soon and is not counted as open.,https://mavunoofoh.com/contact-us/ | https://mavunoofoh.com/locations/ | Ohio DCC active licensee roster,"Organizations | Speakers | Batch 3 audit, 2026-08-14; source pages retrieved and reviewed | Operator outreach-enrichment pass, 2026-08-22; source pages retrieved and reviewed"
Insurance,McGowan Program Administrators,Business,Thomas Cioletti — Program Manager,tcioletti@mcgowancompanies.com,440-333-6300 ext. 4128,https://www.mcgowanprograms.com/products/cannabis-insurance/,Nationwide,Insurance,Source-verified,"Email, phone and nationwide cannabis program all confirmed current.",https://www.mcgowanprograms.com/products/cannabis-insurance/,"Research pass — 2026-08-14; QA'd 2026-08-14 | Batch 4 audit, 2026-08-15; source pages retrieved and reviewed"
Marketing & Media,MediaJel,Business,Jake Litke — Chief Executive Officer / Co-Founder,,925-393-0444,https://www.mediajel.com/contact-us,Ohio | United States,Marketing / Media; Advertising,Source-verified,"Current first-party Ohio page establishes Ohio advertising availability, resolving the geography flag. The page retains obsolete Board of Pharmacy-era approval language, so it is service evidence only and must not be cited as current Ohio DCC law.",https://www.mediajel.com/cannabis-marketing | https://www.mediajel.com/cannabis-advertising-laws/ohio,"Research pass — 2026-08-14 | Batch 9 audit, 2026-08-15 | Pass 1 research (round 9, from v52 queue), 2026-08-16; source pages retrieved and reviewed | Marketing & Media audit, 2026-08-22; source pages retrieved and reviewed"
Nonprofit & Advocacy,MedicateOH,Nonprofit,Gabrielle Dion — Founder & Publisher,medicateOH@gmail.com,,https://medicateoh.com/contact-us/,Ohio,Nonprofit / Advocacy; Patient Advocacy; Education / Research; Policy Advocacy,Source-verified,"Patient-focused cannabis education, reporting, events and advocacy project fiscally sponsored by Community Shares of Mid-Ohio, the 501(c)(3) entity; do not describe MedicateOH itself as independently verified as a separate 501(c)(3). Cross-reference: produces the Women's Cannabis & Wellness Expo.",https://medicateoh.com/about-medicateoh/ | https://medicateoh.com/contact-us/,"Research pass — 2026-08-14; source pages retrieved and reviewed; Batch 10 audit — 2026-08-15; source pages retrieved and reviewed; fiscal-sponsorship structure confirmed; Community Shares of Mid-Ohio is the 501(c)(3) sponsor | Pass 1 research (round 10, from v53 queue), 2026-08-16; source pages retrieved and reviewed"
Technology,Melt To Make,Business,Sarah McLaughlin — Co-Founder & Vice President,,800-241-0341,https://melt-to-make.com/pages/melt-to-make%E2%84%A2-contact-gummy-manufacturing,Statewide / Multi-Market,Technology,Source-verified,,https://natlawreview.com/press-releases/melt-maketm-showcase-innovative-gummy-manufacturing-technology-supplyside | https://www.cannabismarketspotlight.com/ohiovalley,"IgniteIt Network | Organizations | Batch 4 audit, 2026-08-15; source pages retrieved and reviewed | Technology audit, 2026-08-22; source pages retrieved and reviewed"
Technology,Metrc,Business,Michael Johnson — Chief Executive Officer,,877-566-6506,https://www.metrc.com/partner/ohio/,Ohio,Technology; Metrc / Track-and-Trace,Source-verified,"Ohio's official state-mandated seed-to-sale track-and-trace system. Unquestionably current — its Ohio page carries bulletins through July 2026. A January 2026 Metrc announcement independently confirms he remains CEO. Documented compliance integrations with multiple Ohio POS/technology entries in this Directory, including BLAZE (420 Connect/Blaze Solutions, fully validated Ohio integrator) and Flowhub (Metrc named as its largest integration partner). A Dutchie–Metrc integration is also documented but held for a dedicated technology-stack relationship pass rather than repeating near-identical Metrc edges here.",https://www.metrc.com/partner/ohio/,"Research pass — 2026-08-14; QA'd 2026-08-14 | Batch 5 audit, 2026-08-15; source pages retrieved and reviewed | Pass 1 research (round 3), 2026-08-16; source pages retrieved and reviewed | Reconciliation pass against a duplicate/older-snapshot research round, 2026-08-16; source pages retrieved and reviewed | Pass 2 B2B relationship mapping, 2026-08-16; source pages retrieved and reviewed | Technology audit, 2026-08-22; source pages retrieved and reviewed"
Out of scope — flagged for removal or separate list,MFE Insurance Brokerage,Business,,,213-266-7990,https://www.mfeinsurance.com/cannabis-insurance/,United States; current Ohio availability not established,Insurance,Source-verified,"Current first-party material confirms MFE as an active cannabis insurance brokerage with direct quote and consultation routes. However, its current Cannabis Coverage by State list omits Ohio, while an older 2019 article listed Ohio. No current Ohio producer authority, Ohio client or Ohio placement was independently established. FINAL DISPOSITION: moved to the separate-list bucket rather than presented as referral-safe for Ohio. Retain the record and provenance so it is not re-added without new current evidence; do not represent MFE as Ohio-available unless a current Ohio licence or placement is documented.",https://www.mfeinsurance.com/cannabis-insurance/ | https://www.mfeinsurance.com/contact/ | https://www.mfeinsurance.com/a-look-at-the-rise-of-the-cannabis-industry-in-2019/,"Research pass — 2026-08-14; QA'd 2026-08-14 | Batch 5 audit, 2026-08-15 | Pass 1 research (round 2), 2026-08-16; source pages retrieved and reviewed | Insurance evidence/source repair, 2026-08-22; source pages retrieved and reviewed"
Accounting & Tax,MGO,Business,Sarah McGuire — Consulting Partner / Cannabis Accounting Practice,SMcGuire@mgocpa.com,,https://www.mgocpa.com/people/sarah-mcguire/,United States | Midwest and national,Accounting; Tax,Source-verified,Remains an active cannabis accounting practice.,https://www.mgocpa.com/news-and-press/curtis-winar-joins-mgo-llp-as-a-new-cannabis-industry-partner/,"Research pass — 2026-08-14; QA'd 2026-08-14 | Batch 8 audit, 2026-08-15; source pages retrieved and reviewed"
Packaging & Labeling,Miami Valley Packaging Solutions,Business,"Don Chmiel — VP, Sales & Marketing",don@mvpsohio.com,937-224-1800,https://mvpsohio.com/contact/,Dayton / Miami Valley,Packaging / Labeling,Source-verified,,https://mvpsohio.com/sample-page/,"Organizations | Batch 1 audit, 2026-08-15; source pages retrieved and reviewed"
Nonprofit & Advocacy,Midwest CannaWomen,Business,"Alicia ""Ally"" Reaves — Owner",,(440) 382-0536,https://midwestcannawomen.crd.co/,Cleveland / Ohio; also provides patient-access routing for Pennsylvania and West Virginia,Nonprofit / Advocacy; Patient Advocacy,Source-verified,"Ohio cannabis patient, caregiver, employment, networking, and access platform. Official site identifies Ally as the owner contact and states that its Ohio resources were verified July 31, 2026. Email is intentionally blank because the address is protected on the source page and was not guessed. Cross-reference: Alicia ""Ally"" Reaves is also documented as Ohio State Director of Minorities for Medical Marijuana in March 2023 Ohio Senate testimony — this row carries the only direct phone contact on file for her.",https://www.linkedin.com/company/midwest-cannawomen,Research pass — 2026-08-14; source pages retrieved and reviewed; Batch 11 audit — 2026-08-15; source pages retrieved and reviewed
Accounting & Tax,MindfulCPAs,Business,Carlos R. Vela — CPA / Founder,,(415) 872-6166,https://mindfulcpas.com/,Nationwide,Accounting; Tax,Source-verified,Remains an active cannabis accounting practice.,https://mindfulcpas.com/about-us/ | https://mindfulcpas.com/faq/,"Research pass — 2026-08-14; QA'd 2026-08-14 | Batch 8 audit, 2026-08-15; source pages retrieved and reviewed"
Out of scope — flagged for removal or separate list,Minorities for Medical Marijuana,Nonprofit,"Dr. Roz McCarthy — Founder & CEO; Ally Reaves — Ohio State Director documented Mar. 7, 2023, current role unconfirmed",,,https://minorities4medicalmarijuana.org/,United States; historical Ohio role documented in 2023; no current Ohio program confirmed,Nonprofit / Advocacy,Source-verified,"DISPOSITION — REFUTED for current Ohio scope. M4MM remains active nationally, and Ohio Senate testimony documents Ally Reaves as Ohio State Director on March 7, 2023, but no current M4MM Ohio program, chapter or renewed title was found. The current role is UNRESOLVABLE from public sources. Reaves's current Ohio work is separately represented by the Midwest CannaWomen row; do not carry the 2023 M4MM title forward as current.",https://minorities4medicalmarijuana.org/about | https://search-prod.lis.state.oh.us/api/v2/general_assembly_135/committees/cmte_s_gen_govt_1/meetings/cmte_s_gen_govt_1_2023-03-07-0300_185/testimony/578/reaves.pdf | https://midwestcannawomen.crd.co/,"Research pass — 2026-08-14; Ohio-presence verification pass — 2026-08-14; source pages retrieved and reviewed; Batch 10 audit — 2026-08-15; source pages retrieved and reviewed | Nonprofit issue-resolution pass, 2026-08-22; source pages retrieved and reviewed"
Out of scope — flagged for removal or separate list,Minority Cannabis Business Association,Nonprofit,Lanese Martin — Executive Director,info@minoritycannabis.org,,https://minoritycannabis.org/,United States; no current Ohio presence identified,Nonprofit / Advocacy,Source-verified,"DISPOSITION — REFUTED for the current Ohio-scoped directory. MCBA is a current national 501(c)(6) trade association, but repeated review found no current Ohio chapter, representative, event or Ohio-specific program. Retained only as provenance/separate-list context.",https://minoritycannabis.org/,"Research pass — 2026-08-14; Ohio-presence verification pass — 2026-08-14; source pages retrieved and reviewed; Batch 10 audit — 2026-08-15; source pages retrieved and reviewed | Pass 1 research (round 10, from v53 queue), 2026-08-16; source pages retrieved and reviewed | Nonprofit issue-resolution pass, 2026-08-22; source pages retrieved and reviewed"
Hemp / CBD Products & Ancillary,Mojo's Smoke Shop (formerly The Hemp House / Wholesale Hemp LLC),Business,Johnny Adams — General Contact,adamsjohnnyc@gmail.com,740-529-7878,https://mojossmokeshop.com/,"Portsmouth and Wheelersburg, Ohio",Hemp / CBD; Dispensary / Retail,Source-verified,"The former Hemp House domain now redirects to Mojo's Smoke Shop, resolving the earlier brand-transition ambiguity. Current business-controlled pages retain the Portsmouth phone/email and identify CBD among the shop's products; current pages also show a Wheelersburg location. Retained as Ohio hemp/CBD ancillary retail, not as an Ohio DCC-licensed marijuana operator.",https://mojossmokeshop.com/ | https://www.facebook.com/p/Mojos-Smoke-Shop-61578455440002/,"Organizations | Batch 3 audit, 2026-08-14 | Packaging/Hemp evidence-repair pass; source URLs retrieved and reviewed 2026-08-22"
Packaging & Labeling,Moondust USA,Business,Swati Gupta — Founder & CEO,contact@moondustusa.com,346-777-1322,https://www.moondustusa.com/contact-us/,"Houston, TX-based; multi-state",Packaging / Labeling; Pre-Roll Packaging,Source-verified,"Reclassified: pre-roll packaging/cones/blunts supplier, not a plant-touching cultivator/processor/dispensary.",https://fliphtml5.com/zpnwi/bwqo/KNOW_Houston_2025/ | https://www.cannabismarketspotlight.com/ohiovalley,"IgniteIt Network | Organizations | Batch 3 audit, 2026-08-14; source pages retrieved and reviewed"
Cultivator / Processor / Dispensary,Mother’s Earth Fine Cannabis,Business,Chris Hale — business contact (per Columbus Chamber of Commerce),,614-957-8420,https://shopmotherearths.com/,"Columbus, Ohio",Cannabis Operator,Source-verified,Current official storefront and Columbus Chamber listing confirm the active store and organizational phone. The DCC roster ties 1652 Neil Avenue to HOHG Corporation. Chris Hale remains the published business contact; no verified direct email was found.,https://shopmotherearths.com/ | https://web.columbus.org/Retail-Operations/Mother-Earths-Fine-Cannabis--20034 | Ohio DCC active licensee roster (CCD000213-00),"Organizations | Speakers | Batch 3 audit, 2026-08-14 | DCC address-finding reconciliation pass, 2026-08-17; source pages retrieved and reviewed; roster-verified | Operator outreach-enrichment pass, 2026-08-22; source pages retrieved and reviewed"
Hemp / CBD Products & Ancillary,Motive CBD,Business,Corey Poches — Founder & CEO (Kelly Hondros — Co-Founder),info@motivecbd.com,888-441-2963,https://trymotivewellness.com/pages/contact-us,"Columbus, Ohio (hemp grown in Centerburg, OH)",Hemp / CBD; CBD,Source-verified,"Reclassified: Ohio hemp/CBD wellness company, not marijuana cultivator/processor/dispensary. Corrected: Corey Poches is independently documented as Motive CBD's Founder & CEO, with Kelly Hondros as Co-Founder. Shared ownership context connects Motive CBD with Purpose Leaf/hōn Cannabis and Verdant Creations, both already in this Directory. Documented supplier relationship: Mammoth Labels & Packaging (also in this Directory), per Mammoth's own cannabis/CBD labeling client list.",https://trymotivewellness.com/pages/who-we-are,"Organizations | Batch 3 audit, 2026-08-14; source pages retrieved and reviewed | Pass 2 B2B relationship mapping (round 4), 2026-08-16; source pages retrieved and reviewed"
Security & Cash Logistics,MVP Financial Equipment (MVP ATM),Business,,sales@mvpatm.com,877-708-7722,https://mvpatm.com/mvp-easy-deposit-overview/,Nationwide,Security / Cash Logistics; Armored / Secure Transport,Source-verified,"MVP Easy Deposit currently names dispensaries among intended users and bundles smart-safe/TCR leasing, installation, maintenance, secure networking, weekly armored service and deposit reporting for provisional credit; nationwide support is stated. Retained as a national cannabis-capable cash-management vendor. Financial-institution and carrier names remain a pre-contract diligence item and are not inferred.",https://mvpatm.com/mvp-easy-deposit-overview/ | https://mvpatm.com/resources/,"Research pass — 2026-08-14; QA'd 2026-08-14 | Batch 5 audit, 2026-08-15 | Pass 1 research (round 3), 2026-08-16; source pages retrieved and reviewed | Security & Cash Logistics source-repair pass; source URLs retrieved and reviewed 2026-08-22"
Accounting & Tax,MY DOPE CPA,Business,,,330-236-8939,https://mydopecpa.com/,"Canton, Ohio; cannabis accounting",Accounting; Tax,Source-verified,"Retained. The current first-party contact page lists a Canton, Ohio office at 4450 Belden Village Street NW, Suite 806 and the published phone; the active site offers cannabis accounting services. No individual owner or staff name is published.",https://mydopecpa.com/ | https://mydopecpa.com/contact-us,"Research pass — 2026-08-14; QA'd 2026-08-14 | Batch 8 audit, 2026-08-15 | Pass 1 research (round 8, from v51 queue), 2026-08-16; source pages retrieved and reviewed | Legal & Accounting issue-resolution pass, 2026-08-22; source pages retrieved and reviewed"
Packaging & Labeling,N2 Packaging Systems,Business,,,866-513-0774,https://n2pack.com/,"United States; U.S.-based service team, no Ohio customer identified",Packaging / Labeling,Source-verified,"Current first-party pages confirm an active cannabis-packaging operation, domestically produced products, a U.S.-based service team and a current inquiry route. Retained as a current national cannabis-packaging specialist; no Ohio customer, deployment or Ohio-specific compliance guarantee is claimed. The lack of a currently verified executive name does not impair the published company contact route.",https://n2pack.com/ | https://n2pack.com/products/ | https://n2pack.com/contact-us/,"Research pass — 2026-08-14; QA'd 2026-08-14 | Batch 9 audit, 2026-08-15 | Pass 1 research (round 8, from v51 queue), 2026-08-16; source pages retrieved and reviewed | Packaging/Hemp evidence-repair pass; source URLs retrieved and reviewed 2026-08-22"
Cultivator / Processor / Dispensary,Nar Cannabis,Business,,,Columbus: 380-241-6151 | Delaware: 740-204-2939,https://www.narreserve.com/contact-us/,"Delaware and Columbus, Ohio",Dispensary / Retail,Source-verified,Current official location and contact pages supply direct store numbers and customer/vendor forms for the rebranded Nar Cannabis operation. Hempnotize LLC is the DCC legal entity for both exact-address licenses: Columbus CCD000124-00 at 350 E Long St and Delaware CCD000230-00 at 60 Coughlin Ln. No public direct email was found. The unrelated Nar Ironton LLC license remains separate.,https://www.narreserve.com/contact-us/ | https://www.narreserve.com/delaware/ | https://narcannabis.com/customer-contact | Ohio DCC active licensee roster (CCD000230-00; CCD000124-00),"DCC address-finding reconciliation pass, 2026-08-17; source pages retrieved and reviewed; roster-verified | Operator outreach-enrichment pass, 2026-08-22; source pages retrieved and reviewed | DCC legal-entity → trade-name mapping Batch 2, 2026-08-23; source pages retrieved and reviewed; roster-verified"
Nonprofit & Advocacy,National Cannabis Industry Association,Nonprofit,Brooke Gilbert — COO; Aaron Smith — Board member / historical Ohio mixer contact,brooke@thecannabisindustry.org | Aaron@TheCannabisIndustry.org,(888) 683-5650 | (804) 502-7842 | (303) 223-4147,https://thecannabisindustry.org/category/ohio/,Ohio / United States,Nonprofit / Advocacy,Source-verified,"NCIA directly organizes Ohio industry programming. Aaron Smith stepped down as CEO effective Aug. 15, 2025 and remains on the board; Brooke Gilbert is the current COO and clean primary operational contact. Aaron is retained as historical Ohio-event provenance.",https://www.thecannabisindustry.org/press-releases/ncia-announces-leadership-transition-as-founding-ceo-steps-down-after-15-years/ | https://members.thecannabisindustry.org/events/Details/ohio-cannabis-industry-leadership-mixer-1377833,Research pass — 2026-08-14; Ohio-presence verification pass — 2026-08-14; source pages retrieved and reviewed; Batch 10 audit — 2026-08-15; source pages retrieved and reviewed; leadership transition confirmed effective 2025-08-15
Out of scope — flagged for removal or separate list,National Hemp Association,Nonprofit,Geoff Whaling — Chair,info@nationalhempassociation.org,202-810-4179,https://nationalhempassociation.org/,United States; no current Ohio affiliate or program identified,Nonprofit / Advocacy,Source-verified,"DISPOSITION — REFUTED for the current Ohio-scoped directory. NHA is an active national hemp nonprofit with a 2026–27 industry survey and federal policy work, but no current Ohio affiliate, representative, program or direct Ohio activity was identified. Broad national availability is not sufficient for this controlled category. Retained only as provenance/separate-list context.",https://nationalhempassociation.org/ | https://nationalhempassociation.org/standing-committee-of-hemp-organizations/ | https://nationalhempassociation.org/home-2023/,"Research pass — 2026-08-14; Ohio-presence verification pass — 2026-08-14; source pages retrieved and reviewed; Batch 11 audit — 2026-08-15; source pages retrieved and reviewed | Pass 1 research (round 11, from v54 queue), 2026-08-16; source pages retrieved and reviewed | Nonprofit issue-resolution pass, 2026-08-22; source pages retrieved and reviewed"
Cultivator / Processor / Dispensary,Nectar Ohio,Business,,,419-819-4222,https://nectarohio.com/,"Bowling Green, Cincinnati (x3), Euclid and Harrison, Ohio",Dispensary / Retail,Source-verified,"Nectar's current first-party shops page and the current DCC roster align on six Ohio dispensaries, all held by Nectar Markets of Ohio, LLC: Bowling Green, Euclid, Harrison, Werk Road, Short Vine and Five Mile Road. The organizational phone/website route is used because no clearly public-facing Ohio executive is required for this directory entry.","Ohio DCC Current Roster, Nectar Markets of Ohio LLC / CCD000107-00, 113-00, 115-00, 175-00, 176-00 and 177-00 | https://nectarohio.com/shops/","Pass 2A promotion — 12 confirmed candidates, 2026-08-17; source pages retrieved and reviewed | Cultivator / Processor / Dispensary issue-resolution pass, 2026-08-22; source pages retrieved and reviewed; DCC roster checked"
Banking & Financial Services,Needham Bank,Business,,,781-444-2100,https://www.needhambank.com/business/cannabis-banking,United States — nationwide,Banking / Financial Services; Bank,Source-verified,"Current first-party cannabis-banking page states service across the United States, including treasury/cash management, compliance support, national coin and currency, and expansion capital. Confirm Ohio onboarding and product terms directly.",https://www.needhambank.com/business/cannabis-banking | https://www.needhambank.com/contact,"Banking & Financial Services audit, 2026-08-22; source pages retrieved and reviewed"
Real Estate / Build-Out,NEXT architecture,Business,Alexis J. Teny — Marketing and Business Development Manager,info@next-architecture.net,412-681-1145,https://www.next-architecture.net/office.html,Ohio project experience | Pittsburgh-based,Real Estate / Build-Out; Architecture / Engineering,Source-verified,Pure Ohio Wellness — East Palestine remains a documented cannabis project; Pure Ohio Wellness is also an entry in this Directory.,https://www.next-architecture.net/pure-ohio-wellness-next-architecture.html,"Research pass — 2026-08-14; QA'd 2026-08-14 | Batch 7 audit, 2026-08-15; source pages retrieved and reviewed | Pass 1 research (round 6), 2026-08-16; source pages retrieved and reviewed"
Packaging & Labeling,Niagara Label,Business,Tina Lemley — Account Manager,,877-411-2826 | 716-542-3000,https://www.niagaralabel.com/contact-us,Ohio market | United States,Packaging / Labeling; Printing / Labels,Source-verified,Current company page specifically markets compliant cannabis labels into Ohio — firm and Ohio service both confirmed.,https://www.niagaralabel.com/custom-label-printing-services-ohio | https://www.niagaralabel.com/meet-the-team,"Research pass — 2026-08-14; QA'd 2026-08-14 | Batch 9 audit, 2026-08-15; source pages retrieved and reviewed"
Cultivator / Processor / Dispensary,Nirvana Center Dispensaries,Business,Leah Helleis — General Manager,elyria.oh@nirvanacenter.com,440-309-2102,https://ohio.nirvanacannabis.com/contact/,"Elyria, Ohio (Northeast Ohio)",Cannabis Operator; Dispensary / Retail,Source-verified,"The current official Ohio contact page supplies a direct Elyria email and phone. This is an Elyria-specific Ohio operation under CREAM Apothecaries Ohio LLC, not a statewide footprint.",https://ohio.nirvanacannabis.com/contact/ | Ohio DCC active licensee roster (CCD000041-00),"Organizations | Speakers | Batch 1 audit, 2026-08-14; source pages retrieved and reviewed | DCC address-finding reconciliation pass, 2026-08-17; source pages retrieved and reviewed; roster-verified | Operator outreach-enrichment pass, 2026-08-22; source pages retrieved and reviewed"
Marketing & Media,NisonCo,Business,Evan Nison — Founder & President,info@nisonco.com,877-647-6626 (877-NISONCO),https://nisonco.com/,United States nationwide,Marketing / Media,Source-verified,"Current long-running cannabis PR/marketing firm; nationwide positioning holds. No Ohio-specific client history is published, and none is claimed here — stated rather than invented.",https://nisonco.com/,"Research pass — 2026-08-14; QA'd 2026-08-14 | Batch 6 audit, 2026-08-15; source pages retrieved and reviewed | Pass 1 research (round 4), 2026-08-16; source pages retrieved and reviewed | Marketing & Media audit, 2026-08-22; source pages retrieved and reviewed"
Nonprofit & Advocacy,NORML,Nonprofit,Randy Quast — Acting Executive Director,chapters@norml.org | norml@norml.org,(202) 483-5500,https://norml.org/contact-us/,Ohio / United States,Nonprofit / Advocacy,Source-verified,"NORML's official directory lists Ohio NORML. No direct Ohio chapter email is displayed; the national chapter-inquiries address is the verified routing path. NORML is simultaneously searching for its next permanent ED — ""Acting"" preserved deliberately.",https://norml.org/about/ohio-chapters/ | https://norml.org/laws/ohio-penalties-2/,"Research pass — 2026-08-14; Ohio-presence verification pass — 2026-08-14; source pages retrieved and reviewed; Batch 10 audit — 2026-08-15; source pages retrieved and reviewed | Pass 1 research (round 10, from v53 queue), 2026-08-16; source pages retrieved and reviewed"
Testing Labs,"North Coast Testing Laboratories, LLC",Business,,,234-212-1860,https://www.northcoasttestinglabs.com/,Statewide / Streetsboro / Northeast Ohio,Cannabis Testing; Compliance Testing; Potency Testing; Microbial Testing; Mold / Microbial,Source-verified,"Full-service Ohio cannabis testing laboratory. Verified against the current Ohio DCC testing-laboratory roster: dual-use laboratory holding a Certificate of Operation under licence CCL000014-00. ISO/IEC 17025 accreditation claim REMOVED — the A2LA certificate located is marked withdrawn and expired in 2023, and no current active certificate was found. Do not describe this lab as currently ISO-accredited without a live certificate. Capability note: microbial and potency testing are tagged for every DCC-licensed laboratory because they form part of the state-mandated compliance panel every licensed lab must run — this is inferred from licensure, not from the lab's own marketing. Confirm the full test menu and any specialist capability directly. No named individual contact published/found — organizational contact route above is the best current public route.",https://a2la.org/a2la-accredits-north-coast-analytical-laboratories-and-north-coast-testing-laboratories-to-iso-iec-17025/ | https://elicense.com.ohio.gov/s/licensesearch | https://com.ohio.gov/divisions-and-programs/cannabis-control/about-dcc/licenses/testing-labs,"Research pass — 2026-08-14; QA'd 2026-08-14; licence verified against Ohio DCC roster — 2026-08-15 | Batch 4 audit, 2026-08-15; source pages retrieved and reviewed | Pass 1 research, 2026-08-16; source pages retrieved and reviewed"
Cultivator / Processor / Dispensary,Northwoods Cannabis,Business,Brad Schultz — Co-founder / CFO | Brett Etengoff — CEO | Nick Napior — Managing Member,info@northwoodscultivation.com,248-877-9443,https://northwoodscultivation.com/contact,"Clyde, Ohio cultivation and processing; statewide wholesale",Cannabis Operator; Cultivation; Processing; Wholesale,Source-verified,"Current reporting and hiring exactly match Northwoods Cannabis to the 180 Premier Dr, Clyde facility, where NEN Holdings LLC holds active cultivation CCC000051-00 and processor CCP000017-00 credentials. The roster also shows provisional dispensary CCD000310-00 at 6111 E Main St, Columbus, but no current operating DBA is established there; keep that license reconciliation-only. The published phone and email are Northwoods corporate routes.","https://northwoodscultivation.com/contact | https://medicateoh.com/featured/from-traverse-city-to-the-buckeye-state/ | Ohio DCC Current Roster, NEN Holdings LLC / CCC000051-00, CCD000310-00 and CCP000017-00","DCC legal-entity → trade-name mapping Batch 2, 2026-08-23; source pages retrieved and reviewed; roster-verified"
Cultivator / Processor / Dispensary,Off The Charts Dayton,Business,,,937-952-5039,https://otcdispo.com/,"Dayton, Ohio",Dispensary / Retail,Source-verified,"The current 2026 first-party site confirms Off The Charts at 3145 Salem Ave, Dayton under active license CCD000101-00 held by OTC Ohio LLC. A 2025 acquisition report said King City Gardens intended to rebrand the store as The Garden, but current public identity remains Off The Charts, so this row preserves the usable storefront name and cross-references King City. OTC Ohio's second credential, CCD000183-00 at 2010 E Waterloo Rd, Akron, remains provisional with no operating DBA and is not counted as a location.","https://otcdispo.com/ | https://medicateoh.com/featured/king-city-introduces-the-garden-dispensary-a-new-cannabis-destination-in-dayton-ohio/ | Ohio DCC Current Roster, OTC Ohio LLC / CCD000101-00 and CCD000183-00","DCC legal-entity → trade-name mapping Batch 2, 2026-08-23; source pages retrieved and reviewed; roster-verified"
Nonprofit & Advocacy,OHCANN (Ohio Cannabis Coalition),Nonprofit,Adrienne Robbins — Deputy Executive Director | David Bowling — Executive Director,ohcanninfo@ohcann.com,,https://ohcann.com/contact/,Statewide / Multi-Market,Nonprofit / Advocacy; Patient Advocacy,Source-verified,"Confirmed: Ohio Cannabis Coalition, Ohio's leading cannabis trade association representing licensed cultivators, processors, dispensaries and testing labs. ALIAS — do not create a separate row: Ohio Medical Cannabis Industry Association (OMCIA, ohiomcia.com) is this organization's former name. OHCANN's own history confirms the succession and nonprofit records treat OMCIA, Ohio Medical Cannabis Industry Association and Ohio Cannabis Coalition as aliases of the same entity. The current first-party general inbox and contact form are the preferred outreach routes.",https://ohcann.com/ | https://ohcann.com/contact/ | https://ohcann.com/membership/,"IgniteIt Network | Organizations | Speakers | Batch 3 audit, 2026-08-14; source pages retrieved and reviewed | Nonprofit & Advocacy outreach-enrichment pass, 2026-08-23; source pages retrieved and reviewed"
Nonprofit & Advocacy,Ohio Cannabis Association,Nonprofit,,,614-591-4210,https://ohiocannabisassociation.com/,Ohio,Nonprofit / Advocacy; Patient Advocacy; Policy Advocacy,Source-verified,DISPOSITION — CONFIRMED for inclusion as an Ohio cannabis trade/advocacy association. The live site publishes organizational phone routes but retains substantial 2017-era program language and no current named leadership. Exact federal tax classification is UNRESOLVABLE from reliable public sources; do not describe OCA as a specific 501(c) class or use its site as current regulatory authority.,https://ohiocannabisassociation.com/ | https://ohiocannabisassociation.com/about-ohio-cannabis-association/ | https://ohiocannabisassociation.com/contact-ohio-cannabis-association/,"Research pass — 2026-08-14; source pages retrieved and reviewed; Batch 10 audit — 2026-08-15; source pages retrieved and reviewed | Pass 1 research (round 10, from v53 queue), 2026-08-16; source pages retrieved and reviewed | Nonprofit issue-resolution pass, 2026-08-22; source pages retrieved and reviewed"
Cultivator / Processor / Dispensary,Ohio Cannabis Company,Business,Brian Wingfield — Co-Founder | Cindy Bradford — Co-Founder & CEO | Zach Bradford — Co-Owner,info@occdispensary.com | michele@occdispensary.com,Piqua: 937-641-0620 | Columbus: 614-502-3015 | Canton: 330-409-9577,https://occdispensary.com/locations/,"Canton, Columbus, Dublin, Piqua and Upper Sandusky/Harpster; Canal Winchester coming soon",Cannabis Operator,Source-verified,"Consolidated the duplicate legal-name record from row 471. Ohio Cannabis Company is the consumer brand of The Green Goat Dispensary, LLC. The current official site shows five open locations and Canal Winchester coming soon; the DCC roster lists five certificates of operation plus the Canal Winchester provisional license. The former Coshocton store is historical and is not counted as current.","https://occdispensary.com/locations/ | https://occdispensary.com/contact/ | Ohio DCC active licensee roster (The Green Goat Dispensary, LLC; CCD000018-00, 026-00, 037-00, 235-00, 243-00, 270-00)","IgniteIt Network | Organizations | Batch 1 audit, 2026-08-14; source pages retrieved and reviewed | Operator outreach-enrichment pass, 2026-08-22; source pages retrieved and reviewed; duplicate/legal-name consolidation"
Out of scope — flagged for removal or separate list,"Ohio Cannabis Company (The Green Goat Dispensary, LLC)",Business,Brian Wingfield — Co-Founder; Cindy Bradford — Co-Founder & CEO,,,,Duplicate/legal-name provenance; current consumer record consolidated to row 24,Dispensary / Retail,Source-verified,"Moved out of the publishable operator category as an exact duplicate of Ohio Cannabis Company at row 24. Founders, DCC legal-entity lineage, license coverage and current location status were merged into row 24. The former Coshocton store remains historical and is not counted as current. This row is retained only for audit provenance.","Ohio DCC active licensee roster (The Green Goat Dispensary, LLC; CCD000018-00, 026-00, 037-00, 235-00, 243-00, 270-00)","Full roster coverage gap scan, 2026-08-17; source pages retrieved and reviewed; roster-verified | Operator outreach-enrichment pass, 2026-08-22; source pages retrieved and reviewed; duplicate consolidation"
Real Estate / Build-Out,Ohio Cannabis Design Solutions,Business,,shop@omegastore.com,833-531-6565,https://www.ohiocannabisdesignsolutions.com/,Ohio,Real Estate / Build-Out; HVAC / Climate Control; Cultivation,Source-verified,"Current, Ohio-specific, operated by Omega Equipment & Supply. No named individual contact published/found — organizational contact route above is the best current public route. ENTITY CLARIFICATION: this is not a standalone corporate entity — its own About page describes it as a co-marketing collective operated and managed by Omega Equipment & Supply. Organizational routing through Omega is the structurally correct treatment, not a placeholder.",https://www.ohiocannabisdesignsolutions.com/,"Research pass — 2026-08-14; QA'd 2026-08-14 | Batch 4 audit, 2026-08-15; source pages retrieved and reviewed | Pass 1 research, 2026-08-16; source pages retrieved and reviewed | Reconciliation pass against a duplicate/older-snapshot research round, 2026-08-16; source pages retrieved and reviewed"
Events & Expos,Ohio Cannabis Health & Business Summit,Business,Lenny Berry — Founder,support@ochbs.com,,https://ochbs.com/,Columbus / Central Ohio,Events / Expos; Cannabis Business Conference; Education; Exhibitors; Sponsorships; Industry Networking; Policy,Source-verified,"The Ohio Cannabis Health & Business Summit is scheduled for September 23–24, 2026 at the Greater Columbus Convention Center. The official site lists 109 exhibitors, 81 speakers and 54 sponsors and retains support@ochbs.com as the direct contact route. Founder Lenny Berry remains confirmed.",https://ochbs.com/ | https://ochbs.com/events/,"IgniteIt Network | Organizations | Speakers | Batch 3 audit, 2026-08-15; source pages retrieved and reviewed | Events & Expos research pass — 2026-08-22; source pages retrieved and reviewed | Events currency QA — 2026-08-22; source pages retrieved and reviewed"
Events & Expos,Ohio Cannabis Live / Ohio Cannabis Expo,Business,Anthony D. Riley — CEO / Founder,info@ohiocannabisexpo.com,740-217-6722,https://www.ohiocannabisexpo.com/,Portsmouth / Southern Ohio,Events / Expos; Cannabis Education; Industry Networking; Home Grow; Legislative Updates; Veterans; Recovery,Source-verified,"The 2026 Ohio Cannabis Expo was held July 24, 2026 at the Scioto County Welcome Center in Portsmouth. Ohio Cannabis Live is founded by Anthony D. Riley and operated by Another Mastamynd Hit LLC. The free 21+ program covered legislation, home grow, recovery and veteran outreach; no cannabis sales or consumption were permitted. No 2027 edition was announced as of 2026-08-22; use the official site for the next-edition contact route.",https://www.ohiocannabisexpo.com/ | https://www.ohiocannabisexpo.com/faq,"IgniteIt Network | Organizations | Speakers | Warm Contacts | Batch 1 audit, 2026-08-15; source pages retrieved and reviewed | Events & Expos research pass — 2026-08-22; source pages retrieved and reviewed | Events currency QA — 2026-08-22; source pages retrieved and reviewed"
Cultivator / Processor / Dispensary,Ohio Clean Leaf,Business,Robert Landis — Owner,,740-808-1205,https://ohiocleanleaf.com/,"Dayton, Ohio",Cannabis Operator; Cultivation,Source-verified,Ohio DCC lists Ohio Clean Leaf LLC as a Dual Use Cultivator Level II.,https://www.marijuanamoment.net/ohio-regulators-issue-provisional-marijuana-licenses-to-dozens-of-businesses-readying-imminent-launch-of-adult-use-sales/ | https://www.ohiohouse.gov/legislation/134/sb261/committee | https://www2.jlec-olig.state.oh.us/olac/Reports/Agents/6868/Employers,"Organizations | Batch 3 audit, 2026-08-14; verified against the DCC roster"
Out of scope — flagged for removal or separate list,Ohio Division of Cannabis Control,Business,Andrew Makoski,,,,,Reference / Out of Scope; Government / Regulator,Source-verified,"Ohio's cannabis regulator, not a commercial provider. Moved out of scope for consistency with the same call already made on the Ohio House and Ohio Senate. Retain as a reference and warm-contact record (Andrew Makoski, IgniteIt Network connection); exclude from the shareable provider directory.",https://www.cannabismarketspotlight.com/ohio/home,"IgniteIt Network | Batch 1 audit, 2026-08-15; source pages retrieved and reviewed"
Cultivator / Processor / Dispensary,Ohio Green Systems,Business,Brent Evans — associated with the processor operation,brent@ohiogreensystems.com,,https://ohiogreensystems.com/about/,"Garfield Heights, Ohio",Cannabis Operator; Processing,Source-verified,"Reclassified out of Technology: Ohio DCC lists Ohio Green Systems LLC as a Dual Use Processor (8100 Old Granger, Garfield Heights). Independently confirmed via Crain's Cleveland Business's official dual-use license list and the company's own site — this reverses an earlier low-confidence guess of ""Technology"" made when this entry was first categorized.",https://ochbs.com/ | https://ohiogreensystems.com/contact/,"Organizations | Batch 3 audit, 2026-08-14; verified against the DCC roster; independently re-confirmed by Claude, 2026-08-15"
Nonprofit & Advocacy,Ohio Healthy Alternatives Association,Nonprofit,Mo Dayem — public/legislative representative for OHHAA,info@ohhaa.org,(888) 556-2287,https://www.ohhaa.org/,Ohio,Nonprofit / Advocacy; Policy Advocacy,Source-verified,"DISPOSITION — CONFIRMED. OHHAA is a current Ohio hemp trade/advocacy association with 2025–26 policy activity, member litigation and public action resources. Exact federal exemption class is UNRESOLVABLE from reliable public sources. Its donation page's tax-deductibility language is not independently verified; do not state a specific 501(c) class or deductibility without an IRS determination or receipt. Mo Dayem remains listed only as a documented public/legislative representative, not with an invented officer title.",https://www.ohhaa.org/ | https://www.ohhaa.org/blogs/news | https://www.ohhaa.org/pages/contact-ohio-healthy-alternatives-association | https://www.news5cleveland.com/news/local-news/investigations/businesses-sue-ohio-gov-dewine-over-ban-on-intoxicating-hemp-delta-8-products,"Research pass — 2026-08-14; source pages retrieved and reviewed; Batch 10 audit — 2026-08-15; source pages retrieved and reviewed | Pass 1 research (round 10, from v53 queue), 2026-08-16; source pages retrieved and reviewed | Nonprofit issue-resolution pass, 2026-08-22; source pages retrieved and reviewed"
Out of scope — flagged for removal or separate list,Ohio Hemp Growers Association,Nonprofit,,,,https://ohiohempgrowers.com/,Ohio,Nonprofit / Advocacy; Education / Research; Policy Advocacy,Source-verified,"Current site describes OHGA as a nonprofit organization founded in 2019, providing education, cultivation resources, industry connections and regulatory advocacy for Ohio hemp farmers and entrepreneurs. Exact IRS classification remains unverified; current leadership claims should be independently corroborated before import. ENTITY LEGITIMACY FLAG — escalated, not merely unresolved. Independently checked directly: the site's own ""About"" page lists six leadership bios by first name only (John, Emma, Michael, Sarah, David, Karen) — no surnames, no verifiable specifics, no independently findable individuals anywhere else online. The bios read as generic template copy (""John brings strategic vision,"" ""Emma has been growing hemp since the program's inception"") rather than real staff descriptions. This pass separately found the domain itself listed for sale at $50,000+. Combined, this is stronger evidence than a normal ""stale/under-researched"" flag: it raises a real question of whether this is a genuine operating nonprofit at all, versus a placeholder or SEO/lead-gen site built to look like one. Recommend a decision — keep flagged as unverified, or move out of scope like One Bond Laboratories — rather than treating this as an ordinary open contact-research row. FINAL DISPOSITION: moved out of scope rather than left open indefinitely. This is now the second independent research pass to flag the same problem — a domain-for-sale Contact page (asking $50,000+) alongside leadership bios (""John,"" ""Emma,"" ""Michael,"" ""Sarah,"" ""David,"" ""Karen"" — first names only, generic template copy) that no independent source, including Ohio-government or credible organizational records, corroborates. Two separate research passes plus this Directory's own direct check of the site all converge on the same conclusion: there is no verifiable evidence this represents a genuine operating nonprofit, as distinct from a placeholder or SEO/lead-gen site built to resemble one. Handled the same way as One Bond Laboratories — retained as a record with full provenance rather than deleted, excluded from the publishable count, so a future pass does not re-research or re-add it without new evidence.",https://ohiohempgrowers.com/about | https://ohiohempgrowers.com/ | https://ohiohempgrowers.com/contact | https://ohiohempgrowers.com/events,"Research pass — 2026-08-22; source pages retrieved and reviewed | Out-of-scope disposition cleanup, 2026-08-23; leadership, events and domain-sale contact claims rechecked"
Out of scope — flagged for removal or separate list,Ohio House of Representatives,Business,"Dontavius L. Jarrells — Ohio State Representative, District 1 | Eric Synenberg — Ohio State Representative, District 21",,,https://ohiohouse.gov/,Ohio statewide; policy-contact provenance only,Reference / Out of Scope,Source-verified,"FINAL DISPOSITION — out of scope. The Ohio House is a current government body, and Dontavius Jarrells and Eric Synenberg are corroborated in current official House material. It is not a service provider, operator or nonprofit. Retain only in policy-contact/provenance tracking and exclude from the shareable provider directory.",https://ochbs.com/speakers/ | https://ohiohouse.gov/members/dontavius-l-jarrells/news/rep-synenberg-justices-donnelly-and-brown-call-for-restoration-of-ohios-judicial-endorsement-rule-145358,"Organizations | Speakers | Confirmed via Batch 3 audit, 2026-08-14 | Out-of-scope disposition cleanup, 2026-08-23; current Ohio House material reviewed"
Nonprofit & Advocacy,Ohio Justice & Policy Center,Nonprofit,Second Chance Project,secondchance@ohiojpc.org,513-421-1108,https://ohiojpc.org/,"Ohio statewide — Cincinnati, Columbus and Cleveland offices",Nonprofit / Advocacy; Criminal Justice Reform; Expungement / Record Sealing; Legal Services; Policy Advocacy,Source-verified,"Ohio 501(c)(3) nonprofit law firm providing free legal services and statewide criminal-justice advocacy. Its Second Chance work includes record sealing and expungement, and its published policy work specifically identifies expungement as the appropriate remedy for old cannabis convictions. Included as cannabis-justice and expungement infrastructure, not as a cannabis-industry organization.",https://ohiojpc.org/ | https://ohiojpc.org/wp-content/uploads/2024/08/2023_Annual_Report_FINAL-online-version.pdf,Research pass — 2026-08-22; source pages retrieved and reviewed
Nonprofit & Advocacy,Ohio Medical Marijuana Physicians Association,Nonprofit,,,513-602-7801,https://ommpa.com/,Ohio,Nonprofit / Advocacy; Education / Research; Policy Advocacy,Source-verified,"DISPOSITION — CONFIRMED. OMMPA is active in 2026, with a June national CME symposium, a July monthly physician meeting, membership and guest-attendance routes, and a current organizational phone line. Exact IRS/tax-exempt classification is UNRESOLVABLE from reliable public sources; the Directory's Nonprofit label denotes a noncommercial professional association, not a verified 501(c) status.",https://ommpa.com/ | https://ommpa.com/june-28-cme-symposium | https://ommpa.com/guest-attendance,"Research pass — 2026-08-14; source pages retrieved and reviewed; Batch 10 audit — 2026-08-15; source pages retrieved and reviewed | Pass 1 research (round 10, from v53 queue), 2026-08-16; source pages retrieved and reviewed | Nonprofit issue-resolution pass, 2026-08-22; source pages retrieved and reviewed"
Out of scope — flagged for removal or separate list,Ohio Senate,Business,"Shane Wilkin — Ohio State Senator, District 17",,,https://ohiosenate.gov/members/shane-wilkin,Ohio statewide; policy-contact provenance only,Reference / Out of Scope,Source-verified,"FINAL DISPOSITION — out of scope. Shane Wilkin’s current Senate District 17 role is confirmed by the official Ohio Senate. The Senate is a government body, not a service provider, operator or nonprofit. Retain only in policy-contact/provenance tracking and exclude from the shareable provider directory.",https://www.cannabismarketspotlight.com/ohiovalley | https://ohiosenate.gov/members/shane-wilkin | https://ohiosenate.gov/members/shane-wilkin/biography,"IgniteIt Network | Out-of-scope disposition cleanup, 2026-08-23; current Ohio Senate member and biography pages reviewed"
Events & Expos,Ohio Valley 4/20 Cannabis Festival and Ohio Valley Cannabis Cup,Business,Bill Schmitt Jr.,theholisticcloud@gmail.com,740-310-3239,https://www.facebook.com/groups/1177728024082676/,Cadiz / Jacobsburg / Eastern Ohio,Events / Expos,Source-verified,"The Ohio Valley 4/20 Canna Fest was held April 17–21, 2026 in the Cadiz area; official listings identify Bill Schmitt Jr. as organizer. Independent reporting also confirms Schmitt as owner of The Holistic Cloud and organizer of the September 2025 Ohio Valley Cannabis Cup. No 2027 edition was announced as of 2026-08-23. Belmont County’s official tourism organizer listing publishes theholisticcloud@gmail.com and 740-310-3239, with the municipal business directory corroborating the phone; these are the direct organizer-business routes.",https://www.facebook.com/events/holistic-acres-event-center-llc/ohio-valley-420-canna-fest/901769222305625/ | https://www.facebook.com/events/ohio-valley-420-canna-fest/804966488669481/ | https://www.theintelligencer.net/life/out-about/2025/09/ohio-valley-cannabis-cup-brings-live-music-and-more/ | https://www.visitbelmontcounty.com/organizer/the-holistic-cloud/ | https://villageofbellaire.org/businesses/retail/,"Events & Expos research pass — 2026-08-22; source pages retrieved and reviewed | Events currency QA — 2026-08-22; source pages retrieved and reviewed | Events & Expos outreach-enrichment pass, 2026-08-23; organizer-business email and phone verified"
Cultivator / Processor / Dispensary,Ohio Valley Natural Relief LLC (dba Greenlight Dispensary — see Greenlight Dispensary entry),Business,,,Wintersville: 740-792-4267 | Ironton: 740-547-0015,https://ohio.greenlightdispensary.com/locations/wintersville/,"Wintersville and Ironton, Ohio — legal-entity cross-reference; see Greenlight Dispensary",Cannabis Operator; Dispensary / Retail,Source-verified,Current DCC roster confirms OHIO VALLEY NATURAL RELIEF LLC holds active Wintersville and Ironton dispensary licenses; Greenlight's current first-party location pages confirm both addresses under the Greenlight brand. This is not a separate current operator and remains only as a legal-name/alias cross-reference. OUTREACH RESULT: mike@ovnrllc.com permanently failed on 2026-08-18 because ovnrllc.com had no DNS/MX route; the address remains removed. Use the current Greenlight phone or contact route.,"https://ohio.greenlightdispensary.com/locations/wintersville/ | https://greenlightdispensary.com/locations/ | Ohio DCC Current Roster, OHIO VALLEY NATURAL RELIEF LLC / CCD000110-00 and CCD000267-00","Organizations | Batch 3 audit, 2026-08-14; source pages retrieved and reviewed | Gmail outreach bounce reconciliation, 2026-08-22; delivery diagnostics reviewed | Cultivator / Processor / Dispensary issue-resolution pass, 2026-08-22; source pages retrieved and reviewed; DCC roster checked"
Nonprofit & Advocacy,Ohio Veteran's Alliance for Medical Cannabis (OVAMC),Nonprofit,Darrell Leffingwell — Founder & CEO,,,https://www.facebook.com/OVAC.4.Change/,Ohio statewide,Nonprofit / Advocacy; Veteran Services / Advocacy; Patient Advocacy; Policy Advocacy,Source-verified,"DISPOSITION — CONFIRMED as a current Ohio veteran cannabis-advocacy organization. The official Facebook page remains the best direct organization route; no public organization email or phone was found as of 2026-08-23, so this is a social-message-only terminal exception and no inferred personal contact is promoted. Legal/tax status is UNRESOLVABLE and public pages conflict, variously describing 501(c)(3) status as established or pending. Do not represent donations as tax-deductible or publish an EIN without an IRS determination letter or reliable IRS match.",https://www.facebook.com/OVAC.4.Change/ | https://www.instagram.com/ohio.vamc/ | https://www.farmanddairy.com/news/ohio-veterans-alliance-for-medical-cannabis-helps-veterans-heal-chronic-pain/894577.html | https://search-prod.lis.state.oh.us/api/v2/general_assembly_136/committees/cmte_s_gen_govt_1/meetings/cmte_s_gen_govt_1_2025-02-18-0200_114/testimony/1145/sb56_opponent_leffingwell.pdf,"Research pass — 2026-08-15; source pages retrieved and reviewed — Needs Research: confirm direct website, contact information and legal/tax status; Batch 11 audit — 2026-08-15; source pages retrieved and reviewed | Nonprofit issue-resolution pass, 2026-08-22; source pages retrieved and reviewed | Nonprofit & Advocacy outreach-enrichment pass, 2026-08-23; social-only terminal disposition"
Technology,Ohio420.ai,Business,,support@ohio420.ai,,https://www.ohio420.ai/,Ohio statewide,Technology; Regulatory Compliance; AI / Workflow Tools,Source-verified,"Ohio-specific compliance-support technology offering cited answers, review gates, checklists and human approval workflows for operators. Current 2026 privacy/terms pages confirm an active service and public support route. Informational support only; not legal advice or an authoritative statement of DCC rules.",https://www.ohio420.ai/ | https://www.ohio420.ai/resources | https://www.ohio420.ai/how-sources-work | https://www.ohio420.ai/privacy,"Technology audit, 2026-08-22; source pages retrieved and reviewed"
Marketing & Media,OhioCannabis.com,Business,JohnnyCannabis — Founder & CEO,community@ohiocannabis.com,,https://ohiocannabis.com/contact/,Ohio statewide; Cleveland-based,Marketing / Media; Media / Publication; Events / Networking; Community,Source-verified,"Current Ohio cannabis news, media, lifestyle and community platform with events, farmers markets and the Farmers Cup. The public-facing leader uses the JohnnyCannabis alias. OUTREACH ROUTE (2026-08-23): the current site maintains a contact form, and its official March 14, 2026 event page publishes community@ohiocannabis.com for organizational inquiries. The farmers-market series has ended, but the media/community platform remains active.",https://ohiocannabis.com/ | https://ohiocannabis.com/contact/ | https://ohiocannabis.com/johnnycannabis/ | https://ohiocannabis.com/events/ohiocannabis-com-final-farmers-market-cleveland-3-14-26/,"Marketing & Media audit, 2026-08-22; source pages retrieved and reviewed | Marketing & Media outreach-enrichment pass, 2026-08-23; source pages retrieved and reviewed"
Out of scope — flagged for removal or separate list,OhioCannabis.com Festival & Farmers Cup,Business,JohnnyCannabis (John) — Founder / Organizer,,,https://ohiocannabis.com/ohio-cannabis-festival/,Frazeysburg / Cleveland / statewide Ohio,Events / Expos,Source-verified,"Historical event-series record. The listed Ohio Cannabis Festival & Farmers Cup edition was held May 17, 2025, and OhioCannabis.com explicitly described its March 14, 2026 Cleveland Farmers Market as the FINAL Farmers Market. No new festival, cup or market edition was announced as of 2026-08-22. The OhioCannabis.com media/community brand may remain active, but this ended event-series record is moved out of the current Events & Expos directory.",https://ohiocannabis.com/ohio-cannabis-festival/ | https://ohiocannabis.com/events/ohiocannabis-com-final-farmers-market-cleveland-3-14-26/ | https://ohiocannabis.com/,Events & Expos research pass — 2026-08-22; source pages retrieved and reviewed | Events currency QA — 2026-08-22; source pages retrieved and reviewed
Security & Cash Logistics,OHZ Security,Business,Jason Trexler — Chief Sales Officer & Solutions Engineer,info@ohzsecurity.com,212-671-3355,https://ohzsecurity.com/industries/industrial-critical-infrastructure/cannabis-facilities/,United States; national remote-guarding platform,Security / Cash Logistics,Source-verified,"Current first-party evidence confirms a cannabis-specific remote-guarding service available nationally. An Ohio office or named Ohio deployment is not required to establish remote-service availability; confirm any on-site hardware or installer obligations before engagement. Do not infer Ohio presence from the OHZ name, and do not treat vendor compliance language as current Ohio DCC legal authority.",https://ohzsecurity.com/industries/industrial-critical-infrastructure/cannabis-facilities/ | https://ohzsecurity.com/terms-and-conditions/,"Research pass — 2026-08-14; QA'd 2026-08-14 | Batch 5 audit, 2026-08-15 | Pass 1 research (round 7, from v50 queue), 2026-08-16; source pages retrieved and reviewed | Security & Cash Logistics pass, 2026-08-22; source pages retrieved and reviewed"
Real Estate / Build-Out,Oliver Architecture,Business,Katy McNamee — Business Development,oa@oliverarchitect.com,216-245-2661,https://oliverarchitect.com/about,Statewide / Multi-Market,Real Estate / Build-Out; Architecture / Engineering,Source-verified,,https://oliverarchitect.com/contact | https://oliverarchitect.com/work-cannabis-industry | https://www.cannabismarketspotlight.com/ohiovalley,"IgniteIt Network | Organizations | Batch 1 audit, 2026-08-15; source pages retrieved and reviewed"
Out of scope — flagged for removal or separate list,OMI Industries (Ecosorb),Business,Tim Coffey — President & CEO,,800-662-6367,https://ecosorbindustrial.com/industries/cannabis-cultivation/,United States; no verified current Ohio cannabis deployment,Odor Mitigation; Ventilation / Air Filtration; Regulatory Compliance,Source-verified,"Moved to the retained separate-list/out-of-scope bucket after Ohio-referral review. OMI's Ecosorb cannabis odor-control products, custom-system design/installation support and national inquiry phone remain current. Its cannabis case studies are anonymized and current first-party material does not identify an Ohio operator, facility or Ohio-specific deployment. Preserve as a national reference; do not present as Ohio-referral-safe without current Ohio evidence.",https://ecosorbindustrial.com/industries/cannabis-cultivation/ | https://ecosorbindustrial.com/industries/cannabis-cultivation/cannabis-greenhouse-odor-control/,"Facility & EHS gap research — 2026-08-16; source pages retrieved and reviewed | Pass 1 research (round 12, final), 2026-08-16; source pages retrieved and reviewed | Technology audit, 2026-08-22; source pages retrieved and reviewed | v67-TECH2 Technology disposition pass, 2026-08-23; first-party cannabis product and case-study pages retrieved and reviewed"
Legal & Licensing,Omnus Law,Business,Denise Pollicella — cannabis practice lead,denisepollicella@omnuslaw.com,,https://omnuslaw.com/attorneys/,Statewide / Multi-Market,Legal; Licensing,Source-verified,Own site (omnuslaw.com/attorneys/) directly confirms this is a law firm.,https://cannacon.org/seminar-location/midwest-lansing-2025/,"Organizations | Speakers | Batch 3 audit, 2026-08-14; source pages retrieved and reviewed"
Out of scope — flagged for removal or separate list,"One Bond Laboratories, Inc.",Business,Jared Henthorn — Chief Operating Officer,,866-573-2594,,Statewide / Columbus (historical),Reference / Out of Scope; Historical / Former Licensee,Source-verified,"HISTORICAL RECORD — MOVED OUT OF SCOPE, decision resolved 2026-08-15. Former Ohio testing laboratory: held licence CCL000013-00 and was operating in 2024, but is absent from the current Ohio DCC testing-laboratory roster. This had been a standing open decision in Start Here; it is now resolved by moving the row out of the publishable set rather than deleting it, which preserves the licence-number provenance and prevents a future research pass from re-adding it as a current lab. Effect on counts: Testing Labs drops from 7 to 6, which now matches exactly the six current DCC-licensed dual-use laboratories named in the closed Testing Labs note on the Categories & Research Standards tab. Publishable entities drop by one.",https://www.mjbizdaily.com/news/ohio-gives-initial-approval-for-first-adult-use-cannabis-licenses/392028/ | https://www.ohiosenate.gov/legislation/135/sb9/committee | https://elicense.com.ohio.gov/s/licensesearch | https://com.ohio.gov/divisions-and-programs/cannabis-control/about-dcc/licenses/testing-labs,"Research pass — 2026-08-14; QA'd 2026-08-14; checked against Ohio DCC roster and found absent — 2026-08-15 | scope decision resolved Batch 9 audit, 2026-08-15"
Nonprofit & Advocacy,OneOhio Recovery Foundation,Nonprofit,Alisha Nelson — Executive Director,info@oneohiofoundation.com,,https://www.oneohiofoundation.com/contact-us,Ohio statewide,Nonprofit / Advocacy; Grantmaking; Public Health; Cannabis Education; Substance Use Prevention,Source-verified,"Ohio charitable foundation administering opioid-settlement resources and, in 2026, partnering with the Ohio Department of Commerce on a $20 million statewide cannabis public-education initiative. The campaign includes work directed toward young people, pregnant women and employers. Included as current cannabis-adjacent public-health and funding infrastructure. The first-party contact page publishes a general organizational inbox.",https://www.oneohiofoundation.com/news | https://www.oneohiofoundation.com/nelson | https://www.oneohiofoundation.com/contact-us | https://truthinitiative.org/press/press-release/truth-initiative-brings-national-award-winning-behavior-change-expertise-ohio,"Research pass — 2026-08-22; source pages retrieved and reviewed | Nonprofit & Advocacy outreach-enrichment pass, 2026-08-23; source pages retrieved and reviewed"
Real Estate / Build-Out,OPC Pest Services,Business,Barry Bacorn — Region Service Manager,,(502) 690-4625,https://www.opcpest.com/,Cincinnati / Southwest Ohio,Real Estate / Build-Out; Sanitation / Disinfection; Pest Management / IPM,Source-verified,"Cannabis-facility pest-exclusion and integrated pest-management provider serving dispensaries and cultivation facilities. Services include prevention, secure digital logbooks, facility documentation, disinfectant treatment, floor-drain maintenance, flexible scheduling, and employee education. Ohio service areas include Cincinnati, Blue Ash, Delhi, Fairfield, Loveland, and Milford. Chosen deliberately: responsible for training, service quality, safety and regulatory compliance — more useful for a cannabis-facility/IPM contact than a historical founder.",https://www.opcpest.com/industries/cannabis/ | https://www.opcpest.com/service-areas/ohio/,"Research pass — 2026-08-14; source pages retrieved and reviewed; Batch 11 audit — 2026-08-15; source pages retrieved and reviewed | Pass 1 research (round 11, from v54 queue), 2026-08-16; source pages retrieved and reviewed"
Staffing & HR,OROleafhr,Business,Jim Valenzuela — Founder & CEO,,480-690-5655 | 833-676-5323,https://oroleafhr.com/,United States; Arizona-based; Ohio client not publicly identified,Staffing / HR; Human Resources; Payroll,Source-verified,"Current cannabis-focused HR and payroll consultancy providing HR management, benefits, payroll and tax, retirement, safety, workers' compensation and risk-management services tailored to state regulatory environments. Jim Valenzuela and the direct company routes remain current; no Ohio client or engagement is asserted.",https://oroleafhr.com/ | https://oroleafhr.com/about-us/ | https://oroleafhr.com/gold-standard-service/,"Research pass — 2026-08-14; QA'd 2026-08-14 | Batch 7 audit, 2026-08-15 | Staffing & HR issue-resolution pass — 2026-08-22; current first-party company, about and service pages retrieved and reviewed"
Packaging & Labeling,PackTHC,Business,,hello@packthc.com,816-722-5842,https://www.packthc.com/,Nationwide (United States),Packaging / Labeling,Source-verified,Confirms nationwide U.S. shipping. No individual applies — no defensible founder/CEO identification found; the one visible employee on LinkedIn was not elevated into ownership.,https://www.packthc.com/pages/frequently-asked-questions | https://www.packthc.com/pages/contact,"Research pass — 2026-08-14; QA'd 2026-08-14 | Batch 9 audit, 2026-08-15; source pages retrieved and reviewed | Pass 1 research (round 8, from v51 queue), 2026-08-16; source pages retrieved and reviewed"
Packaging & Labeling,PackTrack,Business,PJ Guerrieri — Founder & CEO,pj@packtrack.net,614-404-6019,https://packtrack.net/,Statewide / Multi-Market,Packaging / Labeling; Printing / Labels,Source-verified,"PJ Guerrieri and PackTrack confirmed. Official site publishes PJ’s direct email and phone plus a booking path and describes a cannabis packaging supply-chain platform. Technology was defensible, but Packaging & Labeling remains the cleaner primary category.",https://ochbs.com/speakers/; https://ochbs.com/speakers/pj-guerrieri/; https://packtrack.net/,"Organizations | Speakers | Batch 3 audit, 2026-08-14; Packaging outreach-enrichment pass, 2026-08-23; official site and current speaker bio reviewed"
Staffing & HR,Paragon Payroll,Business,"Clarke Lyons — VP, Brand Marketing & Business Growth (Partnerships & Business Development)",info@paragonpayroll.com,866-444-4615,https://www.paragonpayroll.com/cannabis,National,Staffing / HR; Payroll,Source-verified,Cannabis payroll specialization current; the 650+ cannabis clients figure carried in this workbook is still published by Paragon itself.,https://www.paragonpayroll.com/services/hr-solutions,"Research pass — 2026-08-14; QA'd 2026-08-14 | Batch 7 audit, 2026-08-15; source pages retrieved and reviewed | Pass 1 research (round 5), 2026-08-16; source pages retrieved and reviewed"
Real Estate / Build-Out,Path Construction,Business,"Alex Cerulli, LEED AP — Vice President of Business Development",,847-398-7100,https://pathcc.com/contact-us/,Ohio project experience | National,Real Estate / Build-Out; Construction / Build-Out,Source-verified,"Strong Ohio project evidence: the current portfolio directly documents the Consume dispensary in Oxford, Ohio. Documented client relationship: Consume Cannabis / PTS Grows — design-build of the 4,400 SF Consume Oxford dispensary. Consume Cannabis is a new entry in this Directory, added via this same relationship.",https://pathcc.com/projects/cannabis-dispensary/,"Research pass — 2026-08-14; QA'd 2026-08-14 | Batch 7 audit, 2026-08-15; source pages retrieved and reviewed | Pass 1 research (round 6), 2026-08-16; source pages retrieved and reviewed | Pass 2 B2B relationship mapping, 2026-08-16; source pages retrieved and reviewed"
Banking & Financial Services,Paybotic Financial,Business,Max Miller — Founder & CEO,support@paybotic.com,844-420-4729,https://payboticfinancial.com/,Ohio | United States,Banking / Financial Services; Lending / Financing,Source-verified,"Current first-party pages confirm Max Miller as Founder & CEO and an Ohio program. Paybotic Financial is a fintech, not a bank; banking services are provided by Regent Bank, Member FDIC.",https://payboticfinancial.com/ | https://paybotic.com/markets/ohio/,"Research pass — 2026-08-14; QA'd 2026-08-14 | Batch 8 audit, 2026-08-15; source pages retrieved and reviewed | Banking & Financial Services audit, 2026-08-22; source pages retrieved and reviewed"
Staffing & HR,Paylient,Business,Daniela Williams — Chief Growth Officer,info@paylient.com,615-979-9113,https://www.paylient.com/,Ohio / United States; Ohio-specific services confirmed,Staffing / HR; Human Resources; Payroll,Source-verified,"Current first-party Ohio page explicitly confirms cannabis payroll, HR, PEO, benefits, workers' compensation, risk management and employment-compliance services for Ohio cannabis businesses.",https://www.paylient.com/ohio-cannabis-payroll-company/ | https://www.paylient.com/contact/,"Research pass — 2026-08-14; QA'd 2026-08-14 | Batch 7 audit, 2026-08-15; source pages retrieved and reviewed | Pass 1 research (round 5), 2026-08-16; source pages retrieved and reviewed | Staffing & HR pass, 2026-08-22; source pages retrieved and reviewed"
Insurance,Payne & Brown Insurance Agency,Business,"Stephen ""Steve"" Brown — Principal / Owner",info@paynebrown.com,740-965-4472,https://paynebrown.com/business-insurance/specialized-business-insurance/marijuana-insurance/,"Ohio (Sunbury-based, statewide)",Insurance,Source-verified,Ohio marijuana-insurance practice current. First-party profile: Brown has owned the agency 22 years; BBB independently lists him as President.,https://paynebrown.com/business-insurance/specialized-business-insurance/marijuana-insurance/,"Research pass — 2026-08-14; QA'd 2026-08-14 | Batch 4 audit, 2026-08-15; source pages retrieved and reviewed | Reconciliation pass against a duplicate/older-snapshot research round, 2026-08-16; source pages retrieved and reviewed"
Accounting & Tax,Pease Bell CPAs,Business,"Robert P. Mikovsky, CPA",info@peasebell.com,216-348-9600,https://www.peasebell.com/industry/cannabis,Ohio and nationwide,Accounting; Tax,Source-verified,Robert Mikovsky and the firm's cannabis practice confirmed current.,https://www.peasebell.com/industry/cannabis,"Research pass — 2026-08-14; QA'd 2026-08-14 | Batch 4 audit, 2026-08-15; source pages retrieved and reviewed"
Out of scope — flagged for removal or separate list,Pelorus Capital Group,Business,"Rick Scatterday — Director, Head of Real Estate",credit@peloruscg.com | info@peloruscg.com,,https://peloruscapitalgroup.com/,United States; no verified Ohio-specific financing,Banking / Financial Services; Lending / Financing,Source-verified,"Moved to separate-list/out-of-scope after current referral-safety review. Pelorus is a current national cannabis private-credit platform reporting 73 funded loans. Its published 2022 TerrAscend facility named New Jersey and Maryland borrowers; no first-party Ohio transaction, Ohio borrower, or explicit Ohio availability was found.",https://peloruscapitalgroup.com/ | https://peloruscapitalgroup.com/about/ | https://peloruscapitalgroup.com/our-strategies/ | https://peloruscapitalgroup.com/pelorus-equity-group-closes-us45-5-million-debt-financing-with-terrascend/,"Research pass — 2026-08-14; QA'd 2026-08-14 | Batch 8 audit, 2026-08-15 | Banking & Financial Services audit, 2026-08-22; source pages retrieved and reviewed | Banking & Financial Services disposition pass, 2026-08-23; source pages retrieved and reviewed"
Cultivator / Processor / Dispensary,PharmaCann / Verilife,Business,PharmaCann Communications Team — community/event routing,media@pharmacann.com,Cincinnati Verilife: 513-599-1550,https://www.verilife.com/oh/locations/cincinnati,Statewide / Multi-Market,Cannabis Operator; Cultivation; Processing,Source-verified,Ohio DCC lists PharmaCann as both a cultivator and a processor; PharmaCann/Verilife operates in Ohio. Website normalized to the current Ohio-facing Verilife route.,https://news.pharmacann.com/news/news-details/2023/New-York-Verilife-Patients-Donate-20000-of-Spare-Change-to-Support-U.S-Veterans-Organization-2023-cQL10mya5v/default.aspx | https://www.verilife.com/oh/locations/cincinnati,"Organizations | Batch 3 audit, 2026-08-14; source pages retrieved and reviewed"
Testing Labs,Pinnacle Testing and Specialty Lab,Business,Valerie C. Mason — Director of Sales & Marketing,info@pinnacletestinglabs.com,330-983-4944,https://pinnacletestinglabs.com/,Statewide / Akron,Cannabis Testing; Compliance Testing; Potency Testing; Microbial Testing; Mold / Microbial; Sample Transport,Source-verified,"Ohio cannabis testing laboratory with compliance testing, sample transport and a client portal. Its operating website and DCC-linked dual-use certificate listing were rechecked 2026-08-14; use the Ohio license search for live credential status. Verified against the current Ohio DCC testing-laboratory roster: dual-use laboratory holding a Certificate of Operation under licence CCL000015-00. Capability note: microbial and potency testing are tagged for every DCC-licensed laboratory because they form part of the state-mandated compliance panel every licensed lab must run — this is inferred from licensure, not from the lab's own marketing. Confirm the full test menu and any specialist capability directly. Chosen deliberately over the lab director as the better outreach contact.",https://elicense.com.ohio.gov/s/licensesearch | https://com.ohio.gov/divisions-and-programs/cannabis-control/about-dcc/licenses/testing-labs,"Research pass — 2026-08-14; QA'd 2026-08-14; licence verified against Ohio DCC roster — 2026-08-15 | Pass 1 research (round 9, from v52 queue), 2026-08-16; source pages retrieved and reviewed"
Real Estate / Build-Out,Pio Custom Cabinetry,Business,Marco Faraone — Business Development & Operations,marco@pioww.com | estimating@pioww.com,630-628-6900,https://pioww.com/,Chicagoland manufacturing | Projects nationwide,Real Estate / Build-Out,Source-verified,"PRECISION FIX. All contact routes confirmed current. But the public site is now primarily general commercial millwork, so this firm should NOT be described as cannabis-specialized — cannabis relevance rests on earlier project evidence only, and is stated at that strength. Documented client relationship, location/project unspecified: BLOC Dispensary — Pio's own site lists BLOC among brands it has worked with (service counters, display casework, merchandising walls, feature millwork). SUPPORTING CONTEXT ONLY, not a new directory entry: this adds a second data point to the unresolved BLOC/Feel State lineage question already flagged on the Feel State row — it does not by itself resolve which BLOC location or confirm any corporate relationship to Feel State. No new operator row created on this basis; that remains contingent on a targeted DCC lineage check.",https://pioww.com/industries/dispensaries | https://pioww.com/contact,"Research pass — 2026-08-14; QA'd 2026-08-14 | Batch 7 audit, 2026-08-15; source pages retrieved and reviewed | Pass 2 B2B relationship mapping (round 4), 2026-08-16; source pages retrieved and reviewed"
Accounting & Tax,Pipe Dream Financials,Business,Nelson Alvarez — CPA / Founder,pipedreamfinancials@gmail.com,,https://pipe-dream-financials.com/,Nationwide remote,Accounting; Tax,Source-verified,Remains an active cannabis accounting practice.,https://pipe-dream-financials.com/,"Research pass — 2026-08-14; QA'd 2026-08-14 | Batch 8 audit, 2026-08-15; source pages retrieved and reviewed"
Marketing & Media,POINT BRAND Marketing Agency,Business,Angela Pih — Founder,a@pntbrand.com,,https://www.pntbrand.com/,United States; Ohio client work via The Botanist,Marketing / Media; Branding / Design; Digital Marketing,Source-verified,"Current agency identity and leader restored from POINT BRAND's first-party site. Dutchie's current case study credits Angela Pih / POINT BRAND with strategy and replatform leadership for The Botanist's multi-state rebuild, including Ohio operations. OUTREACH ROUTE (2026-08-23): POINT BRAND's current first-party page publishes founder Angela Pih's direct contact, a@pntbrand.com.",https://www.pntbrand.com/ | https://dutchie.com/business/cannabis-retail-case-studies-customer-stories/the-botanist-e-commerce-pro-replatform-49-new-customers,"Pass 2 B2B relationship mapping (round 4), 2026-08-16; source pages retrieved and reviewed | Marketing & Media audit, 2026-08-22; source pages retrieved and reviewed | Marketing & Media outreach-enrichment pass, 2026-08-23; source pages retrieved and reviewed"
Consulting,Point Seven Group (Point7),Business,Ashley Picillo — Founder & CEO,hello@pointsevengroup.com,,https://pointsevengroup.com/cannabis-operators/,Ohio / United States / international,Consulting,Source-verified,"Application strategy, business plans, financial modeling, facility design and retail-operations guidance; current first-party material supports prior Ohio licensing work and an Ohio satellite-office presence.",https://pointsevengroup.com/events-and-media/ | https://pointsevengroup.com/cannabis-operators/,Research pass — 2026-08-14; source pages retrieved and reviewed; Batch 10 audit — 2026-08-15; source pages retrieved and reviewed
Packaging & Labeling,Pollen Gear,Business,,wholesale@greenlane.com,877-292-7660,https://pollengear.com/,"United States; national brand, no Ohio customer identified",Packaging / Labeling,Source-verified,"Greenlane's current 2026 Form 10-K continues to identify Pollen Gear among its owned trademarks, while the Pollen Gear site publishes the wholesale email, phone and sample/contact routes. The 2023 eBottles transaction covered Greenlane's concentrate-packaging product line, including specific Pollen Gear LoPro products, not the entire Pollen Gear brand. Retained as a current national cannabis-packaging brand; no Ohio customer or state-specific compliance guarantee is claimed.",https://pollengear.com/contact/ | https://pollengear.com/request-packaging-samples/ | https://investor.gnln.com/sec-filings/all-sec-filings/content/0001493152-26-014263/form10-k.htm,"Research pass — 2026-08-14; QA'd 2026-08-14 | Batch 9 audit, 2026-08-15 | Pass 1 research (round 8, from v51 queue), 2026-08-16; source pages retrieved and reviewed | Packaging/Hemp evidence-repair pass; source URLs retrieved and reviewed 2026-08-22"
Security & Cash Logistics,Porcupine Defense Solutions,Business,,,,,Ohio opportunity; operating and service area not yet independently verified,Security; Cannabis-Willing Vendor; Cannabis Business Services,Open issue,"Security company met firsthand by Travis Vought at a Libertarian convention. Company representatives stated they are open to working with cannabis businesses. Booth branding and the user-supplied photograph confirm the operating name Porcupine Defense Solutions. A reliable company-controlled website, direct contact route, service area, licensing and specific service scope were not independently verified in this pass.","Firsthand convention contact and user-supplied booth photograph, 2026-08-27","Firsthand convention lead — Travis Vought, 2026-08-27; booth photograph reviewed"
Legal & Licensing,Porter Wright Morris & Arthur LLP,Business,John P. Carney,,614-227-2179,https://www.porterwright.com/cannabis/,Ohio and national,Legal; Licensing,Source-verified,Current cannabis practice and contact confirmed.,https://www.porterwright.com/cannabis/,"Research pass — 2026-08-14; QA'd 2026-08-14 | Batch 6 audit, 2026-08-15; source pages retrieved and reviewed"
Technology,POSaBIT,Business,Ryan Hamlin — Co-founder & CEO,hello@posabit.com,855-767-2248,https://www.posabit.com/contact-us,Statewide / Multi-Market,Technology; POS; Payments / Merchant Services,Source-verified,Current cannabis POS/payments technology company confirmed; Ohio-market relevance retained.,https://www.businesswire.com/news/home/20260422188865/en/POSaBIT-Reports-Fourth-Quarter-and-Annual-2025-Financial-Results,"Organizations | Batch 3 audit, 2026-08-14; source pages retrieved and reviewed | Technology audit, 2026-08-22; source pages retrieved and reviewed"
Out of scope — flagged for removal or separate list,PREM PR & Social,Business,Marilyn Cowley — CEO / Founder,marilyn@premprsocial.com | info@premprsocial.com,949-478-5786 | 760-687-9995 | 559-512-6551,https://www.premprsocial.com/contact,California-centered; no current Ohio cannabis client/project established,Marketing / Media,Source-verified,"Retained on the separate list as a current cannabis PR practice, but removed from the publishable Ohio referral set. Current first-party material remains California-centered and does not establish a current Ohio-licensed client or Ohio project. The current contact page publishes Marilyn Cowley's direct email, the general email and three California office lines; those routes were preserved.",https://www.premprsocial.com/industries/cannabis-pr-agency | https://www.premprsocial.com/contact,"Research pass — 2026-08-14 | Batch 9 audit, 2026-08-15 | Pass 1 research (round 9, from v52 queue), 2026-08-16; source pages retrieved and reviewed | Marketing & Media audit, 2026-08-22; source pages retrieved and reviewed | Marketing & Media national-padding disposition, 2026-08-23; current source pages retrieved and reviewed"
Nonprofit & Advocacy,PreventionFIRST!,Nonprofit,Christi Valentini-Lackner — Chief Program Officer,cvalentini-lackner@prevention-first.org,513-751-8000 ext. 16,https://www.prevention-first.org/centers/center-for-prevention-action/cannabis/,Southwest Ohio / Ohio statewide resources,Nonprofit / Advocacy; Public Health; Cannabis Prevention; Education / Research; Youth Education,Source-verified,"Ohio prevention nonprofit operating a dedicated Cannabis as Medicine resource program through its Center for Prevention Action. It provides community conversations, evidence-based education, safe-storage/cardholder materials and current policy training. This is a prevention/public-health perspective rather than industry advocacy.",https://www.prevention-first.org/centers/center-for-prevention-action/cannabis/,Research pass — 2026-08-22; source pages retrieved and reviewed
Out of scope — flagged for removal or separate list,Project CBD,Nonprofit,Martin A. Lee — Co-Founder & Director,,,https://projectcbd.org/about/,California-based / United States; no current Ohio program identified,Nonprofit / Advocacy; Education / Research,Source-verified,"DISPOSITION — REFUTED for the current Ohio-scoped directory. Project CBD is a valid national cannabis/CBD research-and-education nonprofit and occasionally covers Ohio developments, but no Ohio office, chapter, program, partner or direct Ohio service was found. News coverage alone is not an Ohio operating nexus. Retained only as provenance/separate-list context.",https://projectcbd.org/about/ | https://projectcbd.org/contact-project-cbd/ | https://projectcbd.org/newsletter/project-cbd-newsletter-remembering-wade-laughter-the-unsung-hero-of-cbd-plus-hemp-thc-legislation-state-cannabis-policy-updates-and-cbd-research-on-alzheimers-disease/,"Research pass — 2026-08-14; source pages retrieved and reviewed; Batch 11 audit — 2026-08-15; source pages retrieved and reviewed | Pass 1 research (round 11, from v54 queue), 2026-08-16; source pages retrieved and reviewed | Nonprofit issue-resolution pass, 2026-08-22; source pages retrieved and reviewed"
Real Estate / Build-Out,Prospiant,Business,"Tony Abbas — Vice President, Sales and Business Development",,513-242-0310,https://www.prospiant.com/,"Cincinnati, Ohio-based; nationwide",Real Estate / Build-Out,Source-verified,"REFRAMED: current Cincinnati company and phone confirmed, but its present positioning emphasizes commercial greenhouse/controlled-environment-agriculture and indoor-grow infrastructure rather than foregrounding cannabis. Best described as CEA / cultivation infrastructure that remains cannabis-relevant, rather than as a cannabis-specialist firm.",https://www.prospiant.com/contact-us/ | https://www.prospiant.com/products/growing/greenhouses/venlo-glass-greenhouse/,"Research pass — 2026-08-14; QA'd 2026-08-14 | Batch 7 audit, 2026-08-15; source pages retrieved and reviewed | Pass 1 research (round 6), 2026-08-16; source pages retrieved and reviewed"
Insurance,ProSure Group,Business,David B. Shick — President,,800-480-3883,https://www.prosuregroup.com/ohio-marijuana-surety-bonds,Ohio,Insurance; Surety Bonds,Source-verified,"Ohio marijuana surety bonds and phone confirmed current. Source caveat: their regulatory explanation still describes the old medical-program agency structure — use the page to verify their service, not as a statement of current Ohio regulation. Note this is a surety bond provider, not general insurance. Founded ProSure in 1993, remains President.",https://www.prosuregroup.com/ohio-marijuana-surety-bonds,"Research pass — 2026-08-14; QA'd 2026-08-14 | Batch 5 audit, 2026-08-15; source pages retrieved and reviewed | Pass 1 research (round 2), 2026-08-16; source pages retrieved and reviewed | Reconciliation pass against a duplicate/older-snapshot research round, 2026-08-16; source pages retrieved and reviewed"
Security & Cash Logistics,ProTech Security,Business,Dan McKimm — Founder & CEO,,(330) 499-3555,https://protechsecurity.com/,Cleveland / Akron / Canton / Columbus / Ohio,Security / Cash Logistics; Access Control; Video Surveillance; Alarm / Panic Systems; Fire Detection / Protection; Environmental Monitoring,Source-verified,"North Canton-based security company providing cannabis-specific access control, video surveillance, environmental monitoring, fire detection, panic and lockdown systems, audit trails and 24-hour monitoring. Current Ohio footprint includes Cleveland, Akron, Canton, Columbus and surrounding markets.",https://protechsecurity.com/industries/cannabis/ | https://protechsecurity.com/contact/,"Research pass — 2026-08-14; source pages retrieved and reviewed; Batch 11 audit — 2026-08-15; source pages retrieved and reviewed | Pass 1 research (round 11, from v54 queue), 2026-08-16; source pages retrieved and reviewed"
Out of scope — flagged for removal or separate list,PROTEUS420,Business,Dawne Morris — Co-Founder & CEO,,858-566-6060 x420,https://www.proteus420.com/connect,United States and North America; no verified current Ohio deployment,Technology; Regulatory Compliance,Source-verified,"Moved to the retained separate-list/out-of-scope bucket after Ohio-referral review. PROTEUS420 remains an active cannabis ERP/POS platform; current first-party pages confirm Dawne Morris as Co-Founder and CEO, a sales/demo phone and a state-qualified demo form. Its current materials describe multi-state and North American coverage but do not identify an Ohio operator/client or current Ohio implementation. Older Ohio/state-legality copy remains unsuitable as regulatory evidence. Preserve as a national reference; do not present as Ohio-referral-safe without current Ohio evidence.",https://www.proteus420.com/ | https://www.proteus420.com/connect | https://www.proteus420.com/contactus,"Research pass — 2026-08-14; QA'd 2026-08-14 | Batch 5 audit, 2026-08-15 | Pass 1 research (round 3), 2026-08-16; source pages retrieved and reviewed | Technology audit, 2026-08-22; source pages retrieved and reviewed | Technology outreach enrichment, 2026-08-23; first-party contact routes reviewed | v67-TECH2 Technology disposition pass, 2026-08-23; first-party platform and demo pages retrieved and reviewed"
Consulting,PsyCann Advisors,Business,Sheva Pekar — Founder & CEO,hello@psycannadvisors.com,844-779-2266,https://psycannadvisors.com/contact/,Nationwide,Consulting; Regulatory Compliance; Employee Training,Source-verified,"Current first-party contact page supplies a direct organizational email, phone and discovery-call form for cannabis licensing, compliance, SOP, METRC and dispensary consulting.",https://psycannadvisors.com/contact/ | https://psycannadvisors.com/dispensary-consulting/,"Research pass — 2026-08-14; source pages retrieved and reviewed; Batch 10 audit — 2026-08-15; source pages retrieved and reviewed | Pass 1 research (round 10, from v53 queue), 2026-08-16; source pages retrieved and reviewed | Consulting outreach-enrichment pass, 2026-08-23; source pages retrieved and reviewed"
Marketing & Media,PufCreativ,Business,Cam Rizai — Head of Sales & Business Development,hello@pufcreativ.com,,https://pufcreativ.com/contact/,United States nationwide; Ohio client work via The Botanist,Marketing / Media,Source-verified,"Flag cleared on direct client evidence: Dutchie's current case study credits PufCreativ with the desktop and mobile design for The Botanist's multi-state rebuild, including its Ohio operations. Its separate Studio Bliss relationship remains a strategic partnership, not an Ohio client claim. OUTREACH ROUTE (2026-08-23): the current official contact and team pages publish hello@pufcreativ.com and retain Cam Rizai as Head of Sales & Business Development.",https://pufcreativ.com/about-us/ | https://dutchie.com/business/cannabis-retail-case-studies-customer-stories/the-botanist-e-commerce-pro-replatform-49-new-customers | https://pufcreativ.com/contact/,"Research pass — 2026-08-14; QA'd 2026-08-14 | Batch 6 audit, 2026-08-15 | Pass 1 research (round 4), 2026-08-16; source pages retrieved and reviewed | Pass 2 B2B relationship mapping (round 3), 2026-08-16; source pages retrieved and reviewed | Pass 2 B2B relationship mapping (round 4), 2026-08-16; source pages retrieved and reviewed | Marketing & Media audit, 2026-08-22; source pages retrieved and reviewed | Marketing & Media outreach-enrichment pass, 2026-08-23; source pages retrieved and reviewed"
Hemp / CBD Products & Ancillary,Pure Genesis,Business,Faye Coleman — Co-Founder & CEO,fayecoleman@puregenesis.us | info@puregenesis.us,,https://puregenesis.us/,New Jersey (not an Ohio licensee),Hemp / CBD,Source-verified,The corrected Pure Genesis identity is now confirmed by its current first-party site. Its official contact page publishes founder and CEO Faye Coleman’s direct email plus a general organizational inbox. The company remains New Jersey-based and is not represented as an Ohio licensee.,https://ochbs.com/speakers/ | https://puregenesis.us/ | https://puregenesis.us/contact/,"Original expo CRM | Research cleanup — 2026-08-14; QA'd 2026-08-14 | Batch 3 audit, 2026-08-14; source pages retrieved and reviewed | Real Estate / Security / Hemp residual outreach pass, 2026-08-23; source pages retrieved and reviewed"
Cultivator / Processor / Dispensary,Pure Ohio Wellness,Business,Larry Pegram — Founder & CEO,info@pureohiowellness.com,937-346-8437,https://www.pureohiowellness.com/,Central Ohio; Dayton / Miami Valley,Cannabis Operator,Source-verified,Larry Pegram (Founder & CEO) confirmed current; Website normalized from the staging domain to the live company site.,https://business.greaterspringfield.com/list/member/pure-ohio-wellness-llc-31903 | https://www.pureohiowellness.com/about/,"Organizations | Batch 1 audit, 2026-08-14; source pages retrieved and reviewed"
Out of scope — flagged for removal or separate list,PureAir Filtration,Business,Ashley Jameson — President,,678-935-1431,https://www.pureairfiltration.com/contact-us/,United States and international markets; no verified current Ohio cannabis deployment,Odor Mitigation; Ventilation / Air Filtration,Source-verified,"Moved to the retained separate-list/out-of-scope bucket after Ohio-referral review. PureAir remains a current gas-phase filtration and cannabis-odor-control provider; Cleanwater1 acquired the company in September 2025, and current first-party pages confirm Ashley Jameson continues as President plus a quote form and main phone. PureAir documents a non-cannabis Ohio installation, but no Ohio cannabis operator, facility or cannabis-specific deployment was found. Preserve as a national reference; do not infer Ohio cannabis experience from the unrelated Ohio project.",https://www.pureairfiltration.com/cannabis-odor-removal/ | https://www.pureairfiltration.com/contact-us/ | https://www.pureairfiltration.com/pureair-filtration-joins-cleanwater1/ | https://www.pureairfiltration.com/executive-leadership-team/,"Facility & EHS gap research — 2026-08-16; source pages retrieved and reviewed | Pass 1 research (round 12, final), 2026-08-16; source pages retrieved and reviewed | Technology audit, 2026-08-22; source pages retrieved and reviewed | v67-TECH2 Technology disposition pass, 2026-08-23; first-party cannabis, acquisition, leadership and contact pages retrieved and reviewed"
Cultivator / Processor / Dispensary,Purpose Leaf / hōn Cannabis,Business,"Kelly Hondros, Esq. — Owner",Sales@purposeleaf.com | Support@purposeleaf.com,614-453-5702,https://www.honcannabis.com/contact/,"Enon, Ohio / Dayton–Miami Valley",Cannabis Operator; Processing,Source-verified,"The current DCC roster confirms Purpose Leaf LLC as active Dual Use Processor CCP000035-00 in Enon; hōn's first-party pages identify the brand and facility. The current contact page still publishes Sales@purposeleaf.com and also provides Support@purposeleaf.com plus a form. Gmail's 2026-08-19–20 notices for the sales route were temporary 4.4.2 connection resets and never became a final failure, so the address is retained with the verified alternate route rather than labeled permanently invalid.","https://www.honcannabis.com/about-us/ | https://www.honcannabis.com/contact/ | Ohio DCC Current Roster, Purpose Leaf LLC / CCP000035-00","Organizations | Batch 3 audit, 2026-08-14; source pages retrieved and reviewed | Pass 1 research, 2026-08-16; source pages retrieved and reviewed | Reconciliation pass against a duplicate/older-snapshot research round, 2026-08-16; source pages retrieved and reviewed | Gmail outreach bounce reconciliation, 2026-08-22; delivery diagnostics reviewed | Cultivator / Processor / Dispensary issue-resolution pass, 2026-08-22; source pages retrieved and reviewed; DCC roster checked"
Insurance,QuadScore,Business,"Brian Jones — Executive Vice President, QuadScore D&O",bjones@quadscore.com,860-581-0047 | 877-820-3111,https://quadscore.com/,Ohio | United States,Insurance,Source-verified,"Current first-party material confirms QuadScore's MGA/program-administrator role, state-specific insurance support nationwide, and policies issued through licensed insurers. QuadScore works directly with licensed brokers, but its current FAQ says operators without a broker can contact the company for connection to a preferred partner; that is a valid access path rather than a missing Ohio contact. Brian Jones remains listed on the current team page. Product availability remains subject to jurisdiction, underwriting and the producing broker.",https://quadscore.com/ | https://quadscore.com/why-us/ | https://quadscore.com/faq/ | https://quadscore.com/meet-the-team/,"Research pass — 2026-08-14; QA'd 2026-08-14 | Batch 5 audit, 2026-08-15 | Pass 1 research (round 2), 2026-08-16; source pages retrieved and reviewed | Pass 2 B2B relationship mapping (round 3), 2026-08-16; source pages retrieved and reviewed | Insurance evidence/source repair, 2026-08-22; source pages retrieved and reviewed"
Consulting,Quantum 9,Business,Michael Mayes — Founder & CEO,info@quantum9.net,888-716-0404,https://quantum9.net/contact/,Ohio statewide / nationwide,Consulting,Source-verified,Current first-party contact and privacy pages supply a direct organizational email and phone. Michael Mayes remains the current founder and CEO. The dated rollout chronology on the Ohio page is not used as current Ohio legal guidance.,https://quantum9.net/contact/ | https://quantum9.net/privacy-policy/ | https://quantum9.net/team/michael_mayes/ | https://quantum9.net/ohio-cannabis-consulting/,"Research pass — 2026-08-14; source pages retrieved and reviewed; Batch 10 audit — 2026-08-15; source pages retrieved and reviewed; vendor verified; Ohio page contains dated 2024 rollout/application chronology — do not cite as current Ohio law | Pass 1 research (round 9, from v52 queue), 2026-08-16; source pages retrieved and reviewed | Consulting outreach-enrichment pass, 2026-08-23; source pages retrieved and reviewed"
Cultivator / Processor / Dispensary,Queen City Cannabis,Business,,hello@queenccanna.com,Norwood: 513-470-2305 | Harrison: 513-687-8351,https://queenccanna.com/,"Norwood and Harrison, Ohio (Cincinnati metro)",Cannabis Operator; Dispensary / Retail,Source-verified,Current first-party pages confirm Queen City Cannabis storefronts in Norwood and Harrison. Canoe Hill Ohio 3 LLC / CCD000062-00 resolves to Queen City Cannabis Norwood by the exact 3764 Montgomery Rd address. This entity does not belong to Story Cannabis; the exact-address DBA evidence controls.,"https://queenccanna.com/contact-us/ | https://queenccanna.com/norwood/ | https://ohiocapitaljournal.com/2024/08/06/list-heres-where-you-can-buy-recreational-marijuana-in-ohio-tuesday/ | Ohio DCC Current Roster, Canoe Hill Ohio 3 LLC / CCD000062-00","DCC legal-entity → trade-name mapping Batch 3, 2026-08-23; source pages retrieved and reviewed; roster-verified"
Out of scope — flagged for removal or separate list,Rad Source Technologies,Business,Will Hartman — President & CEO,info@radsource.com,678-765-7900,https://radsource.com/contact-us/,United States and international markets; no verified current Ohio cannabis deployment,Decontamination / Remediation; Mold / Microbial; Post-Harvest Processing,Source-verified,Moved to the retained separate-list/out-of-scope bucket after Ohio-referral review. Rad Source remains a current non-nuclear X-ray technology provider with a cannabis decontamination offering; current first-party pages confirm Will Hartman as President/CEO and provide a quote form and Atlanta-office phone. No current Ohio cannabis facility/client or explicit Ohio cannabis deployment was found. Preserve as a national reference and confirm Ohio facility/permitting requirements before any future restoration to the publishable directory.,https://radsource.com/solutions/cannabis-decontamination/ | https://radsource.com/about-us/ | https://radsource.com/contact-us/,"Facility & EHS gap research — 2026-08-16; source pages retrieved and reviewed | Pass 1 research (round 12, final), 2026-08-16; source pages retrieved and reviewed | Technology audit, 2026-08-22; source pages retrieved and reviewed | v67-TECH2 Technology disposition pass, 2026-08-23; first-party cannabis, leadership and contact pages retrieved and reviewed"
Marketing & Media,Range Marketing,Business,,,716-507-8882,https://rangemarketing.com/cannabis-dispensary-marketing/,Ohio-serving; Buffalo-based; United States and Canada,Marketing / Media; Digital Marketing; SEO / Search; Branding / Design; Website Development,Source-verified,"Current dispensary-marketing agency with direct Ohio client evidence: Amplify's current website footer credits Range Marketing for site design. Range's first-party cannabis page confirms dispensary-focused digital marketing. No named public cannabis-practice contact was identified, so the organizational route is preserved.",https://rangemarketing.com/cannabis-dispensary-marketing/ | https://rangemarketing.com/contact/ | https://amplifydispensary.com/,"Marketing & Media audit, 2026-08-22; source pages retrieved and reviewed"
Cultivator / Processor / Dispensary,Ratio Cannabis,Business,,ratio@ratio-cannabis.com,234-801-4282,https://www.ratio-cannabis.com/,"New Philadelphia, Ohio — current first-party storefront; Columbus legal license not first-party storefront-confirmed",Dispensary / Retail,Source-verified,"Current brand channels supply a direct email and New Philadelphia phone. TerrAscend completed its acquisition of Ohio Dispensing 1 LLC in May 2025; the Ratio brand remains active. DCC also lists Ratio Cannabis LLC in Columbus, but no current first-party Columbus storefront is asserted.",https://www.ratio-cannabis.com/ | https://www.facebook.com/p/Ratio-Cannabis-100090830045541/ | https://www.sec.gov/Archives/edgar/data/1778129/000095017025034600/R33.htm | Ohio DCC Current Roster,"Pass 2A promotion — 12 confirmed candidates, 2026-08-17; source pages retrieved and reviewed | Cultivator / Processor / Dispensary issue-resolution pass, 2026-08-22; source pages retrieved and reviewed; DCC roster checked | Operator outreach-enrichment pass, 2026-08-22; source pages retrieved and reviewed"
Real Estate / Build-Out,RBI CMS,Business,"Steve Rice, LEED AP — RBI Construction Management Services",srice@rbicms.com,614-935-6592,https://rbicms.com/,Central Ohio,Real Estate / Build-Out; Construction / Build-Out,Source-verified,"Central Ohio construction presence confirmed, with the Curaleaf Johnstown and Verano Newark cannabis projects supported. Source caveat: their project page uses ""currently"" around older work, so treat it as evidence of project history rather than of active current projects. Contact info sourced from a 2020-dated page and flagged stale-risk; no individual name was attributed, though the email format (srice@) suggests a specific person. Confirm both the contact and the company's current cannabis activity before outreach. Stale-risk substantially reduced: the RBI webpage itself is old, but a current LinkedIn profile still places Steve Rice at RBI in Plain City, OH, independently matching the srice@ address already on file. No formal title beyond his affiliation is claimed. Documented historical client relationships: Curaleaf (cultivation/processing facility, Johnstown, OH — source page is dated, treat as historical rather than an active 2026 engagement) and Verano (dispensary, Newark, OH, 2019). Both Curaleaf and Verano are entries in this Directory.",https://rbicms.com/,"Research pass — 2026-08-14; QA'd 2026-08-14 | Batch 7 audit, 2026-08-15; source pages retrieved and reviewed | Pass 1 research (round 6), 2026-08-16; source pages retrieved and reviewed | Pass 1 research (round 7, from v50 queue), 2026-08-16; source pages retrieved and reviewed | Pass 2 B2B relationship mapping, 2026-08-16; source pages retrieved and reviewed"
Nonprofit & Advocacy,Realm of Caring Foundation,Nonprofit,Sasha Kalcheff-Korn — Executive Director,info@realmofcaring.org,(719) 347-5400 option 1,https://realmofcaring.org/,Ohio-accessible remote support / worldwide; no Ohio office,Nonprofit / Advocacy,Source-verified,"DISPOSITION — CONFIRMED. Realm of Caring's current 501(c)(3) site offers free one-on-one cannabinoid-support registration and phone/email help to clients worldwide, making the service accessible to Ohio residents without an Ohio office. Describe this as education and care-specialist support, not medical diagnosis or Ohio-specific clinical care.",https://realmofcaring.org/ | https://realmofcaring.org/client-registration/ | https://realmofcaring.org/contact-us/,"Research pass — 2026-08-14; Ohio-presence verification pass — 2026-08-14; source pages retrieved and reviewed; Batch 10 audit — 2026-08-15; source pages retrieved and reviewed | Pass 1 research (round 11, from v54 queue), 2026-08-16; source pages retrieved and reviewed | Nonprofit issue-resolution pass, 2026-08-22; source pages retrieved and reviewed"
Out of scope — flagged for removal or separate list,Reefferr,Business,,reefferrSEO@gmail.com,602-633-5837 | 866-675-9966,https://www.reefferr.com/contact-us/,United States; published state list excludes Ohio,Marketing / Media,Source-verified,"Retained on the separate list as a current dispensary SEO agency, but removed from the publishable Ohio referral set. Its current first-party site identifies dispensary work across Arizona, California, Colorado, Nevada, Michigan, Illinois, Florida and Texas; Ohio is not included, and no named Ohio-licensed client or Ohio project was found. Existing organizational outreach routes remain usable.",https://www.reefferr.com/ | https://www.reefferr.com/contact-us/,"Research pass — 2026-08-14 | Batch 9 audit, 2026-08-15 | Pass 1 research (round 9, from v52 queue), 2026-08-16; source pages retrieved and reviewed | Marketing & Media audit, 2026-08-22; source pages retrieved and reviewed | Marketing & Media national-padding disposition, 2026-08-23; current source pages retrieved and reviewed"
Banking & Financial Services,ReeFi Capital,Business,Loan Originations Team,ADallal@ReeFi.com | MSassouni@ReeFi.com,323-406-6892,https://www.reefi.com/,United States — nationwide,Banking / Financial Services; Lending / Financing,Source-verified,Current first-party pages state that ReeFi provides financing to cannabis businesses and real-estate sponsors across the nation. Prior Ohio-availability issue resolved on nationwide availability evidence.,https://www.reefi.com/ | https://www.reefi.com/what-why,"Research pass — 2026-08-14; QA'd 2026-08-14 | Batch 8 audit, 2026-08-15 | Banking & Financial Services audit, 2026-08-22; source pages retrieved and reviewed"
Legal & Licensing,"Reminger Co., LPA",Business,Mark R. Bush; Nathan A. Lennon,,859-426-3661; 859-426-7222,https://www.reminger.com/report-5293,Ohio and regional,Legal; Licensing,Source-verified,Mark R. Bush and Nathan A. Lennon remain co-chairs of the firm's Cannabis and Hemp Law practice; existing contact numbers hold.,https://www.reminger.com/report-5293,"Research pass — 2026-08-14; QA'd 2026-08-14 | Batch 6 audit, 2026-08-15; source pages retrieved and reviewed"
Out of scope — flagged for removal or separate list,RISE Dispensaries Ohio (duplicate of Green Thumb Industries (RISE / RYTHM)),Business,,,,https://risecannabis.com/dispensaries/ohio/,Duplicate cross-reference only; current Ohio details consolidated into Green Thumb Industries (RISE / RYTHM),Cultivation; Processing; Dispensary / Retail,Source-verified,"Duplicate identified in the operator pass. Green Thumb Industries (RISE / RYTHM) already existed at Directory row 81 before this row was added, so the claim that this was a genuine gap was refuted. Verified DCC cultivation, processing and retail detail has been consolidated into the original row. The current RISE site presents six Ohio storefronts; the additional active GTI Ohio Middletown license is retained as a legal-footprint fact with its consumer DBA unconfirmed. This row is not a separate publishable organization.","https://risecannabis.com/dispensaries/ohio/ | Ohio DCC Current Roster, GTI Ohio LLC / CCC000030-00, CCP000027-00 and seven CCD licenses","Full roster coverage gap scan, 2026-08-17; source pages retrieved and reviewed; roster-verified | Duplicate consolidation, 2026-08-22; source pages retrieved and reviewed"
Marketing & Media,Rival Response,Business,,sales@rivalresponse.com,,https://rivalresponse.com/,"United States nationwide; campaigns target by city, state or ZIP",Marketing / Media; Advertising,Source-verified,"Current first-party material confirms cannabis advertising campaigns can be targeted by city, state or ZIP across the United States. No Ohio client is claimed; nationwide service availability resolves the former geography flag.",https://rivalresponse.com/,"Research pass — 2026-08-14; QA'd 2026-08-14 | Batch 6 audit, 2026-08-15 | Pass 1 research (round 4), 2026-08-16; source pages retrieved and reviewed | Marketing & Media audit, 2026-08-22; source pages retrieved and reviewed"
Cultivator / Processor / Dispensary,Riviera Creek,Business,Sam Brenkus — Director of Cultivation,,330-747-4331,https://rivieracreek.com/contact/,"Youngstown, Ohio",Cannabis Operator; Cultivation; Processing,Source-verified,"The current Youngstown-Warren Regional Chamber listing publishes Riviera Creek Holdings’ main business phone at its Crescent Street address; the Chamber’s hidden email was not inferred. The official contact form remains available, and DCC continues to confirm the affiliated cultivator and processor licenses.",https://rivieracreek.com/contact/ | https://rivieracreek.com/about-us/ | Ohio DCC active cultivator and processor rosters | https://business.regionalchamber.com/directory/Details/riviera-creek-holdings-llc-1668865 | https://hq.regionalchamber.com/membership-directory/riviera-creek-holdings-llc,"Original expo CRM | Research cleanup — 2026-08-14; QA'd 2026-08-14 | Batch 3 audit, 2026-08-14; source pages retrieved and reviewed | Operator outreach-enrichment pass, 2026-08-22; source pages retrieved and reviewed | Operator residual outreach-enrichment challenge pass, 2026-08-23; source pages retrieved and reviewed"
Cultivator / Processor / Dispensary,ROAM Dispensary,Business,Fadi G. Boumitri — Co-Founder,,216-373-9238,https://roamdispo.com/contact/,"Seven Hills, Ohio",Dispensary / Retail,Source-verified,Current official site supplies the store phone and contact form. No public direct email was found. AB Retail LLC remains the DCC legal entity; the documented Ascension BioMedical/Seeker relationship is preserved.,https://roamdispo.com/contact/ | https://roamdispo.com/ | Ohio DCC active licensee roster (CCD000197-00),"Pass 2A promotion — 12 confirmed candidates, 2026-08-17; source pages retrieved and reviewed | Operator outreach-enrichment pass, 2026-08-22; source pages retrieved and reviewed"
Cultivator / Processor / Dispensary,Rove,Business,Jo Jacobson — Co-founder / VP Business Development,info@rovebrand.com,800-757-4680,https://rovebrand.com/,Multi-state; active Ohio market participation,Cannabis Operator,Source-verified,Rove has a first-party Ohio events page and Jo Jacobson is on current OCHBS programming — this resolves an earlier flag that one of this entry's source links may have conflated Rove with an unrelated ice-pack company of the same name; the Ohio-specific event/speaker evidence here is unambiguously cannabis-industry. Phrased as market participation rather than a claimed Ohio corporate footprint.,https://rovebrand.com/blogs/news/rove-honored-as-bronze-stevie%C2%AE-award-winner-in-2025-american-business-awards%C2%AE | https://ochbs.com/,"Original expo CRM | Research cleanup — 2026-08-14; QA'd 2026-08-14 | Batch 3 audit, 2026-08-14; source pages retrieved and reviewed"
Packaging & Labeling,Royal Blunts,Business,Keith Scott II — Business Development Manager,customerservice@newimageglobal.com,888-898-6879,https://royalblunts.com/,Nationwide distribution; California-based,Packaging / Labeling; Pre-Roll Packaging,Source-verified,"Ancillary pre-roll/wrap products business, not a plant-touching operator. Company-owned contact page publishes the parent-company customer-service email and toll-free number; these are corporate routes, not Keith Scott II’s direct contact. His current business-development role is supported by the Ohio Valley speaker profile.",https://www.cannabismarketspotlight.com/ohio/home; https://www.cannabismarketspotlight.com/ohiovalley/speaker/2064649/keith-scott-ii; https://royalblunts.com/; https://royalblunts.com/contact/,"IgniteIt Network | Batch 3 audit, 2026-08-14; Packaging outreach-enrichment pass, 2026-08-23; company-owned site/contact and current event speaker profile reviewed"
Packaging & Labeling,RXDco,Business,Moshe Zussman — CEO,info@rxdco.com,732-276-6160,https://rxdco.com/,Ohio | All U.S. legal markets,Packaging / Labeling,Source-verified,"Active cannabis packaging supplier; core service and contact claims hold. Current LinkedIn, BBB principal listing and recent product coverage all consistent.",https://rxdco.com/ohio-child-resistant-cannabis-packaging-laws/ | https://rxdco.com/contact/,"Research pass — 2026-08-14; QA'd 2026-08-14 | Batch 9 audit, 2026-08-15; source pages retrieved and reviewed | Pass 1 research (round 8, from v51 queue), 2026-08-16; source pages retrieved and reviewed"
Banking & Financial Services,Safe Harbor Financial,Business,Jeffrey Kay — Chief Marketing Officer,info@shfinancial.org,888-873-1498,https://shfinancial.org/,Ohio — statewide / Columbus,Banking / Financial Services; Lending / Financing,Source-verified,Current first-party Columbus page confirms Ohio cannabis-banking availability. Its legal-timeline prose is stale and must not be used as current Ohio regulatory authority.,https://shfinancial.org/location/columbus-ohio | https://shfinancial.org/about-us/contact-us,"IgniteIt Network | Organizations | Batch 1 audit, 2026-08-14; source pages retrieved and reviewed | Banking & Financial Services audit, 2026-08-22; source pages retrieved and reviewed"
Packaging & Labeling,SafeCare Packaging,Business,Hakob Katabyan — CEO,orders@safecarepackaging.com,424-422-9911 | 424-366-0000,https://safecarepackaging.com/,Nationwide | Multi-state warehousing,Packaging / Labeling,Source-verified,"Describes coast-to-coast/multi-state fulfillment; active supplier. Confirmed via current California state corporate data, independently consistent with D&B.",https://safecarepackaging.com/contact,"Research pass — 2026-08-14; QA'd 2026-08-14 | Batch 9 audit, 2026-08-15; source pages retrieved and reviewed | Pass 1 research (round 8, from v51 queue), 2026-08-16; source pages retrieved and reviewed"
Insurance,SafeHerb,Business,,,615-983-8995,https://safeherb.com/,Ohio via appointed-agency network | United States,Insurance,Source-verified,"Current first-party SafeHerb and parent-program pages confirm seed-to-sale cannabis and hemp coverage through independent agency partners nationwide. SafeHerb is the MGA/program rather than the retail agent; the reliable Ohio access path is to call SafeHerb or use its contact route for assignment to an appointed agency. A separately named Ohio agent is not required to retain this national program, and none was invented.",https://safeherb.com/ | https://www.specialtyprogramgroup.com/specialty-programs/safeherb/,"Research pass — 2026-08-14; QA'd 2026-08-14 | Batch 4 audit, 2026-08-15 | Pass 1 research (round 2), 2026-08-16; source pages retrieved and reviewed | Insurance evidence/source repair, 2026-08-22; source pages retrieved and reviewed"
Consulting,"Safex, Inc.",Business,Dianne Grote Adams — President & Founder,,614-890-0800,https://www.safex.us/our-services/indoor-air-quality/,"Westerville, Ohio (Columbus area); statewide Ohio",Indoor Air Quality; Mold / Microbial Assessment; Industrial Hygiene; EHS / OSHA / EPA; Environmental Monitoring; Employee Training,Source-verified,"Ohio environmental health and safety consultancy founded in 1992, staffed with Certified Industrial Hygienists and Certified Safety Professionals. Current services include indoor-air-quality and mold assessment, exposure monitoring, OSHA compliance and hazardous-waste training. No cannabis-specific practice is published; included as an Ohio horizontal capability, not a vendor-claimed cannabis specialist.",https://www.safex.us/our-services/indoor-air-quality/ | https://www.safex.us/industrial-hygiene/ | https://www.safex.us/visit-us/,"Facility & EHS gap research — 2026-08-16; source pages retrieved and reviewed | Pass 1 research (round 12, final), 2026-08-16; source pages retrieved and reviewed | Consulting issue-resolution pass — 2026-08-22; current about and service pages retrieved and reviewed"
Banking & Financial Services,SALT,Business,Philipp Margolin — Chief Business Officer,,,https://www.saltmoney.com/,Ohio | United States,Banking / Financial Services,Source-verified,"Current application flow includes Ohio and the live platform offers cannabis-focused payments, finance, POS and loyalty services. Prior Ohio-availability issue resolved. FORM-ONLY TERMINAL: SALT’s current public route is its contact/application intake; no readable first-party email or phone is published, and no support/privacy contact was repurposed.",https://www.saltmoney.com/home | https://www.saltmoney.com/contact | https://www.saltmoney.com/apply,"Research pass — 2026-08-14; QA'd 2026-08-14 | Batch 8 audit, 2026-08-15 | Pass 1 research (round 7, from v50 queue), 2026-08-16; source pages retrieved and reviewed | Banking & Financial Services audit, 2026-08-22; source pages retrieved and reviewed | Banking & Financial Services outreach-enrichment pass, 2026-08-23; form-only intake verified"
Packaging & Labeling,Sana Packaging,Business,Ron Basak-Smith — Co-Founder & CEO,info@sanapackaging.com,303-729-0644 ext. 1,https://sanapackaging.com/,United States and Canada,Packaging / Labeling,Source-verified,Active cannabis packaging supplier; core service and contact claims hold.,https://sanapackaging.com/pages/faq | https://sanapackaging.com/products/sana-hemp-container,"Research pass — 2026-08-14; QA'd 2026-08-14 | Batch 9 audit, 2026-08-15; source pages retrieved and reviewed | Pass 1 research (round 8, from v51 queue), 2026-08-16; source pages retrieved and reviewed"
Security & Cash Logistics,Sapphire Risk Advisory Group,Business,Haley Glover — Senior Security Consultant,hglover@sapphirerisk.com,,https://www.sapphirerisk.com/adult-use-cannabis-in-ohio/,Ohio and nationwide,Security / Cash Logistics,Source-verified,"Title upgraded; email and Ohio cannabis-security relevance confirmed first-party. Documented relationship (date/current status unknown): Grow Ohio — Sapphire's own consultant page publishes a testimonial from Pam Chesar of Grow Ohio describing security work, equipment bidding and facility build-outs. Grow Ohio is also an entry in this Directory. Also documented: an insurance/security risk-management partnership with QuadScore, described on Sapphire's own site as reducing security losses for QuadScore's cannabis clients across the supply chain (partnership, not a client relationship — QuadScore is also an entry in this Directory). Also an architecture/security professional-affiliate relationship with VALERE Architects, including a joint 2025 conference presentation on dispensary design and security by VALERE's James Sowell and Sapphire's Tony Gallo.",https://www.sapphirerisk.com/adult-use-cannabis-in-ohio/,"Research pass — 2026-08-14; QA'd 2026-08-14 | Batch 4 audit, 2026-08-15; source pages retrieved and reviewed | Pass 2 B2B relationship mapping (round 3), 2026-08-16; source pages retrieved and reviewed"
Hemp / CBD Products & Ancillary,Sarene Craft Beer Distributors — Ohio,Business,Joe Grabowski — Co-Owner,info@sarenecraft.com,929-360-0825,https://www.sarenecraft.com/,Ohio statewide / multi-state,Hemp / CBD; Hemp-derived THC; Beverage Distribution; Wholesale; Ohio Statewide Service,Source-verified,"Independent beverage distributor whose current first-party site confirms statewide Ohio service. The U.S. Hemp Roundtable identifies Sarene as specializing in hemp-derived beverages, and 2026 Ohio litigation records document its Grove City-based Ohio operation as part of the challenge involving hemp THC beverage distribution.",https://www.sarenecraft.com/ | https://www.sarenecraft.com/contact-us | https://hempsupporter.com/organization/sarene-craft-beer-distributors/ | https://www.cannabisbusinesstimes.com/us-states/ohio/news/15819113/ohio-brewing-companies-sue-to-keep-hemp-thc-beverages-legal,Hemp / CBD research pass — 2026-08-22; source pages retrieved and reviewed
Hemp / CBD Products & Ancillary,Saucy Seltzer / Saucy Brew Works,Business,Brent Zimmerman — Co-Founder & CEO,hello@vibesbysaucy.com,216-666-2568,https://vibesbysaucy.com/,Cleveland / Columbus / Ohio,Hemp / CBD; Hemp-derived THC; THC Beverages; CBD; CBG; CBN; Wholesale; Retail Partnerships,Source-verified,"Ohio hemp-derived cannabinoid beverage brand affiliated with Saucy Brew Works. The current product site lists THC/CBD/CBG/CBN seltzers, wholesale and retail-partnership routes, Cleveland contact details and lab documentation; current 2026 reporting confirms Ohio sales resumed under preliminary injunctive relief.",https://vibesbysaucy.com/pages/contact | https://vibesbysaucy.com/pages/faq | https://www.news5cleveland.com/news/local-news/we-follow-through/hemp-derived-thc-drinks-return-to-select-ohio-businesses-after-judge-blocks-new-law,Hemp / CBD research pass — 2026-08-22; source pages retrieved and reviewed
Out of scope — flagged for removal or separate list,Scioto County Welcome Center,Business,Friends of Scioto County Welcome Center — venue operator,,740-354-7541,https://www.sciotogives.org/welcome.html,Portsmouth / Southern Ohio; venue provenance only,Reference / Out of Scope,Source-verified,"FINAL DISPOSITION — out of scope. The Welcome Center is a legitimate community meeting/banquet venue and hosted the July 24, 2026 Ohio Cannabis Expo, but it is an event-logistics relationship rather than an Ohio cannabis provider/operator/nonprofit. Retain only in venue/provenance tracking and exclude from the shareable provider directory.",https://www.ohiocannabisexpo.com/ | https://www.ohiocannabisexpo.com/exhibitors | https://www.sciotogives.org/welcome.html,"IgniteIt Network | Out-of-scope disposition cleanup, 2026-08-23; current expo and community-space pages reviewed"
Security & Cash Logistics,Security 101 — Columbus,Business,,columbus-service@security101.com,855-415-2101,https://www.security101.com/columbus,Greater Columbus,Security / Cash Logistics,Source-verified,"Current Columbus office, phone and service email verified. Security 101 publishes cannabis-sector security capabilities, but the available examples do not establish an Ohio cannabis/DCC project. Retained as an Ohio commercial integrator with national cannabis capability; no Ohio cannabis engagement is claimed. No current named Columbus contact was published, so the unverified person was removed.",https://www.security101.com/columbus | https://www.security101.com/blog/cannabis-industry-3-risks-of-choosing-the-wrong-security-system,"Research pass — 2026-08-14; QA'd 2026-08-14 | Batch 5 audit, 2026-08-15 | Security & Cash Logistics source-repair pass; source URLs retrieved and reviewed 2026-08-22"
Marketing & Media,Seedless Media,Business,Steve Knapp — President / Founder,hello@seedless.media,,https://seedless.media/cannabis-marketing-agency-cleveland-seedless-media/,Ohio-serving (Cleveland/Akron focus); headquartered outside Ohio,Marketing / Media; Media / Publication,Source-verified,"Current dedicated Cleveland/Ohio cannabis-marketing presence that explicitly discusses Ohio/DCC compliance. Geography stated precisely: Ohio-serving, not Ohio-headquartered. TITLE CORRECTED: an older first-party profile called Knapp founder and CEO; a newer 2026 first-party article describes current leadership as ""CEO Tom and President Steve."" Same founder, now President rather than CEO — old CEO title not retained.",https://seedless.media/cannabis-marketing-agency-cleveland-seedless-media/,"Research pass — 2026-08-14; QA'd 2026-08-14 | Batch 6 audit, 2026-08-15; source pages retrieved and reviewed | Pass 1 research (round 4), 2026-08-16; source pages retrieved and reviewed | Reconciliation pass against a duplicate/older-snapshot research round, 2026-08-16; source pages retrieved and reviewed | Marketing & Media audit, 2026-08-22; source pages retrieved and reviewed"
Legal & Licensing,"Seeley, Savidge, Ebert & Gourash Co., LPA (SSEG)",Business,Daniel F. Gourash — Partner; Brian C. Cruse — Partner,info@sseg-law.com,216-566-8200,https://sseg-law.com/practice-groups/regulated-products/,"Westlake, Ohio (Cleveland area); regional and national practice",Legal; Licensing,Source-verified,"MATERIAL CORRECTION — this row conflated two unrelated law firms. ""SSEG"" is Seeley, Savidge, Ebert & Gourash Co., LPA of Westlake, OH (founded 1978), which is where Daniel Gourash and Brian Cruse actually practice and which handles the regulated-products/cannabis work. Singerman, Mills, Desberg & Kauntz is a separate Beachwood firm with no connection to it; that association is severed. Independently confirmed via SSEG's own attorney profile for Gourash, the Cleveland Metropolitan Bar listing and Super Lawyers' firm page. Gourash's profile expressly covers advising companies in the cannabis and hemp industries.",https://sseg-law.com/practice-groups/regulated-products/,"Research pass — 2026-08-14; QA'd 2026-08-14 | Batch 6 audit, 2026-08-15; source pages retrieved and reviewed"
Nonprofit & Advocacy,Sensible Movement Coalition,Nonprofit,Pricilla Harris — Executive Director,,(216) 309-2027,https://www.sensiblemovement.org/,Ohio statewide / local ballot campaigns,Nonprofit / Advocacy; Policy Advocacy; Decriminalization; Local Ballot Initiatives; Grassroots Organizing,Source-verified,"Ohio-based nonprofit that develops and supports local cannabis-decriminalization ballot initiatives, with a mission centered on home-rule organizing, public education and citizen-led reform. The current first-party main site publishes an organization phone; the direct email link is not exposed as readable text, so no email was inferred. Current leadership is corroborated by the executive director's 2026 professional profile.",https://www.sensiblemovement.org/ | https://sensiblemovement.home.blog/ | https://ohiocapitaljournal.com/2023/05/02/ballot-to-legalize-recreational-marijuana-could-be-on-novembers-ballot/ | https://www.linkedin.com/in/pricilla-harris-2a992595,"Research pass — 2026-08-22; source pages retrieved and reviewed | Nonprofit & Advocacy outreach-enrichment pass, 2026-08-23; source pages retrieved and reviewed"
Cultivator / Processor / Dispensary,Shangri-La Dispensaries,Business,Nevil Patel — Founder & CEO; Dr. Kepal Patel — Co-Owner & President,info@slcann.com,513-417-8170,https://shangriladispensaries.com/contact-us/,"Monroe, Cleveland, Cincinnati, Delphos and Amelia, Ohio",Dispensary / Retail,Source-verified,Current official contact page supplies the organizational email and Cincinnati main phone. The larger Ohio footprint remains spread across multiple legal entities under the Shangri-La brand.,https://shangriladispensaries.com/contact-us/ | https://shangriladispensaries.com/ | Ohio DCC active licensee roster,"Pass 2A promotion — 12 confirmed candidates, 2026-08-17; source pages retrieved and reviewed | Operator outreach-enrichment pass, 2026-08-22; source pages retrieved and reviewed"
Banking & Financial Services,Shield Compliance,Business,Richard Drennan — Business Development Officer,richard@shieldbanking.com,425-276-8235,https://www.shieldbanking.com/company-news/shield-compliance-named-preferred-partner-by-the-community-bankers-association-of-ohio,Ohio,Banking / Financial Services; Regulatory Compliance,Source-verified,Current first-party evidence confirms Shield Compliance as a Community Bankers Association of Ohio preferred partner for cannabis-banking compliance.,https://www.shieldbanking.com/company-news/shield-compliance-named-preferred-partner-by-the-community-bankers-association-of-ohio,"Research pass — 2026-08-14; QA'd 2026-08-14 | Batch 8 audit, 2026-08-15; source pages retrieved and reviewed | Banking & Financial Services audit, 2026-08-22; source pages retrieved and reviewed"
Legal & Licensing,Sick & Co.,Business,Andy Sick — Founder,hello@sickandco.com,231-299-5500,https://sickandco.com/,Ohio and multiple U.S. markets,Legal; Licensing,Source-verified,Retained. The current first-party site identifies Ohio as an active market and describes Ohio DCC licensing and compliance consulting. Sick & Co. is a consulting firm and does not provide legal advice; founder Andy Sick is named on the site. No specific Ohio client is publicly identified.,https://sickandco.com/,"Research pass — 2026-08-14; QA'd 2026-08-14 | Batch 6 audit, 2026-08-15 | Pass 1 research (round 5), 2026-08-16; source pages retrieved and reviewed | Legal & Accounting issue-resolution pass, 2026-08-22; source pages retrieved and reviewed"
Marketing & Media,Signs By Tomorrow Cincinnati North,Business,Greg Girard — Owner,info@sbtcincinorth.com,513-942-5494,https://www.signsbytomorrow.com/cincinnatinorth/,Cincinnati / Southwest Ohio,Marketing / Media; Branding / Design; Signage / Graphics,Source-verified,"Cincinnati sign and graphics provider with a dedicated cannabis-industry offering. Dispensary products include exterior identification, dimensional lettering, pylon and electric signs, privacy film, window and wall graphics, lobby signage, floor graphics, curbside-pickup signs, banners, and vehicle graphics. Owns the Cincinnati North franchise, purchased in 2008.",https://www.signsbytomorrow.com/cincinnatinorth/cannabis-industry-signs,"Research pass — 2026-08-14; source pages retrieved and reviewed; Batch 11 audit — 2026-08-15; source pages retrieved and reviewed | Pass 1 research (round 11, from v54 queue), 2026-08-16; source pages retrieved and reviewed | Marketing & Media audit, 2026-08-22; source pages retrieved and reviewed"
Packaging & Labeling,Smith Corona,Business,Julia Rauhe — Digital Strategist,sales@smithcorona.com,800-875-7000,https://www.smithcorona.com/cannabis-labels.html,"Cleveland, Ohio manufacturing; nationwide",Packaging / Labeling; Printing / Labels,Source-verified,Strong first-party Ohio evidence: current cannabis-label operation manufacturing in Cleveland. Direct contact for content/digital matters; general cannabis-label sales route (sales@smithcorona.com | 800-875-7000) remains the primary contact.,https://www.smithcorona.com/customer-support.html,"Research pass — 2026-08-14; QA'd 2026-08-14 | Batch 9 audit, 2026-08-15; source pages retrieved and reviewed | Pass 1 research (round 8, from v51 queue), 2026-08-16; source pages retrieved and reviewed"
Testing Labs,"Smithers CTS Ohio, LLC",Business,Jen Bodine — Ohio Laboratory Director,,330-762-7441,https://www.smithers.com/industries/cannabis-testing/contact-us,Statewide / Columbus,Cannabis Testing; Compliance Testing; Potency Testing; Microbial Testing; Mold / Microbial,Source-verified,"ISO/IEC 17025:2017-accredited cannabis testing laboratory serving Ohio cultivators, processors and medical marijuana licensees. Smithers' current location page explicitly states that the Columbus lab is registered with the Ohio Division of Cannabis Control; verified 2026-08-14. Verified against the current Ohio DCC testing-laboratory roster: dual-use laboratory holding a Certificate of Operation under licence CCL000012-00. Lineage: the former Midway Labs licence passed to Smithers through acquisition — do not re-add Midway as a separate lab. Capability note: microbial and potency testing are tagged for every DCC-licensed laboratory because they form part of the state-mandated compliance panel every licensed lab must run — this is inferred from licensure, not from the lab's own marketing. Confirm the full test menu and any specialist capability directly.",https://elicense.com.ohio.gov/s/licensesearch | https://com.ohio.gov/divisions-and-programs/cannabis-control/about-dcc/licenses/testing-labs,Research pass — 2026-08-14; QA'd 2026-08-14; licence verified against Ohio DCC roster — 2026-08-15
Security & Cash Logistics,Solink,Business,,,844-635-7305,https://solink.com/solutions/cannabis-security/,United States and Canada; cloud platform compatible with most existing business cameras,Security / Cash Logistics,Source-verified,"Current first-party evidence confirms a cannabis-specific cloud video-security platform used by dispensaries across North America and compatible with most existing camera systems. Ohio availability is adequately established as a remote platform; confirm any installation partner, retention setting and service-level requirements for the specific site. Documented technology integration: Solink maintains a dedicated Flowhub integration page; Flowhub is also in this Directory.",https://solink.com/solutions/cannabis-security/,"Research pass — 2026-08-14; QA'd 2026-08-14 | Batch 5 audit, 2026-08-15 | Pass 1 research (round 3), 2026-08-16; source pages retrieved and reviewed | Pass 2 B2B relationship mapping, 2026-08-16; source pages retrieved and reviewed | Security & Cash Logistics pass, 2026-08-22; source pages retrieved and reviewed"
Banking & Financial Services,Solvent,Business,,success@solvent.io,970-403-5503,https://www.solvent.io/cannabis-banking/ohio,Ohio | United States,Banking / Financial Services; Payments / Merchant Services,Source-verified,"Current Ohio page offers cannabis banking placement and payment-processing support. Solvent is not itself a bank; it matches and onboards businesses to partner institutions. Vendor regulatory and provider-list prose is service guidance, not independent legal authority.",https://www.solvent.io/cannabis-banking/ohio | https://www.solvent.io/contact-us,"Banking & Financial Services audit, 2026-08-22; source pages retrieved and reviewed"
Cultivator / Processor / Dispensary,Southern Ohio Botanicals,Business,Art Robbins — Owner (known Anthony relationship),,Portsmouth: 740-259-4062 | Waverly: 740-496-4186,https://southernohiobotanicals.com/about/,Portsmouth / Southern Ohio,Cannabis Operator,Source-verified,Official site,https://southernohiobotanicals.com/contact/ | https://www.ohiocannabisexpo.com/,"Organizations | Warm Contacts | Batch 1 audit, 2026-08-15; source pages retrieved and reviewed"
Banking & Financial Services,Spendr,Business,Lucas Gould — Founder & CEO,hello@spendr.com | support@spendr.com,513-440-1590,https://www.spendr.com/faq,Ohio | United States,Banking / Financial Services,Source-verified,Current provider and live Ohio store locator confirm Ohio payment-service relevance.,https://www.spendr.com/business | https://www.spendr.com/store-locator,"Research pass — 2026-08-14; QA'd 2026-08-14 | Batch 8 audit, 2026-08-15; source pages retrieved and reviewed | Pass 1 research (round 7, from v50 queue), 2026-08-16; source pages retrieved and reviewed | Banking & Financial Services audit, 2026-08-22; source pages retrieved and reviewed"
Insurance,Spire Insurance Solutions,Business,"Tyler Bartosh — Vice President, CIC/CICS",service@thespireteam.com,800-686-8664,https://www.spireamerica.com/cannabis-insurance/,"Ohio (nationwide agency, HQ Traverse City MI)",Insurance,Source-verified,"Flag cleared: the thespireteam.com email domain is NOT a mismatch — Spire's own current website publishes service@thespireteam.com alongside 800-686-8664. This reverses an earlier caveat in this workbook that treated the domain difference as suspicious. Current Ohio cannabis coverage confirmed. Spire's cannabis page identifies Bartosh as a primary person on cannabis accounts specifically, not merely a corporate executive.",https://www.spireamerica.com/cannabis-insurance/,"Research pass — 2026-08-14; QA'd 2026-08-14 | Batch 4 audit, 2026-08-15; source pages retrieved and reviewed | Pass 1 research, 2026-08-16; source pages retrieved and reviewed | Reconciliation pass against a duplicate/older-snapshot research round, 2026-08-16; source pages retrieved and reviewed"
Marketing & Media,Spokes Digital,Business,Varun Patel — Founder & CEO; Lauren Laplante — CGO,innovate@spokesdigital.us,215-990-9298 | 415-841-2685,https://spokesdigital.us/consultation-form/,Ohio-serving; United States,Marketing / Media,Source-verified,"Current 2026 activity directly includes IgniteIt: Ohio Valley Cannabis Conference — IgniteIt is itself an entry in this Directory, so the Ohio engagement is corroborated on both sides. Named contacts added.",https://www.1888pressrelease.com/spokes-digital-to-showcase-cutting-edge-cannabis-marketing-s-pr-765828.html,"Research pass — 2026-08-14 | Batch 9 audit, 2026-08-15; source pages retrieved and reviewed | Marketing & Media audit, 2026-08-22; source pages retrieved and reviewed"
Marketing & Media,Springbig,Business,Andrew Jay Glashow — Chief Executive Officer,info@springbig.com,800-772-9172,https://springbig.com/,Statewide / Multi-Market,Marketing / Media,Source-verified,"This pass flagged the prior contact (Jeffrey Harris) as outdated and named Jaret Christopher as current CEO & President. Independent verification found that claim was itself already stale: Christopher departed as CEO effective May 28, 2026, and the Board appointed Andrew Jay Glashow as CEO effective July 10, 2026 — Glashow is current as of this update. Leadership here has changed three times within about a year; worth re-checking before outreach.",https://springbig.com/2020/11/13/springbig-becomes-first-cannabis-marketing-software-company-to-be-hipaa-certified/ | https://springbig.com/cannabis-loyalty/ | https://springbig.com/features/,"Organizations | Batch 3 audit, 2026-08-14; source pages retrieved and reviewed | Marketing & Media audit, 2026-08-22; source pages retrieved and reviewed"
Cultivator / Processor / Dispensary,Standard Wellness / The Forest,Business,"Jared Maloof — Co-Founder & CEO | Tiana Arriaga — VP, Product & Marketing",tarriaga@standardwellness.com,,https://www.standardwellness.com/contact/,"Vertically integrated, statewide Ohio distribution (multiple dispensaries)",Cannabis Operator,Source-verified,"A current company-published 2026 release names Tiana Arriaga as the media contact and provides her direct email; use it for press/brand inquiries, not as a general sales inbox. General inquiries still route through the official contact form, which says responses may take up to 48 business hours.",https://www.standardwellness.com/contact/ | https://www.standardwellness.com/ohio/ | https://ochbs.com/speakers/ | https://www.cannabismarketspotlight.com/ohio/home | https://www.standardwellness.com/blog/standard-wellness-announces-partnership-with-dabstract-to-expand-premium-concentrate-offerings-in-missouri/,"IgniteIt Network | Organizations | Speakers | Batch 1 audit, 2026-08-14; source pages retrieved and reviewed | Pass 2 B2B relationship mapping, 2026-08-16; source pages retrieved and reviewed | Operator outreach-enrichment pass, 2026-08-22; source pages retrieved and reviewed | Operator residual outreach-enrichment challenge pass, 2026-08-23; source pages retrieved and reviewed"
Events & Expos,Stargazer Cannabis Festival,Business,Chad Thompson — Organizer / Communications Director,,,https://www.stargazerfest.com/,Waverly / Southern Ohio,Events / Expos,Source-verified,"Stargazer Cannabis Festival was held June 12–14, 2026 at Adventures on the River, 9978 OH-220, Waverly. The official site remains active and says a 2027 edition is coming, but no 2027 dates were posted as of 2026-08-23. Chad Thompson’s organizer/communications role remains independently corroborated. FORM-ONLY TERMINAL: the site still republishes info@stargazerfest.com, but that address previously bounced and was not restored as usable contact data; corporate@stargazerfest.com is published only for privacy/data requests and was not repurposed. Use the official contact form.",https://www.stargazerfest.com/ | https://www.stargazerfest.com/privacy-policy | https://www.stargazerfest.com/privacy-policy/terms-and-conditions | https://abc6onyourside.com/news/local/how-to-earn-1k-by-judging-marijuana-in-ohio-columbus-pot-weed-cannabis-recreational-medical-waverly-stargazer-festival,"Events & Expos research pass — 2026-08-22; source pages retrieved and reviewed | Events currency QA — 2026-08-22; source pages retrieved and reviewed | Events & Expos outreach-enrichment pass, 2026-08-23; form-only terminal; bounced address not restored"
Insurance,Starwind Specialty Insurance Services,Business,"Charles Pyfrom — EVP, Sales + Distribution",cpyfrom@starwindins.com,805-813-4044,https://www.starwindins.com/cannabis,Nationwide,Insurance,Source-verified,Flag cleared; title upgraded. Email and 805-813-4044 remain current.,https://www.starwindins.com/cannabis,"Research pass — 2026-08-14; QA'd 2026-08-14 | Batch 4 audit, 2026-08-15; source pages retrieved and reviewed"
Real Estate / Build-Out,Stockmeister Services,Business,,info@stockmeister.com,740-286-8000 | Emergency: 740-286-2665,https://stockmeister.com/cannabis/,Ohio | Regional cannabis projects,Real Estate / Build-Out; Construction / Build-Out,Source-verified,"Current first-party cannabis construction offering and Ohio regional presence confirmed. No individual applies — cannabis and construction inquiries route through the company contact channel; no public cannabis lead designated. Documented client relationships: CannAscend (Wilmington, OH cannabis facility, listed among Stockmeister's completed projects — see the CannAscend Ohio Processing entry for the current-ownership correction this finding helped confirm) and, historically, the Strawberry Fields dispensary locations in Monroe, Dayton, Logan and Marietta — built under the original CannAscend dispensary ownership before Columbia Care's 2021 acquisition of that business. Those four locations now operate under the Columbia Care/Cannabist lineage; the construction relationship is retained as historical rather than a current Cannabist engagement.",https://stockmeister.com/contact-us/,"Research pass — 2026-08-14; QA'd 2026-08-14 | Batch 7 audit, 2026-08-15; source pages retrieved and reviewed | Pass 1 research (round 6), 2026-08-16; source pages retrieved and reviewed | Pass 2 B2B relationship mapping (round 2), 2026-08-16; source pages retrieved and reviewed"
Out of scope — flagged for removal or separate list,Stockton University,Business,Rob Mejia — Professor,Robert.Mejia@stockton.edu,,https://stockton.edu/cannabis-hemp-research-initiative/about.html,New Jersey; national education; no current Ohio operating nexus,Reference / Out of Scope; Academic,Source-verified,"FINAL DISPOSITION — out of scope. Stockton’s Cannabis & Hemp Research Initiative and Rob Mejia’s current cannabis-studies role are legitimate and first-party verified, but Stockton is a New Jersey academic institution without a current Ohio operating nexus. Retain as a speaker/academic reference and exclude from the shareable Ohio provider directory.",https://ochbs.com/speakers/ | https://stockton.edu/cannabis-hemp-research-initiative/about.html | https://stockton.edu/relations/experts-for-media.html,"Organizations | Speakers | Batch 3 audit, 2026-08-14; source pages retrieved and reviewed | Out-of-scope disposition cleanup, 2026-08-23; current Stockton faculty/program pages reviewed"
Cultivator / Processor / Dispensary,Story Cannabis,Business,Sadie Thompson — Published media contact (Proven Media),sadie@provenmedia.com,602-527-0794 | Columbus: 380-244-2705,https://storycannabis.com/contact-us/,"8 Ohio dispensaries: Cincinnati (x2), Cleveland (x2), Columbus, Coshocton, Dublin, Massillon",Cannabis Operator,Source-verified,"Ohio footprint confirmed across Columbus, Cincinnati, Cleveland, Massillon, Coshocton, Forest Park and Dublin. Documented vendor relationship: DEM360 (security/IT services) names this organization among its current cannabis clients. DEM360 is also an entry in this Directory. Specific Ohio-facility attribution is not established beyond DEM360's general client list.DCC roster-verified: all 8 locations confirmed active, but held under EIGHT different, unrelated-sounding legal entities (Canoe Hill Ohio 2 LLC, Cannavitz Ventures LLC, CH2B Ohio LLC, OHG10B LLC, Ohio Griz LLC, HWB Ohio LLC, Heritage Wellness Ohio LLC, CV10B LLC) with no shared naming pattern — a more fragmented corporate structure than most other multi-location Ohio operators in this Directory, worth noting for anyone trying to trace ownership.",https://www.provenmedia.com/press-releases/story-cannabis-company-opens-two-new-medical-dispensaries-in-cincinnati-ohio/,"Organizations | Batch 3 audit, 2026-08-14; source pages retrieved and reviewed | Pass 2 B2B relationship mapping (round 2), 2026-08-16; source pages retrieved and reviewed | DCC address-finding reconciliation pass, 2026-08-17; source pages retrieved and reviewed; roster-verified"
Legal & Licensing,StreamLine Cannabis Consulting,Business,Kody Miller — Owner (current public profile; verify at outreach),Streamlinecannabis@gmail.com,814-243-0613,https://streamlinecannabisconsulting.godaddysites.com/,"Ohio-based; Ohio, Pennsylvania, Maryland and additional markets",Legal; Licensing,Source-verified,"Retained. The first-party site says the consultancy was founded in Ohio, reports 14 dispensaries assisted and explicitly offers licensing and compliance work in Ohio. Kody Miller's current public professional profile lists Owner alongside his Bloom Medicinals Ohio general-manager role; confirm availability at outreach. No named Ohio client is publicly identified.",https://streamlinecannabisconsulting.godaddysites.com/ | https://streamlinecannabisconsulting.godaddysites.com/about-us | https://www.linkedin.com/in/kody-miller-1b5b86140,"Research pass — 2026-08-14; QA'd 2026-08-14 | Batch 6 audit, 2026-08-15 | Pass 1 research (round 5), 2026-08-16; source pages retrieved and reviewed | Legal & Accounting issue-resolution pass, 2026-08-22; source pages retrieved and reviewed"
Insurance,Strive Insurance Group,Business,David Stephens — Commercial Insurance Advisor,,405-341-0630,https://striveins.com/blog/cannabis-general-liability-insurance-ohio/,Ohio,Insurance; General Liability; Surety Bonds,Source-verified,"Ohio cannabis general liability and surety bonds confirmed on Strive's own Ohio-specific pages. Stale-risk flag from Pass 1: this name comes from an about page more than two years old. Given this project has already caught a company that changed CEOs twice within a year, confirm Stephens is still current before using this in outreach. CORRECTED: previously carried as ""Founder & Owner"" with a stale-risk flag from a 2+-year-old source. Current LinkedIn plus an independent Oklahoma commercial real estate association directory confirm his current Strive affiliation, but no first-party source supports a formal executive title — do not upgrade to President/CEO/Founder.",https://striveins.com/blog/cannabis-general-liability-insurance-ohio/,"Research pass — 2026-08-14; QA'd 2026-08-14 | Batch 5 audit, 2026-08-15; source pages retrieved and reviewed | Pass 1 research (round 2), 2026-08-16; source pages retrieved and reviewed | Reconciliation pass against a duplicate/older-snapshot research round, 2026-08-16; source pages retrieved and reviewed"
Out of scope — flagged for removal or separate list,Students for Sensible Drug Policy,Nonprofit,Kat Murti — Executive Director,outreach@ssdp.org | ssdp@ssdp.org,(202) 240-8860,https://ssdp.org/chapters/,United States; no current Ohio chapter identified,Nonprofit / Advocacy,Source-verified,"DISPOSITION — REFUTED for the current Ohio-scoped directory. SSDP is an active national youth drug-policy organization, but repeated 2026 review found no active Ohio chapter, current Ohio contact or Ohio-specific program in its official chapter materials. Retained only as provenance/separate-list context; the national outreach route remains valid.",https://ssdp.org/ | https://ssdp.org/chapters/,"Research pass — 2026-08-14; Ohio-presence verification pass — 2026-08-14; source pages retrieved and reviewed; Batch 10 audit — 2026-08-15; source pages retrieved and reviewed | Pass 1 research (round 10, from v53 queue), 2026-08-16; source pages retrieved and reviewed | Nonprofit issue-resolution pass, 2026-08-22; source pages retrieved and reviewed"
Real Estate / Build-Out,Studio Bliss,Business,Evan Bliss — Founder and Lead Architect,evan@studioblissla.com,323-873-8206,https://studioblissla.com/contact-2/,27+ U.S. states; explicit Ohio cannabis facility-design offering,Real Estate / Build-Out,Source-verified,"NUMERICAL CORRECTION: this workbook recorded ""30+ states documented""; the current site says 27+ U.S. states. Figure corrected downward to match the source. Ohio availability is separately settled — Studio Bliss now has an explicit Ohio cannabis facility-design offering. Documented current provider relationships: a January 2026 strategic partnership with PufCreativ (brand/digital strategy paired with architectural design) and a marketing engagement with TRIP, whose current case study describes effectively serving as Studio Bliss's marketing department (website rebuild, national SEO, content, social, email, executive branding; TRIP reports an estimated 14x return over 12 months). Both PufCreativ and TRIP are entries in this Directory. Neither relationship is Ohio-specific based on available evidence.",https://studioblissla.com/cannabis-dispensary-design/,"Research pass — 2026-08-14; QA'd 2026-08-14 | Batch 7 audit, 2026-08-15; source pages retrieved and reviewed | Pass 1 research (round 6), 2026-08-16; source pages retrieved and reviewed | Pass 2 B2B relationship mapping (round 3), 2026-08-16; source pages retrieved and reviewed"
Real Estate / Build-Out,Summit Construction Company,Business,Scott Montgomery — Director of Preconstruction,bids@summitconstruction.com,330-283-9444,https://www.summitconstruction.com/,Northeast and Central Ohio,Real Estate / Build-Out; Construction / Build-Out,Source-verified,"Current portfolio supports the Galenas cultivation facility project; Galenas is also an entry in this Directory. Documented client relationship: Galenas — a 10,000 SF Ohio cannabis cultivation facility, per Summit's own project page, which states Summit managed all aspects of construction including grow-process owner items, budget and schedule. Galenas is also an entry in this Directory.",https://www.summitconstruction.com/project/galenas-new-building | https://www.summitconstruction.com/contact,"Research pass — 2026-08-14; QA'd 2026-08-14 | Batch 7 audit, 2026-08-15; source pages retrieved and reviewed | Pass 1 research (round 6), 2026-08-16; source pages retrieved and reviewed | Pass 2 B2B relationship mapping (round 2), 2026-08-16; source pages retrieved and reviewed"
Cultivator / Processor / Dispensary,Supergood,Business,Darcie Fanhauser — Chief Financial Officer,hello@supergoodstore.com,234-703-0150,https://supergoodstore.com/store/ravenna/,"Ravenna, Ohio",Dispensary / Retail,Source-verified,"Current brand channels supply a direct organizational email and Ravenna store phone. Simple AG Ohio, LLC's second Canal Winchester license remains unassigned to the Supergood brand without first-party confirmation.",https://supergoodstore.com/store/ravenna/ | https://www.facebook.com/Supergood.OH/ | Ohio DCC active licensee roster (CCD000059-00),"Pass 2A promotion — 12 confirmed candidates, 2026-08-17; source pages retrieved and reviewed | Operator outreach-enrichment pass, 2026-08-22; source pages retrieved and reviewed"
Marketing & Media,Surfside,Business,Michael Blanche — Co-Founder & Co-CEO,hello@surfside.io,,https://surfside.io/commerce-media,United States and Canada,Marketing / Media,Source-verified,Current first-party material confirms an active cannabis commerce-media platform and broad dispensary/brand availability across the United States and Canada. Ohio-specific clients are not claimed; broad current availability resolves the former geography flag.,https://www.surfside.io/ | https://surfside.io/co-op | https://surfside.io/customers?pageType=customer-dispensary,"Research pass — 2026-08-14 | Batch 9 audit, 2026-08-15 | Pass 1 research (round 9, from v52 queue), 2026-08-16; source pages retrieved and reviewed | Marketing & Media audit, 2026-08-22; source pages retrieved and reviewed"
Technology,Sweed,Business,,sales@sweedpos.com,,https://www.sweedpos.com/ohio-cannabis-dispensary,Ohio,Technology; Regulatory Compliance,Source-verified,"Ohio service is confirmed by Sweed's current Ohio product page. The page misnames the regulator as the “Ohio Cannabis Control Commission”; retain that as a source caveat, but it is not an unresolved inclusion issue and must not be cited as current Ohio law.",https://www.sweedpos.com/ohio-cannabis-dispensary | https://www.sweedpos.com/,"Organizations | Batch 3 audit, 2026-08-14 | Pass 1 research, 2026-08-16; source pages retrieved and reviewed | Technology audit, 2026-08-22; source pages retrieved and reviewed"
Security & Cash Logistics,Talaria,Business,Ari Raptis — Founder & CEO,sales@talaria.com,484-704-2681,https://talaria.com/ohio/,"Ohio and 18 other states plus Washington, D.C.",Security / Cash Logistics,Source-verified,Ohio cannabis distribution/logistics directly confirmed via Talaria's own coverage page (Ohio listed as a distribution market) — distinguished from the broader banking/cash-management footprint rather than treating every Talaria service as having identical geographic coverage.,https://talaria.com/blog/associated-press-talaria-nsts-partnership-expansion-with-ethos/ | https://talaria.com/cash-services/ | https://talaria.com/banking/,"Organizations | Batch 3 audit, 2026-08-14; source pages retrieved and reviewed"
Out of scope — flagged for removal or separate list,TechPOS,Business,,,1-833-722-3663,https://techpos.com/,United States and Canada; no verified current Ohio deployment,Technology,Source-verified,"Moved to the retained separate-list/out-of-scope bucket after Ohio-referral review. TechPOS remains a current U.S./Canadian cannabis retail platform with Metrc capability, automatic purchase-limit checks, a demo route and published support phone. Its current site does not mention Ohio, and its named customer examples are outside Ohio; no Ohio operator/client or Ohio-specific OARRS/PMP configuration was found. Preserve as a national reference; do not present as Ohio-referral-safe without current Ohio evidence.",https://techpos.com/,"Research pass — 2026-08-14; QA'd 2026-08-14 | Batch 5 audit, 2026-08-15 | Pass 1 research (round 3), 2026-08-16; source pages retrieved and reviewed | Technology audit, 2026-08-22; source pages retrieved and reviewed | v67-TECH2 Technology disposition pass, 2026-08-23; current first-party platform and contact information retrieved and reviewed"
Real Estate / Build-Out,Terrapin Construction Group,Business,"William C. Goodin — VP, Project Development",info@terrapincg.com,,https://terrapincg.com/cannabis-facility-construction,"Nationwide (HQ Denver, CO); active Ohio presence including Columbus",Real Estate / Build-Out; Construction / Build-Out,Source-verified,"Correction to an earlier note in this workbook, which had swung too far the other way. An earlier pass corrected a wrong ""Columbus-based"" claim by stating Terrapin is Denver-HQ with only general Ohio project experience; that understated it. Terrapin currently has a Columbus-specific cannabis construction presence and documents an AYR Wellness project in Cleveland. Nationwide geography retained, Ohio/Columbus activity restored explicitly. Chosen deliberately over a generic senior executive: Goodin leads early-stage project strategy and client engagement through contract execution. Documented client relationship: AYR Wellness, a 60,000 SF Cleveland, OH cannabis facility — construction administration through occupancy, per Terrapin's own current project portfolio.",https://terrapincg.com/cannabis-facility-construction,"Research pass — 2026-08-14; QA'd 2026-08-14 | Batch 4 audit, 2026-08-15; source pages retrieved and reviewed | Pass 1 research, 2026-08-16; source pages retrieved and reviewed | Reconciliation pass against a duplicate/older-snapshot research round, 2026-08-16; source pages retrieved and reviewed | Pass 2 B2B relationship mapping, 2026-08-16; source pages retrieved and reviewed"
Cultivator / Processor / Dispensary,Terrasana Cannabis Co.,Business,Craig Maurer — Owner / Founder,hello@terrasanacannabisco.com,614-434-6929,https://terrasanacannabisco.com/about/,"7 current Ohio dispensaries; Columbus cultivation and processing; planned Akron, Canton and Zanesville dispensaries",Cannabis Operator; Cultivation; Processing; Dispensary / Retail,Source-verified,"Battle Green Holdings/BCR remains the current seven-store retail legal-entity pattern. CannaMed Therapeutics LLC is also a confirmed Terrasana-family DCC entity: its active Columbus cultivation license is CCC000017-00, while CCD000164-00 (Zanesville), CCD000249-00 (Canton) and CCD000250-00 (Akron) are provisional credentials tied by exact-address reporting to planned Terrasana stores. Those three addresses are not on Terrasana's current locator, so they are not counted as operating storefronts. Batch 3 also maps CannaMed Therapeutics Processing LLC / CCP000062-00 at 1225 Boltonfield St into the same Terrasana family by exact facility and legal-name lineage. That processor record is absent from the current DCC Current Roster tab, so its license activity is not independently counted as current.","https://terrasanacannabisco.com/contact/ | https://terrasanacannabisco.com/terms-of-use/ | https://apps.apple.com/us/developer/battle-green-holdings-llc/id1643961797 | https://www.yahoo.com/news/terrasana-cannabis-dispensary-opening-former-100320532.html | Ohio DCC Current Roster, CannaMed Therapeutics LLC / CCC000017-00, CCD000164-00, CCD000249-00 and CCD000250-00 | Batch 3 supplied DCC record, CannaMed Therapeutics Processing LLC / CCP000062-00","Organizations | Research cleanup — 2026-08-14 | Batch 1 audit, 2026-08-14; source pages retrieved and reviewed | DCC address-finding reconciliation pass, 2026-08-17; source pages retrieved and reviewed; roster-verified | DCC legal-entity → trade-name mapping Batch 2, 2026-08-23; source pages retrieved and reviewed; roster-verified | DCC legal-entity → trade-name mapping Batch 3, 2026-08-23; source pages retrieved and reviewed; roster-verified"
Marketing & Media,Terrayn,Business,,office@terrayn.com,412-844-5353,https://www.terrayn.com/contact/,North America / United States,Marketing / Media,Source-verified,Current first-party material confirms an active cannabis-marketing practice serving dispensaries across North America and hundreds of campaigns. Ohio-specific clients are not claimed; broad current availability satisfies the directory threshold. OUTREACH ROUTE (2026-08-23): the current official contact page publishes office@terrayn.com and 412-844-5353.,https://www.terrayn.com/ | https://www.terrayn.com/dispensary-marketing-agency-services/ | https://www.terrayn.com/contact/,"Research pass — 2026-08-14; QA'd 2026-08-14 | Batch 6 audit, 2026-08-15 | Pass 1 research (round 4), 2026-08-16; source pages retrieved and reviewed | Marketing & Media audit, 2026-08-22; source pages retrieved and reviewed | Marketing & Media outreach-enrichment pass, 2026-08-23; source pages retrieved and reviewed"
Staffing & HR,Tesseon,Business,,,800-345-0087,https://tesseon.com/contact-us/,United States; Missouri-based; Ohio client not publicly identified,Staffing / HR; Human Resources; Payroll,Source-verified,"Current first-party cannabis offering covers payroll, HR, onboarding, timekeeping, screening and 280E labor allocation, with a direct demo/contact route. Retained as a national cannabis-specialist platform; no Ohio client, deployment or state-specific implementation is asserted.",https://tesseon.com/who-we-serve/cannabis-industry/,"Research pass — 2026-08-14; QA'd 2026-08-14 | Batch 7 audit, 2026-08-15 | Pass 1 research (round 5), 2026-08-16; source pages retrieved and reviewed | Staffing & HR issue-resolution pass — 2026-08-22; current first-party cannabis and contact pages retrieved and reviewed"
Events & Expos,The 420 Olympics,Business,,,,https://www.eventbrite.com/e/the-3rd-annual-420-olympics-tickets-1983394873458,Cleveland / Northeast Ohio,Events / Expos,Source-verified,"The 3rd Annual 420 Olympics was held April 18, 2026 at Connect Studios in Cleveland and was organized by Fruition Enterprises. The organizer maintains a current Eventbrite profile, but no fourth-edition date or separate organizer website is published. FORM-ONLY TERMINAL: Eventbrite’s organizer Contact control is the defensible public route; no individual organizer, email or phone is inferred.",https://www.eventbrite.com/e/the-3rd-annual-420-olympics-tickets-1983394873458 | https://www.eventbrite.com/o/fruition-enterprises-108076731171 | https://docmj.com/ohio/cleveland/420-olympics/,"Events & Expos research pass — 2026-08-22; source pages retrieved and reviewed | Events currency QA — 2026-08-22; source pages retrieved and reviewed | Events & Expos outreach-enrichment pass, 2026-08-23; Eventbrite form-only terminal verified"
Cultivator / Processor / Dispensary,The Botanist (Acreage Holdings),Business,"Patrick Corrigan — Manager, Strategic Initiatives (Acreage)",columbus@shopbotanist.com,614-924-2155,https://shopbotanist.com/locations/columbus-dispensary/,"Akron, Canton, Cleveland (x2), Columbus, Solon and Wickliffe, Ohio (7 locations)",Cannabis Operator,Source-verified,"Current Ohio footprint confirmed in Akron, Canton, Columbus, Solon and Wickliffe. Documented technology/vendor stack (Ohio-applicable): Dutchie's own E-Commerce Pro case study names four Certified Partners working together on The Botanist's rebuild — LeafBridge (development), PufCreativ (design), DEEPROOTS (SEO), and, per Dutchie's fuller case study, POINT BRAND Marketing Agency (strategy/replatform lead). The case study includes Canton, Ohio store imagery. Reported results (49% increase in new online customers, 55% increase in organic clicks, 44% improvement in average non-brand ranking) are vendor-published case-study figures, not independently audited — preserved with that attribution. Dutchie, PufCreativ and DEEPROOTS are also entries in this Directory.DCC LEGAL ENTITY CONFIRMED via roster gap scan: The Botanist is operated by Greenleaf Apothecaries, LLC (7 active Ohio dispensary licenses — Akron, Canton, Cleveland x2, Columbus, Solon, Wickliffe — a larger footprint than the 5 previously on file). The same corporate family holds Greenleaf Gardens, LLC (cultivator, Middlefield) and Greenleaf Therapeutics, LLC (processor, Middlefield, same 70,000 sq ft facility) — a fully vertically integrated Ohio operation, all under Acreage Holdings via a 2018 acquisition (originally structured as a licensed management agreement that drew Ohio Board of Pharmacy scrutiny before a 2019 settlement; fully acquired by 2021). Greenleaf reports supplying wholesale product to roughly 40 of Ohio's dispensaries beyond its own stores.",https://shopbotanist.com/locations/columbus-dispensary/,"Organizations | Batch 3 audit, 2026-08-14; source pages retrieved and reviewed | Pass 2 B2B relationship mapping (round 4), 2026-08-16; source pages retrieved and reviewed"
Accounting & Tax,The Canna CPAs,Business,Sandy Suchoff — CPA & Founder,info@thecannacpas.com,(833) 272-2262,https://thecannacpas.com/,Statewide / Multi-Market,Accounting; Tax,Source-verified,,https://cannacon.org/seminar-location/midwest-lansing-2025/ | https://thecannacpas.com/contact/,"Organizations | Speakers | Batch 1 audit, 2026-08-15; source pages retrieved and reviewed"
Consulting,The Cannabis Business Advisors,Business,Maxime Kot — President and part owner,Info@TheCannabisBusinessAdvisors.com,602-290-9424,https://thecannabisbusinessadvisors.com/ohio-cannabis-policy-update/,Ohio and nationwide,Consulting; Regulatory Compliance,Source-verified,"Ohio market-entry and compliance strategy plus licensing preparation, operational analysis, policies and procedures, business development, M&A and expansion support. Team bios document advisors holding Ohio marijuana business licenses.",https://thecannabisbusinessadvisors.com/about/ | https://thecannabisbusinessadvisors.com/ohio-cannabis-policy-update/,Research pass — 2026-08-14; source pages retrieved and reviewed; Batch 10 audit — 2026-08-15; source pages retrieved and reviewed
Nonprofit & Advocacy,The Cannabis Chamber of Commerce,Nonprofit,Cannabis Chamber Membership / Partnership Team,Info@TheCannabisChamber.com,,https://www.thecannabischamber.com/,Statewide / Multi-Market,Nonprofit / Advocacy,Source-verified,Official site,https://www.thecannabischamber.com/contact | https://www.ohiocannabisexpo.com/,"Organizations | Warm Contacts | Batch 1 audit, 2026-08-15; source pages retrieved and reviewed"
Marketing & Media,The Cannabis Marketing Agency,Business,Eric Allred — Founder & Head of Product,,909-274-9641,https://www.thecannabismarketingagency.com/contact-us,Ohio statewide,Marketing / Media; Advertising,Source-verified,"Retained in the publishable Ohio referral set. The current first-party site explicitly states that the agency helps early operators in Ohio and maintains an Ohio market page, clearing the Ohio-deployment threshold. The former hello@thecannabisadagency.com mailbox permanently failed with status 5.1.3 and remains removed. Current outreach is the published 909-274-9641 phone plus the official contact/booking form; no replacement email was inferred. The Ohio regulatory page is service evidence only and should not be cited as current DCC law.",https://www.thecannabismarketingagency.com/ | https://www.thecannabismarketingagency.com/contact-us | https://www.thecannabismarketingagency.com/dispensary-marketing/ohio,"Research pass — 2026-08-14 | Batch 9 audit, 2026-08-15; source pages retrieved and reviewed | Pass 1 research (round 9, from v52 queue), 2026-08-16; source pages retrieved and reviewed | Marketing & Media audit, 2026-08-22; source pages retrieved and reviewed | Gmail outreach bounce reconciliation, 2026-08-22; delivery diagnostics reviewed | Marketing & Media national-padding disposition, 2026-08-23; current source pages retrieved and reviewed"
Nonprofit & Advocacy,The Cannabis Museum,Nonprofit,Don E. Wirtshafter — Founder / Board Member | Kristyn Robinson — Director,info@cannabismuseum.com | kristyn@cannabismuseum.com,740-331-4558,https://cannabismuseum.com/,Athens / Statewide,Nonprofit / Advocacy; Education / Research,Source-verified,"Ohio historical, educational and research cannabis museum in Athens. IRS-listed entity name: ""Ars Medica The Archive of Botanical Medicene"" (spelling as it appears in the IRS record), EIN 83-2062881, tax-exempt since October 2018; the latest Form 990 confirms continued 501(c)(3) operation. Collection exceeds 12,000 artifacts; visits by appointment. Distinct from the other Athens-area entries in this Directory (Vext Science / Herbal Wellness Center, Mavuno of Ohio, DEM360), which are commercial operators. WOUB independently records the 501(c)(3) status, the 16050 Canaanville Road address in Athens and the October 2018 establishment date. Note a figure discrepancy in the organization's own materials: the current site states 12,000+ artifacts while its archived About page states 10,000+; the higher figure is the current one.","https://cannabismuseum.com/ | https://woub.org/event/cannabis-museum-participates-in-ohio-open-doors/ | IRS Form 990 filings under EIN 83-2062881, via ProPublica Nonprofit Explorer",Research pass — 2026-08-15; source pages retrieved and reviewed; Batch 11 audit — 2026-08-15; source pages retrieved and reviewed
Cultivator / Processor / Dispensary,The Cannabist Company / Columbia Care Ohio,Business,"Lee Ann Evans — SVP, Capital Markets",investor@cannabistcompany.com,,https://www.cannabistcompany.com/contact-us,"Ohio — statewide cultivation, manufacturing/wholesale and retail footprint",Cannabis Operator; Processing,Source-verified,"Current Ohio parent/operator record. A February 5, 2026 Ohio Attorney General filing identifies The Cannabist Company as owning and operating CannAscend Ohio Processing, LLC; see that separate licensed-processor entry. Cannabist announced a March 23, 2026 agreement to sell its Ohio operating subsidiaries to Holistic Industries for $47 million, subject to court approval and customary closing conditions and expected in Q3 2026. No closing announcement was found as of 2026-08-23, so Cannabist remains the current recorded parent and Holistic is treated only as a pending acquirer.",https://www.cannabistcompany.com/contact-us | https://investors.cannabistcompany.com/news-releases/news-release-details/cannabist-company-expands-ohio-footprint-opening-cannabist-saint | https://www.ohioattorneygeneral.gov/Files/Briefing-Room/News-Releases/State-of-Ohio-v-Ascend-Wellness-et-al.aspx | https://investors.cannabistcompany.com/news-releases/news-release-details/cannabist-company-announces-strategic-transactions-and-initiates,"Organizations | Batch 2 audit, 2026-08-14; source pages retrieved and reviewed | CannAscend ownership reconciliation pass, 2026-08-23; DCC, state and first-party source pages retrieved and reviewed"
Cultivator / Processor / Dispensary,The Garden Club Dispensary,Business,,,513-386-8027,https://gardenclubdispensaries.com/ohio/dispensary-near-pleasant-run-farm/,Springdale dispensary; Columbus cultivation and processing,Cannabis Operator; Cultivation; Processing; Dispensary / Retail,Source-verified,"Current first-party footer identifies Green Investment Partners LLC dba The Garden Club and license CCD000182-00 at 109 W Kemper Rd, Springdale. The same legal entity also holds active Columbus cultivation CCC000026-00 and processor CCP000024-00 credentials, establishing a vertically integrated Ohio operator. Distinct from King City Gardens' retail brand, The Garden.","https://gardenclubdispensaries.com/ohio/dispensary-near-pleasant-run-farm/ | Ohio DCC Current Roster, Green Investment Partners LLC / CCC000026-00, CCD000182-00 and CCP000024-00","DCC legal-entity → trade-name mapping Batch 2, 2026-08-23; source pages retrieved and reviewed; roster-verified"
Marketing & Media,The Hood Collective,Business,"Decater ""Doc"" Collins — Founder & CEO / Lead Curator",doc@hoodcollective.com,317-400-4792,https://www.hoodcollective.com/contact,"Throughout Ohio — Columbus, Cleveland, Cincinnati, Dayton and Akron",Marketing / Media,Source-verified,"Geography issue cleared on strong first-party evidence: the current page explicitly states it serves cannabis companies throughout Ohio, including the named metros, both remotely and in person.",https://www.hoodcollective.com/ohio-cannabis-marketing,"Research pass — 2026-08-14 | Batch 9 audit, 2026-08-15; source pages retrieved and reviewed | Pass 1 research (round 9, from v52 queue), 2026-08-16; source pages retrieved and reviewed | Marketing & Media audit, 2026-08-22; source pages retrieved and reviewed"
Nonprofit & Advocacy,The Mobility Independence Foundation (MIF),Nonprofit,Thomas Quiter — President & Founder,thomas@themif.org,607-373-7277,https://themif.org/action/contact/,Region to confirm,Nonprofit / Advocacy; Policy Advocacy,Source-verified,"Title corrected: Quiter's own site, X/social bios and multiple independent event bios list him as President and Founder, not CEO. His own bio also self-identifies as a Disabilities & Cannabis Advocate, so MIF's relevance here may extend beyond ecosystem/event adjacency, though it remains a nonprofit rather than a plant-touching business. Current official outreach materials publish Thomas Quiter's direct MIF email; the 2026 Abilities Expo exhibitor listing publishes the organization phone.","https://themif.org/ | https://themif.org/action/contact/ | https://www.linkedin.com/posts/the-mobility-independence-foundation_communityconcepts-mobilityindependence-activity-7369838331570003968-NLSU | https://www.abilities.com/chicago/exhibitors-for-screenreaders | https://thepowertomovefilm.com/ | named by Travis Vought, 12 Aug 2026","Organizations | Speakers | Batch 1 audit, 2026-08-14; source pages retrieved and reviewed | Nonprofit & Advocacy outreach-enrichment pass, 2026-08-23; source pages retrieved and reviewed"
Cultivator / Processor / Dispensary,The Mothership Cannabis Dispensary,Business,Clair Hobson & Tom Hobson — Owners,info@mothershipdispensary.com,330-422-8990,https://mothershipdispensary.com/contact/,"Streetsboro, Ohio",Dispensary / Retail,Source-verified,"Current official contact page supplies a direct organizational email and store phone. FN Group Holdings, LLC remains the DCC legal entity; the Hobsons' shared ownership with Wellspring Fields remains a documented relationship.",https://mothershipdispensary.com/contact/ | Ohio DCC active licensee roster (CCD000168-00),"Pass 2A promotion — 12 confirmed candidates, 2026-08-17; source pages retrieved and reviewed | Operator outreach-enrichment pass, 2026-08-22; source pages retrieved and reviewed"
Events & Expos,The Ohio Classic / The Classic Events,Business,James Keyes — Founder,info@theclassicevents.com,,https://theclassicevents.com/,Kettering / Dayton region; multi-market Classic series,Events / Expos; Cannabis Networking; Golf Event; Sponsorships; Brand Activations; Fundraising; Brain Tumor Research,Source-verified,"The 2026 Ohio Classic was held July 13, 2026 at NCR Country Club in Kettering. Current official event pages and business-controlled posts resolve the prior venue conflict in favor of NCR Country Club, not Pinnacle Golf Club. James Keyes remains confirmed as founder/owner, and The Classic Events continues as an active multi-market series. Current organizer-controlled sponsorship outreach publishes info@theclassicevents.com as the direct event route.",https://theclassicevents.com/ | https://theclassicevents.com/events/ | https://theclassicevents.com/theohioclassic | https://www.instagram.com/theohioclassic/ | https://www.linkedin.com/company/theclassicevents | https://www.linkedin.com/in/bokeyes | https://www.cannabismarketspotlight.com/ohio/speaker/1922086/james-keyes,"Events & Expos research pass — 2026-08-22; source pages retrieved and reviewed | Events currency QA — 2026-08-22; source pages retrieved and reviewed | Events & Expos outreach-enrichment pass, 2026-08-23; direct event inbox verified"
Out of scope — flagged for removal or separate list,The Source Marketing Group,Business,Kristin McFarland — Founder & CEO,cannabis@sourcemarketinggroup.com | info@sourcemarketinggroup.com,970-732-2257,https://sourcemarketinggroup.com/contact/,Colorado-centered / United States; no current Ohio cannabis client/project established,Marketing / Media,Source-verified,"Retained on the separate list as a current cannabis email, web and marketing agency, but removed from the publishable Ohio referral set. The current first-party portfolio names clients in other markets and does not establish a current Ohio-licensed cannabis client or Ohio project. Existing organizational outreach routes remain usable.",https://sourcemarketinggroup.com/ | https://sourcemarketinggroup.com/cannabis/,"Research pass — 2026-08-14 | Batch 9 audit, 2026-08-15 | Pass 1 research (round 9, from v52 queue), 2026-08-16; source pages retrieved and reviewed | Marketing & Media audit, 2026-08-22; source pages retrieved and reviewed | Marketing & Media national-padding disposition, 2026-08-23; current source pages retrieved and reviewed"
Staffing & HR,The United Green,Business,Craig Petersmark — Founder & CEO,info@theunitedgreen.com,947-886-2427,https://www.theunitedgreen.com/,Michigan-headquartered; nationwide,Staffing / HR; Staffing / Recruiting,Source-verified,Cannabis staffing operation current; existing phone and email hold.,https://www.theunitedgreen.com/,"Research pass — 2026-08-14; QA'd 2026-08-14 | Batch 7 audit, 2026-08-15; source pages retrieved and reviewed | Pass 1 research (round 5), 2026-08-16; source pages retrieved and reviewed"
Cultivator / Processor / Dispensary,Theory Wellness,Business,Brandon Pollock — CEO,,614-541-3399,https://theorywellness.org/ohio-dispensary/,"Sherwood and Columbus, Ohio",Dispensary / Retail,Source-verified,"DCC-licensed dispensary at two Ohio locations, plus a separately-licensed Ohio processor (Sun Theory Ohio, LLC) — a vertically integrated Ohio operation. ""Theory Wellness of Ohio Retail, LLC dba Theory Wellness"" confirmed via an official DCC product-recall notice. Employee-owned, Massachusetts-founded (2015), also operating in ME, VT, NH and NJ. Pollock directly quoted as CEO in the company's own press releases for both Ohio store openings.","Ohio DCC active licensee roster (CCD000123-00; CCD000200-00; also CCP000065-00 (Sun Theory Ohio, LLC — processor)); https://theorywellness.org/ohio-dispensary/","Pass 2A promotion — 12 confirmed candidates, 2026-08-17; source pages retrieved and reviewed"
Cultivator / Processor / Dispensary,Therapy Cannabis,Business,,info@therapycannabis.com,216-471-8278,https://www.therapycannabis.com/contact/,"Cleveland and Cincinnati, Ohio",Dispensary / Retail,Source-verified,Current official contact page supplies a direct organizational email and Cleveland phone. Both Ohio licenses remain under Green Power OH LLC; this brand remains distinct from similarly named operators.,https://www.therapycannabis.com/contact/ | Ohio DCC active licensee roster (CCD000086-00; CCD000146-00),"DCC address-finding reconciliation pass, 2026-08-17; source pages retrieved and reviewed; roster-verified | Operator outreach-enrichment pass, 2026-08-22; source pages retrieved and reviewed"
Cultivator / Processor / Dispensary,Thrive Wellness,Business,"Jon Levine — Chief Executive Officer, MariMed Inc.",hschacter@marimedinc.com,781-277-0007,https://ir.marimedinc.com/,"Tiffin, Ohio",Dispensary / Retail,Source-verified,"DCC-licensed dispensary. Operated by MariMed Inc., a publicly traded multi-state cannabis operator (CSE: MRMD / OTCQX: MRMD). Jon Levine directly quoted as CEO in the company's own press releases (2023 opening, 2024 adult-use launch). Company media contact is Howard Schacter, Chief Communications Officer — used here rather than the CEO's direct line, consistent with how this Directory handles public-company contacts elsewhere.",Ohio DCC active licensee roster (CCD000073-00); https://ir.marimedinc.com/,"Pass 2A promotion — 12 confirmed candidates, 2026-08-17; source pages retrieved and reviewed"
Marketing & Media,ThrivePOP,Business,Michele Ringelberg — Owner / CEO,howdy@thrivepop.com,844-822-5016,https://thrivepop.com/contact-us/,United States; Ohio market guidance,Marketing / Media,Source-verified,"Cannabis marketing practice is legitimate. SOURCE DATING: the Ohio-law material on file from this firm is from 2024 and should be cited as historical guidance, not as current 2026 regulatory authority. A May 2026 company announcement independently confirms her as the firm's leader.",https://thrivepop.com/cannabis-industry/ | https://thrivepop.com/ohio-cannabis-marketing-laws-made-easy/,"Research pass — 2026-08-14 | Batch 9 audit, 2026-08-15; source pages retrieved and reviewed | Pass 1 research (round 9, from v52 queue), 2026-08-16; source pages retrieved and reviewed | Marketing & Media audit, 2026-08-22; source pages retrieved and reviewed"
Hemp / CBD Products & Ancillary,Titan Logistics Group LLC / TLGDistro / 420 Craft Beverages,Business,Wesley Bryant — Founder,wbryant@420craftbeverages.com,843-822-2802,https://www.tlgdistro.com/,Cleveland / Ohio / multi-state,Hemp / CBD; Hemp-derived THC; Beverage Distribution; Wholesale; Retail Logistics; Compliance; Brand Portfolio,Source-verified,"Hemp-derived and non-alcoholic beverage distributor founded by the team behind 420 Craft Beverages, including Blind Tiger Sodas, Gata Juice and Reef Shark Seltzers. Its current site documents 50+ brands, service across 10 states, retail-partner onboarding, compliance support and an Ohio sales territory; Titan is also the lead plaintiff in the 2026 federal Ohio hemp case.",https://www.tlgdistro.com/about | https://www.tlgdistro.com/team | https://ohiocapitaljournal.com/2026/07/20/ohio-federal-judge-issues-preliminary-injunction-allowing-ten-businesses-to-sell-hemp-products/,Hemp / CBD research pass — 2026-08-22; source pages retrieved and reviewed
Consulting,Travis Vought — Cannabis Ecosystem Mapping & Strategy,Individual,Travis Vought,,614-623-6330,https://www.linkedin.com/in/travisvought,Statewide (Ohio); remote strategic work,Consulting; Regulatory Compliance,Source-verified,"Owner-supplied direct phone added. Public materials support Ohio cannabis ecosystem mapping, data, operational, governance and strategy work. The listing remains narrowed to demonstrated services and does not assert a standalone banking-readiness product or undisclosed client work.","Owner-supplied business contact, 2026-08-23 | https://www.linkedin.com/in/travisvought | https://www.linkedin.com/posts/travisvought_artificialintelligence-ohiocannabis-datastrategy-activity-7493464490655584256-tkGA | https://www.facebook.com/travis.vought/posts/ohio-cannabis-ecosystem-directory-updateda-free-categorized-contact-list-for-ohi/10238207934151936/","Added per Travis's request | Consulting issue-resolution pass — 2026-08-22; public LinkedIn profile and Ohio cannabis directory posts retrieved and reviewed | Consulting outreach-enrichment pass, 2026-08-23; source pages retrieved and reviewed"
Packaging & Labeling,Tree Street Packaging,Business,Billy J. Crum Jr. — Owner,info@treestreetpackaging.com,269-436-0936,https://treestreetpackaging.com/,United States; free U.S. shipping stated,Packaging / Labeling,Source-verified,"Current first-party site confirms custom packaging, labels and related products for cannabis brands nationwide and explicitly states free U.S. shipping, subject to restrictions. Ohio ordering availability is therefore established at the vendor level. Retained as a national cannabis-packaging supplier; no Ohio client or state-specific compliance guarantee is claimed.",https://treestreetpackaging.com/ | https://treestreetpackaging.com/collections/all,"Research pass — 2026-08-14; QA'd 2026-08-14 | Batch 9 audit, 2026-08-15 | Pass 1 research (round 8, from v51 queue), 2026-08-16; source pages retrieved and reviewed | Packaging/Hemp evidence-repair pass; source URLs retrieved and reviewed 2026-08-22"
Out of scope — flagged for removal or separate list,Treez / TreezPay (formerly Swifter; acquired),Business,,,510-764-3869,https://www.treez.io/treezpay-creditcards,United States; no verified current Ohio deployment,Banking / Financial Services,Source-verified,"Moved to separate-list/out-of-scope after current referral-safety review. Treez documents processor-dependent card and ACH flows, store-level bank underwriting, and BarterPay Credit among integrated offerings. Current first-party materials do not establish an Ohio deployment or disclose the sponsor/acquirer/card-network architecture; prior Ohio wording could not be reproduced, and Treez does not appear on Metrc's current validated-integrator list.",https://www.treez.io/treezpay-creditcards | https://www.treez.io/treezpay | https://support.treez.io/en/articles/10093826-treezpay-application-center | https://support.treez.io/en/articles/11156052-treezpay-ecommerce-widget | https://support.treez.io/en/articles/11534550-june-13th-2025 | https://www.metrc.com/validated-integrators/,"Research pass — 2026-08-14; QA'd 2026-08-14 | Batch 8 audit, 2026-08-15 | Banking & Financial Services audit, 2026-08-22; source pages retrieved and reviewed | Rechecked 2026-08-23; current TreezPay pages and help center reviewed | Banking & Financial Services disposition pass, 2026-08-23; source pages retrieved and reviewed"
Staffing & HR,TrimForce,Business,,service@merit-source.com,888-933-3847,https://www.trim-force.com/,Ohio | National,Staffing / HR,Source-verified,"Strong current Ohio evidence: TrimForce has a dedicated Ohio service presence, operates under MERITSOURCE, and the existing phone/email route remains consistent. No individual applies — employer inquiries routed through the MeritSource service channel.",https://www.trim-force.com/ohio,"Research pass — 2026-08-14; QA'd 2026-08-14 | Batch 6 audit, 2026-08-15; source pages retrieved and reviewed | Pass 1 research (round 5), 2026-08-16; source pages retrieved and reviewed"
Marketing & Media,Trip,Business,Julio Soriagalvarro — Founder,info@tripstudio.co,804-215-6706,https://tripstudio.co/contact/,United States nationwide — 33+ states,Marketing / Media,Source-verified,Current first-party services page explicitly states nationwide coverage across 33+ states. Ohio-specific client work is not claimed; current nationwide availability resolves the service-area issue. OUTREACH ROUTE (2026-08-23): the current official contact page publishes info@tripstudio.co and 804-215-6706; the current team page reconfirms Julio Soriagalvarro as founder.,https://tripstudio.co/services/ | https://tripstudio.co/contact/ | https://tripstudio.co/team/,"Research pass — 2026-08-14; QA'd 2026-08-14 | Batch 6 audit, 2026-08-15 | Pass 1 research (round 4), 2026-08-16; source pages retrieved and reviewed | Pass 2 B2B relationship mapping (round 3), 2026-08-16; source pages retrieved and reviewed | Marketing & Media audit, 2026-08-22; source pages retrieved and reviewed | Marketing & Media outreach-enrichment pass, 2026-08-23; source pages retrieved and reviewed"
Consulting,Triumvirate Environmental,Business,John McQuillan — Founder & CEO,,888-834-9697,https://www.triumvirate.com/,Ohio / Midwest / United States,Consulting; Permitting; Waste Disposal; Hazardous Waste; EHS / OSHA / EPA; Respiratory Safety; Recycling; Employee Training; Environmental Monitoring,Source-verified,"Provides cannabis-facility EHS programs, hazardous and nonhazardous waste transportation and disposal, onsite collection, manifests, OSHA and EPA programs, emergency-action planning, respiratory-safety services, permitting, laboratory relocation, recycling, and employee training. Its official Midwest service page explicitly lists Ohio among the states served. A 2025 investment announcement confirms McQuillan and management remain in their roles.",https://www.triumvirate.com/services/cannabis-enterprises | https://www.triumvirate.com/locations/midwest,"Research pass — 2026-08-14; source pages retrieved and reviewed; Batch 11 audit — 2026-08-15; source pages retrieved and reviewed | Pass 1 research (round 12, final), 2026-08-16; source pages retrieved and reviewed"
Staffing & HR,Trovaro,Business,,,773-394-2122,https://gotrovaro.com/,"United States, Canada and Mexico; Chicago-based; Ohio work not publicly identified",Staffing / HR; Staffing / Recruiting,Source-verified,"Current cannabis staffing, recruiting and executive-search operation serving North America's medical and adult-use markets across professional and operational functions. Retained as a national specialist; no Ohio client, placement or engagement is asserted. Organizational hiring route retained.",https://gotrovaro.com/ | https://www.linkedin.com/company/trovaro,"Research pass — 2026-08-14; QA'd 2026-08-14 | Batch 7 audit, 2026-08-15 | Pass 1 research (round 5), 2026-08-16; source pages retrieved and reviewed | Staffing & HR issue-resolution pass — 2026-08-22; current company site and public company profile retrieved and reviewed"
Insurance,Truepath Insurance,Business,,sales@trytruepath.com,215-653-8411,https://www.trytruepath.com/,"Nationwide, including an explicit Ohio cannabis insurance offering",Insurance,Source-verified,"Flag cleared: Truepath now publishes an explicit Ohio Cannabis Insurance offering, so Ohio availability is no longer an open question. This resolves the earlier ""licensed nationwide vs. 36 states"" ambiguity. No individual applies — presents a sales route rather than a designated public executive.",https://www.trytruepath.com/,"Research pass — 2026-08-14; QA'd 2026-08-14 | Batch 5 audit, 2026-08-15; source pages retrieved and reviewed | Pass 1 research (round 2), 2026-08-16; source pages retrieved and reviewed | Reconciliation pass against a duplicate/older-snapshot research round, 2026-08-16; source pages retrieved and reviewed"
Cultivator / Processor / Dispensary,Trulieve Ohio,Business,Christine Hersey — Chief Corporate Affairs & Strategy Officer,Christine.Hersey@Trulieve.com,424-202-0210,https://www.trulieveoh.com/shop/,Statewide Ohio (8 locations),Cannabis Operator,Source-verified,"Current Ohio footprint confirmed at eight locations. Address-level reconciliation maps Harvest of Ohio, LLC licenses CCD000030-00, CCD000032-00 and CCD000204-00 to operating Trulieve storefronts in Columbus/Clintonville, Beavercreek and Columbus/German Village. Harvest Grows, LLC licenses CCD000198-00 and CCD000229-00 operate as Trulieve-branded dispensaries in Cincinnati and Lorain under a licensing arrangement; CCC000043-00 is the same entity's Ironton cultivation facility and is not treated as a storefront. Harvest of Ohio's provisional CCD000203-00 at 4298 Mayfield Rd, South Euclid remains unresolved and is not attributed to an operating Trulieve store. Documented vendor relationship: DEM360 names Trulieve among its cannabis clients; specific Ohio-facility attribution is not established.","https://www.trulieveoh.com/shop/ | https://www.cannabisbusinesstimes.com/us-states/ohio/news/15737870/trulieve-opening-5th-ohio-dispensary-in-columbus | https://www.cannabisbusinesstimes.com/dispensary/news/15774129/trulievebranded-dispensary-opening-in-findlay-ohio | Ohio DCC Current Roster, Harvest of Ohio, LLC and Harvest Grows, LLC","Organizations | Batch 3 audit, 2026-08-14; source pages retrieved and reviewed | Pass 2 B2B relationship mapping (round 2), 2026-08-16; source pages retrieved and reviewed | DCC legal-entity → trade-name mapping, 2026-08-23; source pages retrieved and reviewed; roster-verified"
Nonprofit & Advocacy,Truth Initiative,Nonprofit,Kathy Crosby — President and CEO,,202-454-5561,https://truthinitiative.org/,Ohio statewide campaign / United States,Nonprofit / Advocacy; Public Health; Cannabis Prevention; Education / Research; Campaign Evaluation,Source-verified,"National public-health nonprofit with a direct, current Ohio cannabis role. In July 2026 it announced a partnership with OneOhio Recovery Foundation to provide research, message testing, evaluation and strategic advisory services for Ohio's statewide cannabis education and prevention campaigns. This is a prevention/public-health perspective; inclusion maps the ecosystem and is not an endorsement of its policy position.",https://truthinitiative.org/press/press-release/truth-initiative-brings-national-award-winning-behavior-change-expertise-ohio | https://truthinitiative.org/what-we-do/featured-partnerships,Research pass — 2026-08-22; source pages retrieved and reviewed
Legal & Licensing,Tucker Ellis LLP,Business,"Victoria L. Vance — Partner, Cleveland; Joseph Koncelik — cannabis practice contact",,216-696-3360,https://www.tuckerellis.com/services/cannabis/,Ohio and additional regulated markets,Legal; Licensing,Source-verified,Current cannabis practice confirmed; second current practice contact added.,https://www.tuckerellis.com/services/cannabis/,"Research pass — 2026-08-14; QA'd 2026-08-14 | Batch 6 audit, 2026-08-15; source pages retrieved and reviewed"
Nonprofit & Advocacy,U.S. Hemp Roundtable,Nonprofit,Jonathan Miller — General Counsel,info@hempsupporter.com,,,National — active Ohio policy advocacy,Nonprofit / Advocacy; Policy Advocacy,Source-verified,"National hemp-industry advocacy coalition. Split from a combined row that also carried the Cornbread Hemp product brand; the two are separate organizations and are now listed separately. Jim Higdon is associated with Cornbread Hemp rather than being Roundtable staff, so the contact was moved with that entry. No Ohio chapter, affiliate or Ohio-based contact identified. National organizational contact; does not establish an Ohio-specific chapter or contact.",https://www.cannabismarketspotlight.com/ohio/home,"IgniteIt Network | Batch 2 audit, 2026-08-14; source pages retrieved and reviewed | Pass 1 research, 2026-08-16; source pages retrieved and reviewed | Reconciliation pass against a duplicate/older-snapshot research round, 2026-08-16; source pages retrieved and reviewed"
Staffing & HR,University of Cincinnati — Cannabis Studies Certificate,Nonprofit,DAAP Admissions,daap-admissions@uc.edu,513-556-1376,https://www.daap.uc.edu/academic-programs/school-of-planning/cannabis-studies-certificate.html,Cincinnati / Ohio,Staffing / HR; Employee Training; Workforce Development; Higher Education,Source-verified,"Current multidisciplinary Cannabis Studies Certificate explicitly designed to improve employment readiness across cultivation, processing, testing, dispensaries and ancillary services. Available to UC degree students and qualifying non-matriculated students.",https://www.daap.uc.edu/academic-programs/school-of-planning/cannabis-studies-certificate.html,Staffing & HR research pass — 2026-08-22; source pages retrieved and reviewed
Cultivator / Processor / Dispensary,UpLift,Business,Kyle Graef — Digital Marketing & Account Management,info@upliftohio.com,Milford: 513-587-8787 | Mt. Orab: 513-399-8377,https://www.upliftohio.com/,"Milford and Mt. Orab, Ohio",Cannabis Operator,Source-verified,"Current first-party pages confirm Milford and Mt. Orab as the two operating UpLift stores, both exact-address matches to Cascade Southern Ohio, LLC / CCD000085-00 and CCD000078-00. UpLift labels a third Miamitown location coming soon, but does not publish an address linking it to provisional CCD000179-00 at 6175 Hamilton Cleves Rd; provisional CCD000220-00 at 1990 Ronald Reagan Dr also lacks a current storefront attribution. Both provisionals remain confined to DCC Reconciliation.","https://www.upliftohio.com/ | https://www.upliftohio.com/miamitown/ | Ohio DCC Current Roster, Cascade Southern Ohio, LLC / CCD000078-00, CCD000085-00, CCD000179-00 and CCD000220-00","Original expo CRM | Research cleanup — 2026-08-14; QA'd 2026-08-14 | Batch 3 audit, 2026-08-14; source pages retrieved and reviewed | DCC legal-entity → trade-name mapping, 2026-08-23; source pages retrieved and reviewed; roster-verified"
Banking & Financial Services,Upwise Capital,Business,,funding@upwisecapital.com,646-837-5522,https://upwisecapital.com/cannabis-loans/ohio-cannabis-loan/,Ohio | United States,Banking / Financial Services; Lending / Financing,Source-verified,"Current first-party Ohio page offers working-capital, equipment and real-estate financing. Upwise is a financing marketplace/broker network, not a depository bank. Vendor regulatory prose is not current legal authority.",https://upwisecapital.com/cannabis-loans/ohio-cannabis-loan/ | https://upwisecapital.com/contact-form/,"Banking & Financial Services audit, 2026-08-22; source pages retrieved and reviewed"
Hemp / CBD Products & Ancillary,Urban Artifact / Coastalo (Grayscale Brewing LLC),Business,Scott Hand — Co-Founder / Chief Brand Officer,orders@artifactbeer.com,513-542-4222,https://www.coastalo.com/,Cincinnati / Ohio — sales currently protected by federal preliminary injunction,Hemp / CBD; Hemp-derived THC; THC Soda; Beverage Manufacturing; Ohio Hemp Litigation,Source-verified,"Cincinnati fruit brewery and producer of Coastalo hemp-derived Delta-9 THC sodas. Current status resolved: Coastalo's live site states that sales resumed June 16 and provides online ordering and a product locator. On July 13, 2026, the federal court entered a preliminary injunction protecting named plaintiff Grayscale Brewing and downstream possessors, sellers, distributors and consumers of its federally defined hemp products from Senate Bill 56 enforcement; on July 20 the court denied Ohio's request to stay that injunction pending appeal. This is interim, plaintiff/product-specific protection rather than a final merits ruling or general authorization for unrelated hemp products.",https://www.coastalo.com/ | https://artifactbeer.com/ | https://law.justia.com/cases/federal/district-courts/ohio/ohndce/3%3A2026cv01300/328402/76/ | https://law.justia.com/cases/federal/district-courts/ohio/ohndce/3%3A2026cv01300/328402/83/,"Hemp / CBD research pass — 2026-08-22; source pages retrieved and reviewed | Hemp legal-status resolution pass, 2026-08-23; first-party storefront and current court orders retrieved and reviewed"
Nonprofit & Advocacy,US Cannabis Roundtable,Nonprofit,Saphira Galoob — CEO,Press@USCR.org,,https://uscr.org/contact/,"United States, including Ohio through members operating in all legal states",Nonprofit / Advocacy,Source-verified,"DISPOSITION — CONFIRMED. USCR is the current national trade association formed by the 2025 combination of the National Cannabis Roundtable and U.S. Cannabis Council; its current site says members operate in every legal-cannabis state, including Ohio. The predecessor legal entity The Roundtable / National Cannabis Roundtable is documented as 501(c)(6), EIN 83-3468839. The exact post-merger legal-entity continuity is not separately disclosed. The published direct inbox is media-specific; general inquiries should use the official contact form.",https://uscr.org/ | https://uscr.org/contact/ | https://uscr.org/newsroom/ | https://projects.propublica.org/nonprofits/organizations/833468839,"Research pass — 2026-08-14; source pages retrieved and reviewed; Batch 10 audit — 2026-08-15; source pages retrieved and reviewed; 2025 NCR/USCC combination and current CEO confirmed | Nonprofit issue-resolution pass, 2026-08-22; source pages retrieved and reviewed | Nonprofit & Advocacy outreach-enrichment pass, 2026-08-23; source pages retrieved and reviewed"
Real Estate / Build-Out,VALERE Architects,Business,"Matthew O'Boyle, RA, AIA — Founder & CEO",info@valerearchitects.com,413-875-8748,https://www.valerearchitects.com/ohio-cannabis-architects,Ohio,Real Estate / Build-Out,Source-verified,"VALERE’s current first-party cannabis and Matthew O’Boyle pages publish the firm’s organizational email and main phone. Ohio cannabis-design work remains current. Documented professional affiliate relationship, not a client claim: Sapphire Risk Advisory Group.",https://www.valerearchitects.com/ohio-cannabis-architects | https://www.valerearchitects.com/cannabis | https://www.valerearchitects.com/team/matthew-o%27boyle%2C-ra%2C-aia,"Research pass — 2026-08-14; QA'd 2026-08-14 | Batch 4 audit, 2026-08-15; source pages retrieved and reviewed | Pass 2 B2B relationship mapping (round 3), 2026-08-16; source pages retrieved and reviewed | Real Estate / Security / Hemp residual outreach pass, 2026-08-23; source pages retrieved and reviewed"
Staffing & HR,Vangst,Business,Karson Humiston — Founder & CEO,,,https://vangst.com/employer/,Ohio,Staffing / HR; Staffing / Recruiting,Source-verified,"Dedicated Ohio page explicitly offers temporary staffing and direct hire for Ohio cannabis companies; current Ohio cannabis job activity confirms direct market coverage. DISPOSITION — FORM-ONLY TERMINAL: Vangst's current employer page routes hiring inquiries through its live Start Hiring / job-order flow. No readable first-party general email or phone was found, and payroll support or company-directory contacts were not repurposed as sales routes.",https://vangst.com/ | https://vangst.com/employer/ | https://vangst.com/cannabis-regulations/ohio/,"Research pass — 2026-08-14; QA'd 2026-08-14 | Batch 4 audit, 2026-08-15; source pages retrieved and reviewed | Pass 1 research, 2026-08-16; source pages retrieved and reviewed | Reconciliation pass against a duplicate/older-snapshot research round, 2026-08-16; source pages retrieved and reviewed | Staffing & HR pass, 2026-08-22; source pages retrieved and reviewed | Staffing & HR outreach-enrichment pass, 2026-08-23; form-only terminal disposition"
Security & Cash Logistics,Vector Security,Business,Jeffery Gall,,614-367-7820; 800-875-3960,https://www.vectorsecurity.com/business-security/industries/cannabis/,"Ohio — Geneva, Westerville, Mansfield and Canfield",Security / Cash Logistics,Source-verified,"Current first-party pages confirm a dedicated cannabis-industry security practice and Ohio branches in Geneva, Westerville, Mansfield and Canfield. A named Ohio DCC project is not required to establish vendor availability. Verify site-specific retention, monitoring and access-control configuration against current Ohio requirements before contracting.",https://www.vectorsecurity.com/business-security/industries/cannabis/ | https://www.vectorsecurity.com/service-areas/,"Research pass — 2026-08-14; QA'd 2026-08-14 | Batch 5 audit, 2026-08-15 | Security & Cash Logistics pass, 2026-08-22; source pages retrieved and reviewed"
Marketing & Media,VEOOZ,Business,Victor C. Fuentes — CEO & Co-Founder; Head of SEO,info@veooz.com,888-VEOOZ88,https://dispensaries.veooz.com/healthcare-marketing/state/ohio,Ohio statewide,Marketing / Media,Source-verified,Flag cleared: dedicated current statewide Ohio dispensary-marketing page establishes Ohio availability.,https://dispensaries.veooz.com/healthcare-marketing/state/ohio,"Research pass — 2026-08-14; QA'd 2026-08-14 | Batch 6 audit, 2026-08-15; source pages retrieved and reviewed | Pass 1 research (round 4), 2026-08-16; source pages retrieved and reviewed | Marketing & Media audit, 2026-08-22; source pages retrieved and reviewed"
Cultivator / Processor / Dispensary,Verano / Zen Leaf,Business,"Steve Mazeika — Vice President, Communications",steve.mazeika@verano.com,312-348-4430,https://investors.verano.com/news-releases/news-release-details/verano-announces-fourth-quarter-and-full-year-2025-financial,"6 Ohio dispensaries: Antwerp, Bowling Green, Canton, Cincinnati, Riverside/Dayton, Newark",Cannabis Operator; Dispensary / Retail,Source-verified,"Current Ohio footprint confirmed at six dispensaries, including Zen Leaf Antwerp.DCC roster-verified: all 6 locations confirmed active under six different legal entities (Mother Grows Best LLC, Glass City Alternatives LLC, Mother Know's Best LLC, GreenRx LLC, Mad River Remedies LLC, Ohio Natural Treatment Solutions LLC) — no shared naming pattern, similar fragmentation to Story Cannabis above.",https://investors.verano.com/news-releases/news-release-details/verano-announces-fourth-quarter-and-full-year-2025-financial,"Organizations | Batch 3 audit, 2026-08-14; source pages retrieved and reviewed | DCC address-finding reconciliation pass, 2026-08-17; source pages retrieved and reviewed; roster-verified"
Out of scope — flagged for removal or separate list,Verdant Creations (historical brand / DCC legal-name cross-reference),Business,,,,https://ohio.greenlightdispensary.com/locations/,Historical legal-name footprint; current consumer outreach consolidated to Greenlight row 18,Cannabis Operator; Dispensary / Retail,Source-verified,"Moved out of the publishable operator category as a historical-brand/legal-name cross-reference. Current Greenlight records show the former Verdant Columbus address and phone under Greenlight, and the current outreach route is consolidated at row 18. This row is retained for DCC and acquisition provenance only; it is not a standalone current referral target.","https://ohio.greenlightdispensary.com/locations/ | https://investors.crescolabs.com/news/news-details/2021/Cresco-Labs-Closes-Acquisition-of-Verdant-Creations-Four-Dispensaries-Reaches-Maximum-Retail-Licenses-in-Ohio/default.aspx | Ohio DCC Current Roster, CCD000012-00 / 013-00 / 014-00 / 129-00 / 158-00","Added via relationship-resolution finding, 2026-08-16; source pages retrieved and reviewed | Cultivator / Processor / Dispensary issue-resolution pass, 2026-08-22; source pages retrieved and reviewed; DCC roster checked | Operator outreach-enrichment pass, 2026-08-22; source pages retrieved and reviewed; historical-brand consolidation"
Accounting & Tax,Verdant Strategies (formerly 420CPA),Business,Rachel Wright — Founder & CEO,info@verdantstrategies.com,310-807-0255,https://verdantstrategies.com/,Ohio market expertise | United States and international,Accounting; Tax,Source-verified,"420CPA → Verdant Strategies rebrand cleanly confirmed, along with Wright's title.",https://verdantstrategies.com/about-us | https://420cpa.com/,"Research pass — 2026-08-14; QA'd 2026-08-14 | Batch 8 audit, 2026-08-15; source pages retrieved and reviewed"
Insurance,Verde Insurance,Business,,,833-837-3346,https://verdeins.com/,All 50 states,Insurance,Source-verified,"Flag cleared: current 2026 operation, cannabis/hemp/CBD specialization and all-50-state footprint confirmed. No individual applies — site explicitly routes prospects to a cannabis specialist team, not a named person.",https://verdeins.com/,"Research pass — 2026-08-14; QA'd 2026-08-14 | Batch 4 audit, 2026-08-15; source pages retrieved and reviewed | Pass 1 research (round 2), 2026-08-16; source pages retrieved and reviewed | Reconciliation pass against a duplicate/older-snapshot research round, 2026-08-16; source pages retrieved and reviewed"
Security & Cash Logistics,Verkada,Business,,,650-514-2500,https://www.verkada.com/,Ohio project experience — Eastlake cultivation facility and Amplify dispensaries; United States and Canada,Security / Cash Logistics; Video Surveillance; Access Control; Alarm / Panic Systems; Environmental Monitoring; Cloud Security,Source-verified,"Current first-party Ohio deployment: Verkada's Buckeye Relief case study documents cameras, alarms, access control, air-quality sensors, the Command platform and a viewing station across the Eastlake cultivation operation and Ohio Amplify dispensaries. This is strong deployment evidence; any market or regulatory statements in the vendor case study should not be cited as current Ohio DCC law.",https://www.verkada.com/customers/buckeye-relief/ | https://www.verkada.com/contact/,"Security & Cash Logistics pass, 2026-08-22; source pages retrieved and reviewed"
Packaging & Labeling,Vert Packaging,Business,Dustin Steerman — Founder & CEO,sales@vertpack.com,610-906-6700,https://www.vertpack.com/,Statewide / Multi-Market,Packaging / Labeling,Source-verified,"Current official site publishes a sales inbox, phone and contact form and presents active cannabis/CPG packaging capabilities. A 2026 facility announcement confirms Dustin Steerman as Founder & CEO. Nationwide capability is supported; no Ohio client relationship is inferred.",https://ochbs.com/speakers/; https://www.vertpack.com/pages/contact; https://www.vertpack.com/pages/cannabis-products; https://www.nosh.com/pr/2026/08/11/vert-opens-colorado-packaging-facility-built-for-the-next-generation-of-cpg-brands,"Organizations | Speakers | Batch 1 audit, 2026-08-15; Packaging outreach-enrichment pass, 2026-08-23; official contact, cannabis-products and current company-announcement sources reviewed"
Nonprofit & Advocacy,Veteran Home Guardians,Nonprofit,Travis Vought — Founder & President,VeteranHomeGuardians@gmail.com,614-623-6330,https://www.vethomeguard.org,"Marengo, Ohio; Central Ohio — Morrow, Knox, Delaware and Licking counties",Nonprofit / Advocacy; Veteran Services / Advocacy; Policy Advocacy,Source-verified,"501(c)(3) nonprofit (EIN 33-4637180) placing veteran-and-spouse pairs in nursing facilities for weekly paid visits, alongside free home maintenance, repairs, transportation and companionship for disabled, isolated and homebound veterans. Weekly visits run at Bennington Glen, Centerburg Pointe and Woodside Village in Mount Gilead. Travis Vought participated on the Ohio Cannabis Expo legislative panel, 3–4 PM.","https://www.vethomeguard.org/contact-3 | https://www.ohiocannabisexpo.com/ | Event Roster RST-001; confirmed by Travis Vought, 12 Aug 2026",Organizations | Warm Contacts; official website retrieved and reviewed — 2026-08-15
Nonprofit & Advocacy,Veterans Initiative 22,Nonprofit,Shanetha Lewis — Executive Director,info@veteransinitiative22.com,,https://www.veteransinitiative22.com/contact,National / documented Ohio advocacy activity,Nonprofit / Advocacy; Veteran Services / Advocacy; Policy Advocacy,Source-verified,"Veteran-focused federally approved 501(c)(3) advocating for medical-cannabis access, including for veterans living with PTSD and chronic pain. Shanetha Lewis is Executive Director. The organization co-convened a June 17, 2025 medical-cannabis town hall in Chesterland, Ohio. Its current first-party contact page publishes a general organizational inbox.",https://www.veteransinitiative22.com/ | https://www.veteransinitiative22.com/contact | https://www.veteransinitiative22.com/team | https://www.safeaccessnow.org/emergency_town_hall_to_address_urgent_threat_to_federal_medical_cannabis_protections,"Research pass — 2026-08-14; source pages retrieved and reviewed; Batch 11 audit — 2026-08-15; source pages retrieved and reviewed | Nonprofit & Advocacy outreach-enrichment pass, 2026-08-23; source pages retrieved and reviewed"
Cultivator / Processor / Dispensary,Vext Science / Appalachian Pharm / Herbal Wellness Center / The Hive,Business,"Eric Offenberger — CEO, Vext Science",investors@vextscience.com,844-211-3725,https://vextscience.com/,Ohio statewide; Jackson cultivation and manufacturing; Herbal Wellness Center retail footprint including Columbus,Cannabis Operator; Cultivation; Processing; Dispensary / Retail,Source-verified,"Vext's Ohio platform includes Appalachian Pharm cultivation/manufacturing and Herbal Wellness Center retail. The current DCC roster places active Jackson cultivator CCC000022-00 under Appalachian Pharm Products LLC at the same 16064 Beaver Pike facility documented by Vext and Appalachian Pharm. App1803 LLC / CCD000033-00 resolves to Herbal Wellness Center Columbus at the exact 2950 E Main St address. Appalachian Pharm Processing LLC / CCP000018-00 folds into the Vext/Appalachian family at the exact Jackson facility; that supplied processor record is absent from the current DCC Current Roster tab, so its activity is not independently counted as current. Appalachian Pharm Products CCD000299-00 at 4410 Roberts Rd remains provisional and is not assigned to a storefront without exact-address evidence.","https://vextscience.com/leadership/ | https://appalachianpharm.com/ | https://www.vextscience.com/news/news-details/2023/Vext-Science-Announces-First-Harvest-from-Ohio-Cultivation-Facility/default.aspx | https://www.vextscience.com/news/news-details/2025/Vext-Completes-Ohio-Expansion-Transaction-Expanding-Ohio-Retail-Presence-to-Four-Dispensaries/default.aspx | https://ohiocapitaljournal.com/2024/08/06/list-heres-where-you-can-buy-recreational-marijuana-in-ohio-tuesday/ | Ohio DCC Current Roster, Appalachian Pharm Products LLC / CCC000022-00 and CCD000299-00; App1803 LLC / CCD000033-00 | Batch 3 supplied DCC record, Appalachian Pharm Processing LLC / CCP000018-00","Organizations | Batch 1 audit, 2026-08-14; source pages retrieved and reviewed | DCC legal-entity → trade-name mapping Batch 2, 2026-08-23; source pages retrieved and reviewed; roster-verified | DCC legal-entity → trade-name mapping Batch 3, 2026-08-23; source pages retrieved and reviewed; roster-verified"
Staffing & HR,Viridian Staffing,Business,"Kara Bradford, MBA, MM — CEO & Chief Talent Officer",,800-420-4954,https://www.viridianstaffing.com/,"North America, including Ohio",Staffing / HR; Staffing / Recruiting,Source-verified,"Current Ohio recruiting activity directly evidenced, including Columbus-area cannabis positions.",https://www.viridianstaffing.com/,"Research pass — 2026-08-14; QA'd 2026-08-14 | Batch 4 audit, 2026-08-15; source pages retrieved and reviewed | Pass 1 research, 2026-08-16; source pages retrieved and reviewed | Reconciliation pass against a duplicate/older-snapshot research round, 2026-08-16; source pages retrieved and reviewed"
Legal & Licensing,"Vorys, Sater, Seymour and Pease LLP",Business,Jabari A. Shaw — Associate | Michael M. Stojsavljevic — Associate,jashaw@vorys.com,513-723-4612,https://www.vorys.com/industry-cannabis,Ohio statewide,Legal; Licensing,Source-verified,"Current Vorys cannabis-industry page identifies Jabari A. Shaw as a direct industry contact and confirms active Ohio cannabis, hemp and CBD representation. The current 2026 Ohio Cannabis Health & Business Summit roster continues to list both Jabari Shaw and Michael Stojsavljevic as Vorys associates. Current first-party direct route for the row: jashaw@vorys.com and 513-723-4612.",https://www.vorys.com/industry-cannabis | https://events.vorys.com/endorsement-webinar | https://ochbs.com/speakers/jabari-a-shaw/ | https://ochbs.com/speakers/,"Organizations | Speakers | Batch 3 audit, 2026-08-14; source pages retrieved and reviewed | Legal & Licensing outreach-enrichment pass, 2026-08-23; first-party practice and contact routes reviewed"
Out of scope — flagged for removal or separate list,Vote Hemp,Nonprofit,Eric Steenstra — President,,(202) 318-8999,https://www.votehemp.com/,United States; Ohio page exists but is materially outdated,Nonprofit / Advocacy,Source-verified,"DISPOSITION — REFUTED for current Ohio scope. Vote Hemp remains a legitimate national hemp-policy nonprofit, but its Ohio page still says hemp farming is illegal and provides obsolete program information. No current Ohio campaign, partner or contact was found. Retained only as provenance/separate-list context; never cite the Ohio page as current law.",https://www.votehemp.com/ | https://www.votehemp.com/states/ohio-hemp-law/ | https://www.votehemp.com/about-vote-hemp/contact/,"Research pass — 2026-08-14; Ohio-presence verification pass — 2026-08-14; source pages retrieved and reviewed; Batch 11 audit — 2026-08-15; source pages retrieved and reviewed | Pass 1 research (round 11, from v54 queue), 2026-08-16; source pages retrieved and reviewed | Nonprofit issue-resolution pass, 2026-08-22; source pages retrieved and reviewed"
Technology,WebJoint,Business,,info@webjoint.com,323-405-8303,https://www.webjoint.com/cannabis-resources/regulations/ohio,Ohio,Technology; Metrc / Track-and-Trace,Source-verified,"Ohio regulations page independently confirmed accurate on Metrc, purchase limits and delivery status. No individual applies — company routes prospective operators through its demo/sales team.",https://www.webjoint.com/cannabis-resources/regulations/ohio,"Research pass — 2026-08-14; QA'd 2026-08-14 | Batch 5 audit, 2026-08-15; source pages retrieved and reviewed | Pass 1 research (round 3), 2026-08-16; source pages retrieved and reviewed | Reconciliation pass against a duplicate/older-snapshot research round, 2026-08-16; source pages retrieved and reviewed | Technology audit, 2026-08-22; source pages retrieved and reviewed"
Consulting,WeCann,Business,Meilad Rafiei — CEO & Broker of Record,meilad@wecann.biz,714-393-3077,https://www.wecannca.com/services/general-consulting/,Nationwide,Consulting; Regulatory Compliance; Real Estate; Staffing / Recruiting,Source-verified,"Full-service consulting covering licensing, commercial real estate, compliance maintenance, operations, staffing, financial planning and expansion strategy. Contact: Contact form on source page WeCann is now Canna Resource Corporation's in-house brokerage/compliance/licensing team.",https://www.wecannca.com/services/general-consulting/,"Research pass — 2026-08-14; source pages retrieved and reviewed; Batch 10 audit — 2026-08-15; source pages retrieved and reviewed | Pass 1 research (round 10, from v53 queue), 2026-08-16; source pages retrieved and reviewed"
Technology,Weedmaps for Business,Business,,,,https://weedmaps.com/business/,Ohio; United States state-legal markets,Technology; Ecommerce / Online Ordering; Advertising,Source-verified,"Current Ohio listings, menus and pickup/ordering coverage confirm the business platform serves Ohio. Weedmaps' current Ohio delivery page says delivery is unavailable, so delivery capability is not claimed for Ohio. FORM-ONLY TERMINAL: current business pages route prospects through Get started/Add a business intake. Consumer help email and phone were not repurposed as business-development contacts.",https://weedmaps.com/business/ | https://weedmaps.com/add-a-business | https://weedmaps.com/dispensaries/in/united-states/ohio | https://weedmaps.com/deliveries/in/united-states/ohio,"Research pass — 2026-08-14; QA'd 2026-08-14 | Batch 6 audit, 2026-08-15 | Pass 1 research (round 4), 2026-08-16; source pages retrieved and reviewed | Technology audit, 2026-08-22; source pages retrieved and reviewed | Technology outreach enrichment, 2026-08-23; form-only intake verified"
Legal & Licensing,WH Burkley (formerly Walter Haverfield LLP),Business,John N. Neal — Partner,,216-619-7866,https://www.walterhav.com/service/cannabis-law/,"Ohio (Cleveland, Mayfield, Columbus); also Pittsburgh PA and Wheeling WV",Legal; Licensing,Source-verified,"MATERIAL RENAME — Walter Haverfield merged with Pittsburgh-based Bernstein-Burkley effective February 1, 2026, and the combined 70+ lawyer firm now operates as WH Burkley (Kirk Burkley, Managing Partner). Independently confirmed via the firm's own merger release and FAQ, its new whburkley.com domain, and Cleveland Jewish News coverage. The cannabis practice survives the merger — the firm's own release names cannabis among its differentiated sector capabilities — and John N. Neal remains the relevant contact. Note walterhav.com still resolves during the brand transition.",https://www.walterhav.com/service/cannabis-law/,"Research pass — 2026-08-14; QA'd 2026-08-14 | Batch 6 audit, 2026-08-15; source pages retrieved and reviewed"
Staffing & HR,White Ash Group,Business,Jerome Hoyte — Co-Founder; Graydon Welbourn — Co-Founder,hello@whiteashgroup.com,,https://www.whiteashgroup.com/,"United States, Canada and Europe",Staffing / HR,Source-verified,Co-founders and geographic positioning both confirmed current.,https://www.whiteashgroup.com/wag-cannabis-recruitment-services,"Research pass — 2026-08-14; QA'd 2026-08-14 | Batch 7 audit, 2026-08-15; source pages retrieved and reviewed"
Out of scope — flagged for removal or separate list,Wick & Mortar,Business,Jared Mirsky — Founder & CEO,info@wickandmortar.com,501-420-4363,https://www.wickandmortar.com/contact/,Los Angeles / national; no current Ohio cannabis client/project established,Marketing / Media; Advertising; Branding / Design,Source-verified,"Retained on the separate list as a current cannabis-focused branding agency, but removed from the publishable Ohio referral set. Its current first-party site documents national/global cannabis branding capability and a Los Angeles contact footprint, but no current Ohio-licensed client or Ohio project. The current 2026 contact page reconfirms info@wickandmortar.com and 501-420-4363.",https://www.wickandmortar.com/ | https://www.wickandmortar.com/our-services/ | https://www.wickandmortar.com/contact/,"Research pass — 2026-08-14; Batch 10 audit — 2026-08-15; source pages retrieved and reviewed | Marketing & Media audit, 2026-08-22; source pages retrieved and reviewed | Marketing & Media national-padding disposition, 2026-08-23; current source pages retrieved and reviewed"
Technology,Willow Industries,Business,"Jill Ellsworth, MS, RDN — Founder & CEO",Contact@WillowIndustries.com,855-921-6886,https://willowindustries.com/,Ohio; United States,Decontamination / Remediation; Mold / Microbial; Post-Harvest Processing; Processing,Source-verified,"Ohio availability confirmed by Willow's current Ohio-specific operator onboarding/support page. WillowPure provides post-harvest microbial decontamination and microbial-management services. Vendor regulatory prose is service context, not current Ohio law.",https://willowindustries.com/blog/ohio-cannabis-compliance-microbial-rules-recall-prevention/ | https://willowindustries.com/,"Facility & EHS gap research — 2026-08-16; source pages retrieved and reviewed | Pass 1 research (round 12, final), 2026-08-16; source pages retrieved and reviewed | Technology audit, 2026-08-22; source pages retrieved and reviewed"
Accounting & Tax,Withum,Business,Steven Monacelli — Partner / Cannabis Services Team Leader,,561-210-9351,https://www.withum.com/our-people/steven-monacelli/,Nationwide,Accounting; Tax,Source-verified,"Withum’s current profile publishes Steven Monacelli’s direct phone and a named contact route. He remains Partner and Team Leader, Cannabis Services, serving cannabis clients nationwide; the number is appropriate for cannabis accounting and tax inquiries.",https://www.withum.com/industries/industrial-and-consumer-products/cannabis-sector-services/ | https://www.withum.com/our-people/steven-monacelli/,"Research pass — 2026-08-14; QA'd 2026-08-14 | Batch 8 audit, 2026-08-15; source pages retrieved and reviewed | Accounting & Tax outreach-enrichment pass, 2026-08-23; source pages retrieved and reviewed"
Events & Expos,Women's Cannabis & Wellness Expo,Nonprofit,"Gabrielle Dion — Founder & Publisher, MedicateOH",medicateOH@gmail.com,513-702-4776,https://medicateoh.com/womens-cannabis-expo-2/,West Chester / Greater Cincinnati,Events / Expos; Women's Health; Cannabis Wellness; Patient Education; Licensed Vendors; Speakers; Sponsorships,Source-verified,"The Women's Cannabis & Wellness Expo is scheduled for November 7, 2026 at the Marriott Cincinnati North in West Chester. MedicateOH is the active organizer; Gabrielle Dion remains identified as founder/publisher, with the published email and phone retained as actionable contact routes.",https://medicateoh.com/womens-cannabis-expo-2/ | https://www.eventbrite.com/e/womens-cannabis-wellness-expo-tickets-1993962022084,Events & Expos research pass — 2026-08-22; source pages retrieved and reviewed | Events currency QA — 2026-08-22; source pages retrieved and reviewed
Cultivator / Processor / Dispensary,Woodward Fine Cannabis (formerly Pollen),Business,,,740-262-8198,https://woodwardcannabis.com/locations/woodward-delaware/,"Delaware, Ohio",Dispensary / Retail,Source-verified,"The current Woodward site replaces the stale Pollen URL and supplies the store phone and current 222 E. William Street address. This remains a rebrand under Bear River Acquisition Company LLC, not a separate new operator.",https://woodwardcannabis.com/ | https://woodwardcannabis.com/locations/woodward-delaware/ | Ohio DCC active licensee roster (CCD000094-00),"DCC address-finding reconciliation pass, 2026-08-17; source pages retrieved and reviewed; roster-verified | Operator outreach-enrichment pass, 2026-08-22; source pages retrieved and reviewed"
Insurance,World Insurance Associates,Business,Michael DeNault — Cannabis Practice Leader,yourteam@worldinsurance.com,845-250-9774,https://www.worldinsurance.com/product/cannabis-insurance,United States (all continental states); Ohio offices including Boardman/Youngstown,Insurance,Source-verified,"Flag cleared: cannabis coverage is current, World states it writes in all continental states, and it now has Ohio offices including Boardman/Youngstown. Cannabis team contact route added. Extensively corroborated — trade press, industry conference programs (Insuring Cannabis Summit) and his own team's content all confirm the role.",https://www.worldinsurance.com/product/cannabis-insurance,"Research pass — 2026-08-14; QA'd 2026-08-14 | Batch 5 audit, 2026-08-15; source pages retrieved and reviewed | Pass 1 research (round 2), 2026-08-16; source pages retrieved and reviewed"
Banking & Financial Services,Wright-Patt Credit Union,Business,"Heather Leitelt — Manager, MRB Program",,,https://www.wpcu.coop/business/mrb-banking,Ohio — statewide,Banking / Financial Services; Credit Union,Source-verified,"Current first-party MRB page confirms Ohio banking, ACH, wires, online banking, lending and preferred cash-transport services. Documented compliance-platform relationship with Green Check remains mapped separately; the prior unsupported market-share figure was removed. FORM-ONLY TERMINAL: WPCU’s current MRB-specific contact form is the correct public intake and promises follow-up within two business days; consumer/member-service phone routes were not repurposed.",https://www.wpcu.coop/business/mrb-banking | https://www.wpcu.coop/contact-us/mrb-support,"Organizations | Speakers | Batch 1 audit, 2026-08-15; source pages retrieved and reviewed | Pass 2 B2B relationship mapping, 2026-08-16; source pages retrieved and reviewed | Banking & Financial Services audit, 2026-08-22; source pages retrieved and reviewed | Banking & Financial Services outreach-enrichment pass, 2026-08-23; form-only intake verified"
Staffing & HR,Würk,Business,Jillian DeHerrera — Director of Sales,,833-365-9875,https://enjoywurk.com/,United States | Multi-state operators,Staffing / HR; Payroll,Source-verified,Current cannabis-specific HCM/payroll/compliance platform; phone added.,https://enjoywurk.com/our-services-and-solutions/workforce-management-technology/human-resources-management/ | https://enjoywurk.com/news-and-resources/press/w-rk-symphony-grow-partner/,"Research pass — 2026-08-14; QA'd 2026-08-14 | Batch 7 audit, 2026-08-15; source pages retrieved and reviewed | Pass 1 research (round 5), 2026-08-16; source pages retrieved and reviewed"
Technology,XRpure,Business,Jeff Adams — Managing Director,,801-886-6100,https://xrpure.com/xr16/,"National; based in Las Vegas, Nevada",Technology; Decontamination / Remediation; Mold / Microbial; Post-Harvest Processing,Source-verified,"Cannabis decontamination technology. Title corrected: XRpure currently identifies Adams as Managing Director; no first-party support found for ""Founder,"" so that claim was dropped.",https://xrpure.com/applications/ | https://xrpure.com/contact/,"Original expo CRM | Research cleanup — 2026-08-14; QA'd 2026-08-14 | Batch 4 audit, 2026-08-15; source pages retrieved and reviewed | Technology audit, 2026-08-22; source pages retrieved and reviewed"
Out of scope — flagged for removal or separate list,Yerbalist,Business,,,,https://www.yerbalist.com/,United States; no current Ohio cannabis client/project established,Marketing / Media; Advertising,Source-verified,"Retained on the separate list as a current dispensary-advertising agency, but removed from the publishable Ohio referral set. The current site reports national cannabis campaign experience and accepts inquiries through its Work with us form, yet publishes no named current Ohio-licensed client or Ohio cannabis project. No direct email or phone is published; the form remains the terminal outreach route.",https://www.yerbalist.com/,"Research pass — 2026-08-14; QA'd 2026-08-14 | Batch 6 audit, 2026-08-15 | Pass 1 research (round 4), 2026-08-16; source pages retrieved and reviewed | Marketing & Media audit, 2026-08-22; source pages retrieved and reviewed | Marketing & Media outreach-enrichment pass, 2026-08-23; source pages retrieved and reviewed | Marketing & Media national-padding disposition, 2026-08-23; current source pages retrieved and reviewed"
Staffing & HR,Zane State College — Cannabis Certificate Programs,Nonprofit,,admissions@zanestate.edu,740-588-5000,https://cannabis.zanestate.edu/,Ohio / 100% online,Staffing / HR; Employee Training; Workforce Development; Cannabis Career Education,Source-verified,"Current online workforce program offering an eight-week Cannabis Associate Certificate and 16-week specialist certificates in cultivation, product development, retail and sales, compliance, and medical cannabis. Programs include career-focused credentials and access to an industry employer network. This replaces the older nine-week description. Zane State's current contact page publishes its admissions email and main phone; Green Flower provides course-platform support.",https://www.zanestate.edu/cannabis/ | https://cannabis.zanestate.edu/ | https://www.zanestate.edu/contact-us/ | https://cannabis.zanestate.edu/resource-center/,"Staffing & HR research pass — 2026-08-22; source pages retrieved and reviewed | Staffing & HR outreach-enrichment pass, 2026-08-23; source pages retrieved and reviewed"
Technology,Ziel,Business,Arthur de Cordova — CEO & Co-Founder,info@ziel.com,888-612-9895,https://www.ziel.com/,Ohio; United States and international markets,Decontamination / Remediation; Mold / Microbial; Post-Harvest Processing; Processing,Source-verified,"Ohio relevance confirmed by Ziel's current Ohio-specific operational discussion of RF decontamination. RFX/APEX use non-ionizing radio-frequency treatment. Vendor process, permitting and regulatory statements are service context, not legal authority.",https://www.ziel.com/press/gmp-cannabis-what-actually-applies-for-us-operators/ | https://www.ziel.com/faq/microbial-faq/ | https://www.ziel.com/,"Facility & EHS gap research — 2026-08-16; source pages retrieved and reviewed | Pass 1 research (round 12, final), 2026-08-16; source pages retrieved and reviewed | Technology audit, 2026-08-22; source pages retrieved and reviewed"
Real Estate / Build-Out,Zoned Properties,Business,Bryan McLaren — Chairman & Chief Executive Officer,clients@ZonedProperties.com,1-877-360-8839,https://zonedproperties.com/,Ohio advisory coverage | Nationwide,Real Estate / Build-Out; Commercial Real Estate; Site Selection; Zoning / Land Use; Brokerage,Source-verified,"Cannabis-focused commercial real-estate platform with an explicit Ohio service page covering compliant site identification, brokerage, zoning analysis and investment advisory. The current corporate site confirms Bryan McLaren as Chairman and CEO and provides the central client contact. Source-use caveat: the Ohio page still carries some older market statistics, so it is used here to verify service scope and Ohio availability, not current license or sales counts.",https://zonedproperties.com/ohio-cannabis-real-estate/ | https://zonedproperties.com/about/,Real Estate / Build-Out pass — 2026-08-22; source pages retrieved and reviewed
